id,from,to,action,actor,relation,conditions,range_transition,angle_transition,risk,follow_up_opportunity,tendency,confidence,sources,source_role,scenario,phase_timeline,contact_result,state_reset,bridge
E0001,N01_S0,N01_S1,JAB,A,attack / continuation,"{""distance"": ""long"", ""timing"": ""롱 레인지에서 B 머리로 잽 / 같은 손 재사용은 회수·지지면 확보가 전제"", ""stance"": ""OO"", ""foot_position"": ""neutral"", ""ring_position"": ""center"", ""positional_requirement"": ""머리·표적·손·지지면의 실제 경로가 겹치는지 확인; 진입 필요 시 표시한 거리 변경 스텝 완료"", ""physical"": ""리치·키·속도·피로에 따라 창이 달라짐""}",long → long,centerline aligned → centerline aligned,앞손 복귀 동안 같은 쪽 가드가 비며 단조로운 타이밍을 읽힐 수 있음,앞손 extension/recovery; 머리는 설계에 따라 center 또는 off-line,상황 의존적 / 성공률 미측정,biomechanical inference,"[""S01"", ""S02""]",기초 동작 또는 물리 원리의 근거; 이 전체 연쇄의 직접 검증 아님,N01,"[""startup"", ""extension / displacement"", ""impact attempt / evade"", ""recovery pending""]",미확정: 다음 방어·타이밍 분기에 따름,,
E0002,N01_S1,N01_S2,PARRY,B,defensive response,"{""distance"": ""long"", ""timing"": ""OO에서 뒷손 작은 패리; 머리 가드 전체가 열렸다고 가정하지 않음 / 같은 손 재사용은 회수·지지면 확보가 전제"", ""stance"": ""OO"", ""foot_position"": ""neutral"", ""ring_position"": ""center"", ""positional_requirement"": ""머리·표적·손·지지면의 실제 경로가 겹치는지 확인; 진입 필요 시 표시한 거리 변경 스텝 완료"", ""physical"": ""리치·키·속도·피로에 따라 창이 달라짐""}",long → long,centerline aligned → centerline aligned,반복 타이밍과 복귀를 읽힐 수 있음; 자동 빈틈 아님,parry hand slightly displaced; 복귀 가능,상황 의존적 / 성공률 미측정,coaching consensus,"[""S01"", ""S02"", ""S16""]",기초 관계의 복수 코칭 근거,N01,"[""startup"", ""extension / displacement"", ""impact attempt / evade"", ""recovery pending""]",미확정: 다음 방어·타이밍 분기에 따름,,
E0003,N01_S2,N01_S3,CJ,B,counter,"{""distance"": ""long"", ""timing"": ""A 앞손이 아직 복귀 중이고 B 앞손의 사거리 안 / 같은 손 재사용은 회수·지지면 확보가 전제"", ""stance"": ""OO"", ""foot_position"": ""neutral"", ""ring_position"": ""center"", ""positional_requirement"": ""머리·표적·손·지지면의 실제 경로가 겹치는지 확인; 진입 필요 시 표시한 거리 변경 스텝 완료"", ""physical"": ""리치·키·속도·피로에 따라 창이 달라짐""}",long → long,centerline aligned → centerline aligned,상대의 두 번째 공격에 다시 읽힘,lead extension/recovery; 즉시 방어 필요,상황 의존적 / 성공률 미측정,biomechanical inference,"[""S11"", ""S16""]",기초 동작 또는 물리 원리의 근거; 이 전체 연쇄의 직접 검증 아님,N01,"[""startup"", ""extension / displacement"", ""impact attempt / evade"", ""recovery pending""]",미확정: 다음 방어·타이밍 분기에 따름,,
E0004,N01_S3,N01_S4,SOUT,A,defensive response,"{""distance"": ""long"", ""timing"": ""B 잽의 바깥으로 작은 머리 이동; 두 번째 펀치 관찰 / 같은 손 재사용은 회수·지지면 확보가 전제"", ""stance"": ""OO"", ""foot_position"": ""neutral"", ""ring_position"": ""center"", ""positional_requirement"": ""머리·표적·손·지지면의 실제 경로가 겹치는지 확인; 진입 필요 시 표시한 거리 변경 스텝 완료"", ""physical"": ""리치·키·속도·피로에 따라 창이 달라짐""}",long → long,centerline aligned → head off punching line; body angle not automatic,다음 펀치 재조준·훅·균형 손실,head outside incoming punch; 발각도 자동 우위 아님,상황 의존적 / 성공률 미측정,coaching consensus,"[""S02"", ""S07"", ""S16""]",기초 관계의 복수 코칭 근거,N01,"[""startup"", ""extension / displacement"", ""impact attempt / evade"", ""recovery pending""]",미확정: 다음 방어·타이밍 분기에 따름,,
E0005,N01_S4,N01_S5,CC,A,counter,"{""distance"": ""long"", ""timing"": ""B 잽 회수 전 뒷손 통로·사거리 확보 / 같은 손 재사용은 회수·지지면 확보가 전제"", ""stance"": ""OO"", ""foot_position"": ""neutral"", ""ring_position"": ""center"", ""positional_requirement"": ""머리·표적·손·지지면의 실제 경로가 겹치는지 확인; 진입 필요 시 표시한 거리 변경 스텝 완료"", ""physical"": ""리치·키·속도·피로에 따라 창이 달라짐""}",long → long,head off punching line; body angle not automatic → head off punching line; body angle not automatic,과도한 진입·다음 훅 위험,rear recovery와 몸통 회전,상황 의존적 / 성공률 미측정,biomechanical inference,"[""S03"", ""S07""]",기초 동작 또는 물리 원리의 근거; 이 전체 연쇄의 직접 검증 아님,N01,"[""startup"", ""extension / displacement"", ""impact attempt / evade"", ""recovery pending""]",미확정: 다음 방어·타이밍 분기에 따름,,
E0006,N01_S5,N01_S6,BLOCK,B,defensive response,"{""distance"": ""long"", ""timing"": ""B 앞손을 회수해 크로스 라인 블록 / 같은 손 재사용은 회수·지지면 확보가 전제"", ""stance"": ""OO"", ""foot_position"": ""neutral"", ""ring_position"": ""center"", ""positional_requirement"": ""머리·표적·손·지지면의 실제 경로가 겹치는지 확인; 진입 필요 시 표시한 거리 변경 스텝 완료"", ""physical"": ""리치·키·속도·피로에 따라 창이 달라짐""}",long → long,head off punching line; body angle not automatic → head off punching line; body angle not automatic,충격·다른 표적 열림·고정 방어 읽힘,지정 표적 cover; 반대 표적은 조건부 공백,상황 의존적 / 성공률 미측정,biomechanical inference,"[""S01"", ""S02""]",기초 동작 또는 물리 원리의 근거; 이 전체 연쇄의 직접 검증 아님,N01,"[""startup"", ""extension / displacement"", ""impact attempt / evade"", ""recovery pending""]",미확정: 다음 방어·타이밍 분기에 따름,,
E0007,N01_S6,N01_S7,EXIT,B,range transition / angle creation,"{""distance"": ""long"", ""timing"": ""옆 출구가 비고 A의 다음 훅 전 / 같은 손 재사용은 회수·지지면 확보가 전제"", ""stance"": ""OO"", ""foot_position"": ""neutral"", ""ring_position"": ""center"", ""positional_requirement"": ""머리·표적·손·지지면의 실제 경로가 겹치는지 확인; 진입 필요 시 표시한 거리 변경 스텝 완료"", ""physical"": ""리치·키·속도·피로에 따라 창이 달라짐""}",long → long,head off punching line; body angle not automatic → off-line candidate; opponent may reorient,상대 훅·링 커팅·뒤돌기 금지,angle changes then guard/range reset,상황 의존적 / 성공률 미측정,biomechanical inference,"[""S06""]",기초 동작 또는 물리 원리의 근거; 이 전체 연쇄의 직접 검증 아님,N01,"[""startup"", ""extension / displacement"", ""impact attempt / evade"", ""recovery pending""]",미확정: 다음 방어·타이밍 분기에 따름,,
E0008,N01_S7,N01_S8,RESET,A,range transition / angle creation,"{""distance"": ""long"", ""timing"": ""B 탈출 후 양쪽이 가드·발을 복귀 / 같은 손 재사용은 회수·지지면 확보가 전제"", ""stance"": ""OO"", ""foot_position"": ""angle candidate"", ""ring_position"": ""center"", ""positional_requirement"": ""머리·표적·손·지지면의 실제 경로가 겹치는지 확인; 진입 필요 시 표시한 거리 변경 스텝 완료"", ""physical"": ""리치·키·속도·피로에 따라 창이 달라짐""}",long → long,off-line candidate; opponent may reorient → centerline aligned,시간 비용; 상대가 계속 치면 완료 불가,neutral phases and guard only when window secured,상황 의존적 / 성공률 미측정,biomechanical inference,"[""S06""]",기초 동작 또는 물리 원리의 근거; 이 전체 연쇄의 직접 검증 아님,N01,"[""startup"", ""extension / displacement"", ""impact attempt / evade"", ""recovery pending""]",미확정: 다음 방어·타이밍 분기에 따름,,
E0009,N01_S0,N01_S9,JF,A,feint response / setup,"{""distance"": ""long"", ""timing"": ""잽에 먼저 손을 움직이는 B의 습관을 읽은 경우 / 같은 손 재사용은 회수·지지면 확보가 전제"", ""stance"": ""OO"", ""foot_position"": ""neutral"", ""ring_position"": ""center"", ""positional_requirement"": ""머리·표적·손·지지면의 실제 경로가 겹치는지 확인; 진입 필요 시 표시한 거리 변경 스텝 완료"", ""physical"": ""리치·키·속도·피로에 따라 창이 달라짐""}",long → long,centerline aligned → centerline aligned,반응 없음·실제 카운터·타이밍 비용,belief update; 상대 반응은 분기,상황 의존적 / 성공률 미측정,coaching consensus,"[""S01"", ""S14"", ""S05""]",기초 관계의 복수 코칭 근거,N01,"[""startup"", ""extension / displacement"", ""impact attempt / evade"", ""recovery pending""]",미확정: 다음 방어·타이밍 분기에 따름,,
E0010,N01_S9,N01_S10,WIDE,B,defensive response,"{""distance"": ""long"", ""timing"": ""B가 조기에 뒷손을 넓게 이동 / 같은 손 재사용은 회수·지지면 확보가 전제"", ""stance"": ""OO"", ""foot_position"": ""neutral"", ""ring_position"": ""center"", ""positional_requirement"": ""머리·표적·손·지지면의 실제 경로가 겹치는지 확인; 진입 필요 시 표시한 거리 변경 스텝 완료"", ""physical"": ""리치·키·속도·피로에 따라 창이 달라짐""}",long → long,centerline aligned → centerline aligned,손 측면·중앙 공백; 페인트 비용,guard parry-displaced; window until hand returns,상황 의존적 / 성공률 미측정,coaching consensus,"[""S02"", ""S16""]",기초 관계의 복수 코칭 근거,N01,"[""startup"", ""extension / displacement"", ""impact attempt / evade"", ""recovery pending""]",미확정: 다음 방어·타이밍 분기에 따름,,
E0011,N01_S10,N01_S11,LH,A,attack / continuation,"{""distance"": ""long"", ""timing"": ""B 뒷손 측면이 실제로 비고 중거리 접근 완료 / 같은 손 재사용은 회수·지지면 확보가 전제"", ""stance"": ""OO"", ""foot_position"": ""neutral"", ""ring_position"": ""center"", ""positional_requirement"": ""머리·표적·손·지지면의 실제 경로가 겹치는지 확인; 진입 필요 시 표시한 거리 변경 스텝 완료"", ""physical"": ""리치·키·속도·피로에 따라 창이 달라짐""}",long → mid,centerline aligned → centerline aligned,넓게 돌면 직선 인터셉트와 반대 훅에 노출,lead arm recovery; 반대 회전 또는 피벗 준비 가능,상황 의존적 / 성공률 미측정,biomechanical inference,"[""S03""]",기초 동작 또는 물리 원리의 근거; 이 전체 연쇄의 직접 검증 아님,N01,"[""startup"", ""extension / displacement"", ""impact attempt / evade"", ""recovery pending""]",미확정: 다음 방어·타이밍 분기에 따름,,
E0012,N01_S11,N01_S12,ROLL,B,defensive response,"{""distance"": ""mid"", ""timing"": ""훅보다 먼저 무릎을 낮추고 출구 측면으로 이동 / 같은 손 재사용은 회수·지지면 확보가 전제"", ""stance"": ""OO"", ""foot_position"": ""neutral"", ""ring_position"": ""center"", ""positional_requirement"": ""머리·표적·손·지지면의 실제 경로가 겹치는지 확인; 진입 필요 시 표시한 거리 변경 스텝 완료"", ""physical"": ""리치·키·속도·피로에 따라 창이 달라짐""}",mid → mid,centerline aligned → centerline aligned,반복 경로·허리 굽힘·다음 낮은 공격,low→side head; 회전·하중은 출구 의존,상황 의존적 / 성공률 미측정,coaching consensus,"[""S01"", ""S08"", ""S16""]",기초 관계의 복수 코칭 근거,N01,"[""startup"", ""extension / displacement"", ""impact attempt / evade"", ""recovery pending""]",미확정: 다음 방어·타이밍 분기에 따름,,
E0013,N01_S12,N01_S13,CB,B,counter,"{""distance"": ""mid"", ""timing"": ""롤 출구에서 몸통 표적이 닿음 / 같은 손 재사용은 회수·지지면 확보가 전제"", ""stance"": ""OO"", ""foot_position"": ""neutral"", ""ring_position"": ""center"", ""positional_requirement"": ""머리·표적·손·지지면의 실제 경로가 겹치는지 확인; 진입 필요 시 표시한 거리 변경 스텝 완료"", ""physical"": ""리치·키·속도·피로에 따라 창이 달라짐""}",mid → pocket,centerline aligned → centerline aligned,머리를 맞교환 라인에 두면 위험,low head 선택; 공격팔 회수,상황 의존적 / 성공률 미측정,biomechanical inference,"[""S16"", ""S10""]",기초 동작 또는 물리 원리의 근거; 이 전체 연쇄의 직접 검증 아님,N01,"[""startup"", ""extension / displacement"", ""impact attempt / evade"", ""recovery pending""]",미확정: 다음 방어·타이밍 분기에 따름,,
E0014,N01_S13,N01_S14,ELBOW,A,defensive response,"{""distance"": ""pocket"", ""timing"": ""팔꿈치와 몸통으로 짧은 보디 타격 차단 / 같은 손 재사용은 회수·지지면 확보가 전제"", ""stance"": ""OO"", ""foot_position"": ""neutral"", ""ring_position"": ""center"", ""positional_requirement"": ""머리·표적·손·지지면의 실제 경로가 겹치는지 확인; 진입 필요 시 표시한 거리 변경 스텝 완료"", ""physical"": ""리치·키·속도·피로에 따라 창이 달라짐""}",pocket → pocket,centerline aligned → centerline aligned,같은 쪽 머리 가드가 실제로 내려가면 head opening,guard elbow-tucked; 머리 가드 하강은 별도 분기,상황 의존적 / 성공률 미측정,coaching consensus,"[""S01"", ""S16""]",기초 관계의 복수 코칭 근거,N01,"[""startup"", ""extension / displacement"", ""impact attempt / evade"", ""recovery pending""]",미확정: 다음 방어·타이밍 분기에 따름,,
E0015,N01_S14,N01_S15,CH,A,counter,"{""distance"": ""pocket"", ""timing"": ""B 공격팔 회수 동안 머리 표적 접근 / 같은 손 재사용은 회수·지지면 확보가 전제"", ""stance"": ""OO"", ""foot_position"": ""neutral"", ""ring_position"": ""center"", ""positional_requirement"": ""머리·표적·손·지지면의 실제 경로가 겹치는지 확인; 진입 필요 시 표시한 거리 변경 스텝 완료"", ""physical"": ""리치·키·속도·피로에 따라 창이 달라짐""}",pocket → pocket,centerline aligned → centerline aligned,"짧은 사거리, 반대 손 카운터",lead recovery; 회전 momentum,상황 의존적 / 성공률 미측정,biomechanical inference,"[""S03"", ""S16""]",기초 동작 또는 물리 원리의 근거; 이 전체 연쇄의 직접 검증 아님,N01,"[""startup"", ""extension / displacement"", ""impact attempt / evade"", ""recovery pending""]",미확정: 다음 방어·타이밍 분기에 따름,,
E0016,N01_S15,N01_S16,PIVOT,B,range transition / angle creation,"{""distance"": ""pocket"", ""timing"": ""축발·측면 출구 확보 / 같은 손 재사용은 회수·지지면 확보가 전제"", ""stance"": ""OO"", ""foot_position"": ""neutral"", ""ring_position"": ""center"", ""positional_requirement"": ""머리·표적·손·지지면의 실제 경로가 겹치는지 확인; 진입 필요 시 표시한 거리 변경 스텝 완료"", ""physical"": ""리치·키·속도·피로에 따라 창이 달라짐""}",pocket → pocket,centerline aligned → off-line candidate; opponent may reorient,축발 막힘·과회전·상대가 같이 돌기,relative angle conditional; range 거의 유지,상황 의존적 / 성공률 미측정,biomechanical inference,"[""S06""]",기초 동작 또는 물리 원리의 근거; 이 전체 연쇄의 직접 검증 아님,N01,"[""startup"", ""extension / displacement"", ""impact attempt / evade"", ""recovery pending""]",미확정: 다음 방어·타이밍 분기에 따름,,
E0017,N01_S16,N01_S17,RESET,A,range transition / angle creation,"{""distance"": ""pocket"", ""timing"": ""B 피벗 뒤 추격을 보류하고 재지향 / 같은 손 재사용은 회수·지지면 확보가 전제"", ""stance"": ""OO"", ""foot_position"": ""angle candidate"", ""ring_position"": ""center"", ""positional_requirement"": ""머리·표적·손·지지면의 실제 경로가 겹치는지 확인; 진입 필요 시 표시한 거리 변경 스텝 완료"", ""physical"": ""리치·키·속도·피로에 따라 창이 달라짐""}",pocket → mid,off-line candidate; opponent may reorient → centerline aligned,시간 비용; 상대가 계속 치면 완료 불가,neutral phases and guard only when window secured,상황 의존적 / 성공률 미측정,biomechanical inference,"[""S06""]",기초 동작 또는 물리 원리의 근거; 이 전체 연쇄의 직접 검증 아님,N01,"[""startup"", ""extension / displacement"", ""impact attempt / evade"", ""recovery pending""]",미확정: 다음 방어·타이밍 분기에 따름,,
E0018,N01_S0,N01_S18,JF,A,feint response / setup,"{""distance"": ""long"", ""timing"": ""페인트가 실제 잽과 비슷한 준비 / 같은 손 재사용은 회수·지지면 확보가 전제"", ""stance"": ""OO"", ""foot_position"": ""neutral"", ""ring_position"": ""center"", ""positional_requirement"": ""머리·표적·손·지지면의 실제 경로가 겹치는지 확인; 진입 필요 시 표시한 거리 변경 스텝 완료"", ""physical"": ""리치·키·속도·피로에 따라 창이 달라짐""}",long → long,centerline aligned → centerline aligned,반응 없음·실제 카운터·타이밍 비용,belief update; 상대 반응은 분기,상황 의존적 / 성공률 미측정,coaching consensus,"[""S01"", ""S14"", ""S05""]",기초 관계의 복수 코칭 근거,N01,"[""startup"", ""extension / displacement"", ""impact attempt / evade"", ""recovery pending""]",미확정: 다음 방어·타이밍 분기에 따름,,
E0019,N01_S18,N01_S19,READ,B,feint response / setup,"{""distance"": ""long"", ""timing"": ""B가 팔을 크게 옮기지 않고 거리 유지 / 같은 손 재사용은 회수·지지면 확보가 전제"", ""stance"": ""OO"", ""foot_position"": ""neutral"", ""ring_position"": ""center"", ""positional_requirement"": ""머리·표적·손·지지면의 실제 경로가 겹치는지 확인; 진입 필요 시 표시한 거리 변경 스텝 완료"", ""physical"": ""리치·키·속도·피로에 따라 창이 달라짐""}",long → long,centerline aligned → centerline aligned,실제 잽·보디 공격을 늦게 읽을 위험,normal guard; uncertainty remains,상황 의존적 / 성공률 미측정,biomechanical inference,"[""S04"", ""S05""]",기초 동작 또는 물리 원리의 근거; 이 전체 연쇄의 직접 검증 아님,N01,"[""startup"", ""extension / displacement"", ""impact attempt / evade"", ""recovery pending""]",미확정: 다음 방어·타이밍 분기에 따름,,
E0020,N01_S19,N01_S20,CJ,B,counter,"{""distance"": ""long"", ""timing"": ""A 페인트가 멈춘 박자에 실제 앞손 선제 / 같은 손 재사용은 회수·지지면 확보가 전제"", ""stance"": ""OO"", ""foot_position"": ""neutral"", ""ring_position"": ""center"", ""positional_requirement"": ""머리·표적·손·지지면의 실제 경로가 겹치는지 확인; 진입 필요 시 표시한 거리 변경 스텝 완료"", ""physical"": ""리치·키·속도·피로에 따라 창이 달라짐""}",long → long,centerline aligned → centerline aligned,상대의 두 번째 공격에 다시 읽힘,lead extension/recovery; 즉시 방어 필요,상황 의존적 / 성공률 미측정,biomechanical inference,"[""S11"", ""S16""]",기초 동작 또는 물리 원리의 근거; 이 전체 연쇄의 직접 검증 아님,N01,"[""startup"", ""extension / displacement"", ""impact attempt / evade"", ""recovery pending""]",미확정: 다음 방어·타이밍 분기에 따름,,
E0021,N01_S20,N01_S21,CATCH,A,defensive response,"{""distance"": ""long"", ""timing"": ""작은 캐치로 B 잽 수용 / 같은 손 재사용은 회수·지지면 확보가 전제"", ""stance"": ""OO"", ""foot_position"": ""neutral"", ""ring_position"": ""center"", ""positional_requirement"": ""머리·표적·손·지지면의 실제 경로가 겹치는지 확인; 진입 필요 시 표시한 거리 변경 스텝 완료"", ""physical"": ""리치·키·속도·피로에 따라 창이 달라짐""}",long → long,centerline aligned → centerline aligned,큰 도달·글러브가 얼굴로 밀림·페인트 반응,받는 손 작은 이동; free hand available,상황 의존적 / 성공률 미측정,coaching consensus,"[""S02"", ""S11""]",기초 관계의 복수 코칭 근거,N01,"[""startup"", ""extension / displacement"", ""impact attempt / evade"", ""recovery pending""]",미확정: 다음 방어·타이밍 분기에 따름,,
E0022,N01_S21,N01_S22,JAB,A,attack / continuation,"{""distance"": ""long"", ""timing"": ""B의 가드가 유지된다고 가정하고 실제 잽으로 다시 정보 획득 / 같은 손 재사용은 회수·지지면 확보가 전제"", ""stance"": ""OO"", ""foot_position"": ""neutral"", ""ring_position"": ""center"", ""positional_requirement"": ""머리·표적·손·지지면의 실제 경로가 겹치는지 확인; 진입 필요 시 표시한 거리 변경 스텝 완료"", ""physical"": ""리치·키·속도·피로에 따라 창이 달라짐""}",long → long,centerline aligned → centerline aligned,앞손 복귀 동안 같은 쪽 가드가 비며 단조로운 타이밍을 읽힐 수 있음,앞손 extension/recovery; 머리는 설계에 따라 center 또는 off-line,상황 의존적 / 성공률 미측정,biomechanical inference,"[""S01"", ""S02""]",기초 동작 또는 물리 원리의 근거; 이 전체 연쇄의 직접 검증 아님,N01,"[""startup"", ""extension / displacement"", ""impact attempt / evade"", ""recovery pending""]",미확정: 다음 방어·타이밍 분기에 따름,,
E0023,N01_S22,N01_S23,BACK,B,range transition / angle creation,"{""distance"": ""long"", ""timing"": ""뒤 공간이 있을 때 사거리 증가 / 같은 손 재사용은 회수·지지면 확보가 전제"", ""stance"": ""OO"", ""foot_position"": ""neutral"", ""ring_position"": ""center"", ""positional_requirement"": ""머리·표적·손·지지면의 실제 경로가 겹치는지 확인; 진입 필요 시 표시한 거리 변경 스텝 완료"", ""physical"": ""리치·키·속도·피로에 따라 창이 달라짐""}",long → outside,centerline aligned → centerline aligned,추격·로프·전진 반격에 새 스텝 필요,range 증가; rear space 소비,상황 의존적 / 성공률 미측정,biomechanical inference,"[""S01"", ""S06""]",기초 동작 또는 물리 원리의 근거; 이 전체 연쇄의 직접 검증 아님,N01,"[""startup"", ""extension / displacement"", ""impact attempt / evade"", ""recovery pending""]",미확정: 다음 방어·타이밍 분기에 따름,,
E0024,N01_S23,N01_S24,PROBE,A,feint response / setup,"{""distance"": ""outside"", ""timing"": ""사거리 밖에서 재탐색; 타격 성공 주장 없음 / 같은 손 재사용은 회수·지지면 확보가 전제"", ""stance"": ""OO"", ""foot_position"": ""neutral"", ""ring_position"": ""center"", ""positional_requirement"": ""머리·표적·손·지지면의 실제 경로가 겹치는지 확인; 진입 필요 시 표시한 거리 변경 스텝 완료"", ""physical"": ""리치·키·속도·피로에 따라 창이 달라짐""}",outside → outside,centerline aligned → centerline aligned,습관 노출·강한 카운터; 반드시 안전하지 않음,information recorded; 실전 잽과 연속체,상황 의존적 / 성공률 미측정,biomechanical inference,"[""S06"", ""S22""]",기초 동작 또는 물리 원리의 근거; 이 전체 연쇄의 직접 검증 아님,N01,"[""startup"", ""extension / displacement"", ""impact attempt / evade"", ""recovery pending""]",미확정: 다음 방어·타이밍 분기에 따름,,
E0025,N02_S0,N02_S1,JAB,A,attack / continuation,"{""distance"": ""long"", ""timing"": ""첫 잽의 표적은 B 중심선 / 같은 손 재사용은 회수·지지면 확보가 전제"", ""stance"": ""OO"", ""foot_position"": ""neutral"", ""ring_position"": ""center"", ""positional_requirement"": ""머리·표적·손·지지면의 실제 경로가 겹치는지 확인; 진입 필요 시 표시한 거리 변경 스텝 완료"", ""physical"": ""리치·키·속도·피로에 따라 창이 달라짐""}",long → long,centerline aligned → centerline aligned,앞손 복귀 동안 같은 쪽 가드가 비며 단조로운 타이밍을 읽힐 수 있음,앞손 extension/recovery; 머리는 설계에 따라 center 또는 off-line,상황 의존적 / 성공률 미측정,biomechanical inference,"[""S01"", ""S02""]",기초 동작 또는 물리 원리의 근거; 이 전체 연쇄의 직접 검증 아님,N02,"[""startup"", ""extension / displacement"", ""impact attempt / evade"", ""recovery pending""]",미확정: 다음 방어·타이밍 분기에 따름,,
E0026,N02_S1,N02_S2,SOUT,B,defensive response,"{""distance"": ""long"", ""timing"": ""B가 제자리에서 잽 바깥으로 이동 / 같은 손 재사용은 회수·지지면 확보가 전제"", ""stance"": ""OO"", ""foot_position"": ""neutral"", ""ring_position"": ""center"", ""positional_requirement"": ""머리·표적·손·지지면의 실제 경로가 겹치는지 확인; 진입 필요 시 표시한 거리 변경 스텝 완료"", ""physical"": ""리치·키·속도·피로에 따라 창이 달라짐""}",long → long,centerline aligned → head off punching line; body angle not automatic,다음 펀치 재조준·훅·균형 손실,head outside incoming punch; 발각도 자동 우위 아님,상황 의존적 / 성공률 미측정,coaching consensus,"[""S02"", ""S07"", ""S16""]",기초 관계의 복수 코칭 근거,N02,"[""startup"", ""extension / displacement"", ""impact attempt / evade"", ""recovery pending""]",미확정: 다음 방어·타이밍 분기에 따름,,
E0027,N02_S2,N02_S3,DOUBLE,A,attack / continuation,"{""distance"": ""long"", ""timing"": ""첫 잽 완전 회수 후 두 번째 잽을 이동 표적에 재조준; 같은 직선 반복 아님 / 같은 손 재사용은 회수·지지면 확보가 전제"", ""stance"": ""OO"", ""foot_position"": ""neutral"", ""ring_position"": ""center"", ""positional_requirement"": ""머리·표적·손·지지면의 실제 경로가 겹치는지 확인; 진입 필요 시 표시한 거리 변경 스텝 완료"", ""physical"": ""리치·키·속도·피로에 따라 창이 달라짐""}",long → long,head off punching line; body angle not automatic → head off punching line; body angle not automatic,"두 잽 사이 인터셉트, 연속 전진의 균형 손실",앞손 반복 extension; 발의 추격 여부가 거리 결정,상황 의존적 / 성공률 미측정,biomechanical inference,"[""S01"", ""S06""]",기초 동작 또는 물리 원리의 근거; 이 전체 연쇄의 직접 검증 아님,N02,"[""startup"", ""extension / displacement"", ""impact attempt / evade"", ""recovery pending""]",미확정: 다음 방어·타이밍 분기에 따름,,
E0028,N02_S3,N02_S4,SSTEP,B,defensive response,"{""distance"": ""long"", ""timing"": ""두 번째 궤도를 읽고 발도 옮겨 바깥으로 / 같은 손 재사용은 회수·지지면 확보가 전제"", ""stance"": ""OO"", ""foot_position"": ""neutral"", ""ring_position"": ""center"", ""positional_requirement"": ""머리·표적·손·지지면의 실제 경로가 겹치는지 확인; 진입 필요 시 표시한 거리 변경 스텝 완료"", ""physical"": ""리치·키·속도·피로에 따라 창이 달라짐""}",long → mid,head off punching line; body angle not automatic → head off punching line; body angle not automatic,스텝 시간·발 충돌·각도 추적 허용,head outside; 상대적 거리·발 위치 변경,상황 의존적 / 성공률 미측정,biomechanical inference,"[""S06"", ""S07""]",기초 동작 또는 물리 원리의 근거; 이 전체 연쇄의 직접 검증 아님,N02,"[""startup"", ""extension / displacement"", ""impact attempt / evade"", ""recovery pending""]",미확정: 다음 방어·타이밍 분기에 따름,,
E0029,N02_S4,N02_S5,CC,B,counter,"{""distance"": ""mid"", ""timing"": ""새 각도의 뒷손 통로가 B 사거리 안 / 같은 손 재사용은 회수·지지면 확보가 전제"", ""stance"": ""OO"", ""foot_position"": ""neutral"", ""ring_position"": ""center"", ""positional_requirement"": ""머리·표적·손·지지면의 실제 경로가 겹치는지 확인; 진입 필요 시 표시한 거리 변경 스텝 완료"", ""physical"": ""리치·키·속도·피로에 따라 창이 달라짐""}",mid → mid,head off punching line; body angle not automatic → head off punching line; body angle not automatic,과도한 진입·다음 훅 위험,rear recovery와 몸통 회전,상황 의존적 / 성공률 미측정,biomechanical inference,"[""S03"", ""S07""]",기초 동작 또는 물리 원리의 근거; 이 전체 연쇄의 직접 검증 아님,N02,"[""startup"", ""extension / displacement"", ""impact attempt / evade"", ""recovery pending""]",미확정: 다음 방어·타이밍 분기에 따름,,
E0030,N02_S5,N02_S6,HG,A,defensive response,"{""distance"": ""mid"", ""timing"": ""즉시 가드 압축 / 같은 손 재사용은 회수·지지면 확보가 전제"", ""stance"": ""OO"", ""foot_position"": ""neutral"", ""ring_position"": ""center"", ""positional_requirement"": ""머리·표적·손·지지면의 실제 경로가 겹치는지 확인; 진입 필요 시 표시한 거리 변경 스텝 완료"", ""physical"": ""리치·키·속도·피로에 따라 창이 달라짐""}",mid → mid,head off punching line; body angle not automatic → head off punching line; body angle not automatic,시야·보디·기동성 제한; 충격 전달 가능,guard high; body exposed는 팔꿈치 위치 의존,상황 의존적 / 성공률 미측정,biomechanical inference,"[""S01"", ""S02""]",기초 동작 또는 물리 원리의 근거; 이 전체 연쇄의 직접 검증 아님,N02,"[""startup"", ""extension / displacement"", ""impact attempt / evade"", ""recovery pending""]",미확정: 다음 방어·타이밍 분기에 따름,,
E0031,N02_S6,N02_S7,BH,A,attack / continuation,"{""distance"": ""mid"", ""timing"": ""B가 크로스 회수 중이고 보디 사거리 남음 / 같은 손 재사용은 회수·지지면 확보가 전제"", ""stance"": ""OO"", ""foot_position"": ""neutral"", ""ring_position"": ""center"", ""positional_requirement"": ""머리·표적·손·지지면의 실제 경로가 겹치는지 확인; 진입 필요 시 표시한 거리 변경 스텝 완료"", ""physical"": ""리치·키·속도·피로에 따라 창이 달라짐""}",mid → pocket,head off punching line; body angle not automatic → head off punching line; body angle not automatic,보디로 손을 보내며 머리 측면이 열릴 수 있음,low 또는 normal head; 공격팔 아래로 이동,상황 의존적 / 성공률 미측정,biomechanical inference,"[""S03"", ""S16""]",기초 동작 또는 물리 원리의 근거; 이 전체 연쇄의 직접 검증 아님,N02,"[""startup"", ""extension / displacement"", ""impact attempt / evade"", ""recovery pending""]",미확정: 다음 방어·타이밍 분기에 따름,,
E0032,N02_S7,N02_S8,EXIT,B,range transition / angle creation,"{""distance"": ""pocket"", ""timing"": ""짧은 옆 스텝 출구 존재 / 같은 손 재사용은 회수·지지면 확보가 전제"", ""stance"": ""OO"", ""foot_position"": ""neutral"", ""ring_position"": ""center"", ""positional_requirement"": ""머리·표적·손·지지면의 실제 경로가 겹치는지 확인; 진입 필요 시 표시한 거리 변경 스텝 완료"", ""physical"": ""리치·키·속도·피로에 따라 창이 달라짐""}",pocket → pocket,head off punching line; body angle not automatic → off-line candidate; opponent may reorient,상대 훅·링 커팅·뒤돌기 금지,angle changes then guard/range reset,상황 의존적 / 성공률 미측정,biomechanical inference,"[""S06""]",기초 동작 또는 물리 원리의 근거; 이 전체 연쇄의 직접 검증 아님,N02,"[""startup"", ""extension / displacement"", ""impact attempt / evade"", ""recovery pending""]",미확정: 다음 방어·타이밍 분기에 따름,,
E0033,N02_S8,N02_S9,RESET,A,range transition / angle creation,"{""distance"": ""pocket"", ""timing"": ""공격 중단과 재정렬 창 / 같은 손 재사용은 회수·지지면 확보가 전제"", ""stance"": ""OO"", ""foot_position"": ""angle candidate"", ""ring_position"": ""center"", ""positional_requirement"": ""머리·표적·손·지지면의 실제 경로가 겹치는지 확인; 진입 필요 시 표시한 거리 변경 스텝 완료"", ""physical"": ""리치·키·속도·피로에 따라 창이 달라짐""}",pocket → mid,off-line candidate; opponent may reorient → centerline aligned,시간 비용; 상대가 계속 치면 완료 불가,neutral phases and guard only when window secured,상황 의존적 / 성공률 미측정,biomechanical inference,"[""S06""]",기초 동작 또는 물리 원리의 근거; 이 전체 연쇄의 직접 검증 아님,N02,"[""startup"", ""extension / displacement"", ""impact attempt / evade"", ""recovery pending""]",미확정: 다음 방어·타이밍 분기에 따름,,
E0034,N02_S0,N02_S10,DOUBLE,A,attack / continuation,"{""distance"": ""long"", ""timing"": ""첫 잽 후 일정 박자로 두 번째 startup / 같은 손 재사용은 회수·지지면 확보가 전제"", ""stance"": ""OO"", ""foot_position"": ""neutral"", ""ring_position"": ""center"", ""positional_requirement"": ""머리·표적·손·지지면의 실제 경로가 겹치는지 확인; 진입 필요 시 표시한 거리 변경 스텝 완료"", ""physical"": ""리치·키·속도·피로에 따라 창이 달라짐""}",long → long,centerline aligned → centerline aligned,"두 잽 사이 인터셉트, 연속 전진의 균형 손실",앞손 반복 extension; 발의 추격 여부가 거리 결정,상황 의존적 / 성공률 미측정,biomechanical inference,"[""S01"", ""S06""]",기초 동작 또는 물리 원리의 근거; 이 전체 연쇄의 직접 검증 아님,N02,"[""startup"", ""extension / displacement"", ""impact attempt / evade"", ""recovery pending""]",미확정: 다음 방어·타이밍 분기에 따름,,
E0035,N02_S10,N02_S11,INTERCEPT,B,counter,"{""distance"": ""long"", ""timing"": ""두 잽 사이 간격이 열리고 B 직선 도달 / 같은 손 재사용은 회수·지지면 확보가 전제"", ""stance"": ""OO"", ""foot_position"": ""neutral"", ""ring_position"": ""center"", ""positional_requirement"": ""머리·표적·손·지지면의 실제 경로가 겹치는지 확인; 진입 필요 시 표시한 거리 변경 스텝 완료"", ""physical"": ""리치·키·속도·피로에 따라 창이 달라짐""}",long → long,centerline aligned → centerline aligned,머리가 라인에 남으면 동시 피격,자기 extension와 상대 startup 겹침,상황 의존적 / 성공률 미측정,biomechanical inference,"[""S01"", ""S06""]",기초 동작 또는 물리 원리의 근거; 이 전체 연쇄의 직접 검증 아님,N02,"[""startup"", ""extension / displacement"", ""impact attempt / evade"", ""recovery pending""]",미확정: 다음 방어·타이밍 분기에 따름,,
E0036,N02_S11,N02_S12,SIN,A,defensive response,"{""distance"": ""long"", ""timing"": ""B 직선 안쪽으로 최소 이동; 자유손 공격 위험 동반 / 같은 손 재사용은 회수·지지면 확보가 전제"", ""stance"": ""OO"", ""foot_position"": ""neutral"", ""ring_position"": ""center"", ""positional_requirement"": ""머리·표적·손·지지면의 실제 경로가 겹치는지 확인; 진입 필요 시 표시한 거리 변경 스텝 완료"", ""physical"": ""리치·키·속도·피로에 따라 창이 달라짐""}",long → long,centerline aligned → head off punching line; body angle not automatic,자유손 공격 통로로 접근,head inside incoming punch; range unchanged or 감소,상황 의존적 / 성공률 미측정,coaching consensus,"[""S02"", ""S07"", ""S16""]",기초 관계의 복수 코칭 근거,N02,"[""startup"", ""extension / displacement"", ""impact attempt / evade"", ""recovery pending""]",미확정: 다음 방어·타이밍 분기에 따름,,
E0037,N02_S12,N02_S13,CH,A,counter,"{""distance"": ""long"", ""timing"": ""B 뒷손 회수 전 중거리 측면 표적 / 같은 손 재사용은 회수·지지면 확보가 전제"", ""stance"": ""OO"", ""foot_position"": ""neutral"", ""ring_position"": ""center"", ""positional_requirement"": ""머리·표적·손·지지면의 실제 경로가 겹치는지 확인; 진입 필요 시 표시한 거리 변경 스텝 완료"", ""physical"": ""리치·키·속도·피로에 따라 창이 달라짐""}",long → mid,head off punching line; body angle not automatic → head off punching line; body angle not automatic,"짧은 사거리, 반대 손 카운터",lead recovery; 회전 momentum,상황 의존적 / 성공률 미측정,biomechanical inference,"[""S03"", ""S16""]",기초 동작 또는 물리 원리의 근거; 이 전체 연쇄의 직접 검증 아님,N02,"[""startup"", ""extension / displacement"", ""impact attempt / evade"", ""recovery pending""]",미확정: 다음 방어·타이밍 분기에 따름,,
E0038,N02_S13,N02_S14,ROLL,B,defensive response,"{""distance"": ""mid"", ""timing"": ""짧은 훅 아래에서 머리 옆 이동 / 같은 손 재사용은 회수·지지면 확보가 전제"", ""stance"": ""OO"", ""foot_position"": ""neutral"", ""ring_position"": ""center"", ""positional_requirement"": ""머리·표적·손·지지면의 실제 경로가 겹치는지 확인; 진입 필요 시 표시한 거리 변경 스텝 완료"", ""physical"": ""리치·키·속도·피로에 따라 창이 달라짐""}",mid → mid,head off punching line; body angle not automatic → head off punching line; body angle not automatic,반복 경로·허리 굽힘·다음 낮은 공격,low→side head; 회전·하중은 출구 의존,상황 의존적 / 성공률 미측정,coaching consensus,"[""S01"", ""S08"", ""S16""]",기초 관계의 복수 코칭 근거,N02,"[""startup"", ""extension / displacement"", ""impact attempt / evade"", ""recovery pending""]",미확정: 다음 방어·타이밍 분기에 따름,,
E0039,N02_S14,N02_S15,SMOTHER,B,defensive response,"{""distance"": ""mid"", ""timing"": ""A 다음 긴 공격 전 거리 압축 / 같은 손 재사용은 회수·지지면 확보가 전제"", ""stance"": ""OO"", ""foot_position"": ""neutral"", ""ring_position"": ""center"", ""positional_requirement"": ""머리·표적·손·지지면의 실제 경로가 겹치는지 확인; 진입 필요 시 표시한 거리 변경 스텝 완료"", ""physical"": ""리치·키·속도·피로에 따라 창이 달라짐""}",mid → clinch,head off punching line; body angle not automatic → head off punching line; body angle not automatic,짧은 훅·어퍼컷·머리 충돌·위치 상실,range pocket/clinch; short punches remain,상황 의존적 / 성공률 미측정,biomechanical inference,"[""S06"", ""S17""]",기초 동작 또는 물리 원리의 근거; 이 전체 연쇄의 직접 검증 아님,N02,"[""startup"", ""extension / displacement"", ""impact attempt / evade"", ""recovery pending""]",미확정: 다음 방어·타이밍 분기에 따름,,
E0040,N02_S15,N02_S16,CLINCH,A,defensive response,"{""distance"": ""clinch"", ""timing"": ""양팔 접촉으로 교환 멈춤; 홀딩 타격 금지 / 같은 손 재사용은 회수·지지면 확보가 전제"", ""stance"": ""OO"", ""foot_position"": ""neutral"", ""ring_position"": ""center"", ""positional_requirement"": ""머리·표적·손·지지면의 실제 경로가 겹치는지 확인; 진입 필요 시 표시한 거리 변경 스텝 완료"", ""physical"": ""리치·키·속도·피로에 따라 창이 달라짐""}",clinch → clinch,head off punching line; body angle not automatic → head off punching line; body angle not automatic,짧은 자유손·심판 break·홀딩 반칙,range clinch; arms restricted; no holding-and-hitting,상황 의존적 / 성공률 미측정,biomechanical inference,"[""S17""]",기초 동작 또는 물리 원리의 근거; 이 전체 연쇄의 직접 검증 아님,N02,"[""startup"", ""extension / displacement"", ""impact attempt / evade"", ""recovery pending""]",미확정: 다음 방어·타이밍 분기에 따름,,
E0041,N02_S16,N02_S17,BREAK,B,range transition / angle creation,"{""distance"": ""clinch"", ""timing"": ""심판 지시 뒤 합법 분리 / 같은 손 재사용은 회수·지지면 확보가 전제"", ""stance"": ""OO"", ""foot_position"": ""neutral"", ""ring_position"": ""center"", ""positional_requirement"": ""머리·표적·손·지지면의 실제 경로가 겹치는지 확인; 진입 필요 시 표시한 거리 변경 스텝 완료"", ""physical"": ""리치·키·속도·피로에 따라 창이 달라짐""}",clinch → long,head off punching line; body angle not automatic → centerline aligned,주도권·공간이 바뀜; break 중 공격 금지,range long; both neutral on restart,상황 의존적 / 성공률 미측정,biomechanical inference,"[""S17""]",기초 동작 또는 물리 원리의 근거; 이 전체 연쇄의 직접 검증 아님,N02,"[""startup"", ""extension / displacement"", ""impact attempt / evade"", ""recovery pending""]",미확정: 다음 방어·타이밍 분기에 따름,,
E0042,N02_S17,N02_S18,PROBE,A,feint response / setup,"{""distance"": ""long"", ""timing"": ""재개 신호 후 앞손 거리 재확인 / 같은 손 재사용은 회수·지지면 확보가 전제"", ""stance"": ""OO"", ""foot_position"": ""neutral"", ""ring_position"": ""center"", ""positional_requirement"": ""머리·표적·손·지지면의 실제 경로가 겹치는지 확인; 진입 필요 시 표시한 거리 변경 스텝 완료"", ""physical"": ""리치·키·속도·피로에 따라 창이 달라짐""}",long → long,centerline aligned → centerline aligned,습관 노출·강한 카운터; 반드시 안전하지 않음,information recorded; 실전 잽과 연속체,상황 의존적 / 성공률 미측정,biomechanical inference,"[""S06"", ""S22""]",기초 동작 또는 물리 원리의 근거; 이 전체 연쇄의 직접 검증 아님,N02,"[""startup"", ""extension / displacement"", ""impact attempt / evade"", ""recovery pending""]",미확정: 다음 방어·타이밍 분기에 따름,,
E0043,N03_S0,N03_S1,BJAB,A,attack / continuation,"{""distance"": ""long"", ""timing"": ""무릎을 낮추고 B 합법 보디 표적 / 같은 손 재사용은 회수·지지면 확보가 전제"", ""stance"": ""OO"", ""foot_position"": ""neutral"", ""ring_position"": ""center"", ""positional_requirement"": ""머리·표적·손·지지면의 실제 경로가 겹치는지 확인; 진입 필요 시 표시한 거리 변경 스텝 완료"", ""physical"": ""리치·키·속도·피로에 따라 창이 달라짐""}",long → long,centerline aligned → centerline aligned,머리가 전방 low에 머물면 위쪽 카운터에 접근,low head; 앞손 회수; 보디 표적 라인,상황 의존적 / 성공률 미측정,biomechanical inference,"[""S01"", ""S10""]",기초 동작 또는 물리 원리의 근거; 이 전체 연쇄의 직접 검증 아님,N03,"[""startup"", ""extension / displacement"", ""impact attempt / evade"", ""recovery pending""]",미확정: 다음 방어·타이밍 분기에 따름,,
E0044,N03_S1,N03_S2,ELBOW,B,defensive response,"{""distance"": ""long"", ""timing"": ""팔꿈치는 내려도 글러브 머리 가드는 유지 가능한 분기 / 같은 손 재사용은 회수·지지면 확보가 전제"", ""stance"": ""OO"", ""foot_position"": ""neutral"", ""ring_position"": ""center"", ""positional_requirement"": ""머리·표적·손·지지면의 실제 경로가 겹치는지 확인; 진입 필요 시 표시한 거리 변경 스텝 완료"", ""physical"": ""리치·키·속도·피로에 따라 창이 달라짐""}",long → long,centerline aligned → centerline aligned,같은 쪽 머리 가드가 실제로 내려가면 head opening,guard elbow-tucked; 머리 가드 하강은 별도 분기,상황 의존적 / 성공률 미측정,coaching consensus,"[""S01"", ""S16""]",기초 관계의 복수 코칭 근거,N03,"[""startup"", ""extension / displacement"", ""impact attempt / evade"", ""recovery pending""]",미확정: 다음 방어·타이밍 분기에 따름,,
E0045,N03_S2,N03_S3,CC,B,counter,"{""distance"": ""long"", ""timing"": ""A 머리가 전방 중앙에 남고 B 뒷손 사거리 / 같은 손 재사용은 회수·지지면 확보가 전제"", ""stance"": ""OO"", ""foot_position"": ""neutral"", ""ring_position"": ""center"", ""positional_requirement"": ""머리·표적·손·지지면의 실제 경로가 겹치는지 확인; 진입 필요 시 표시한 거리 변경 스텝 완료"", ""physical"": ""리치·키·속도·피로에 따라 창이 달라짐""}",long → long,centerline aligned → centerline aligned,과도한 진입·다음 훅 위험,rear recovery와 몸통 회전,상황 의존적 / 성공률 미측정,biomechanical inference,"[""S03"", ""S07""]",기초 동작 또는 물리 원리의 근거; 이 전체 연쇄의 직접 검증 아님,N03,"[""startup"", ""extension / displacement"", ""impact attempt / evade"", ""recovery pending""]",미확정: 다음 방어·타이밍 분기에 따름,,
E0046,N03_S3,N03_S4,SOUT,A,defensive response,"{""distance"": ""long"", ""timing"": ""크로스의 팔 바깥으로 탈출 / 같은 손 재사용은 회수·지지면 확보가 전제"", ""stance"": ""OO"", ""foot_position"": ""neutral"", ""ring_position"": ""center"", ""positional_requirement"": ""머리·표적·손·지지면의 실제 경로가 겹치는지 확인; 진입 필요 시 표시한 거리 변경 스텝 완료"", ""physical"": ""리치·키·속도·피로에 따라 창이 달라짐""}",long → long,centerline aligned → head off punching line; body angle not automatic,다음 펀치 재조준·훅·균형 손실,head outside incoming punch; 발각도 자동 우위 아님,상황 의존적 / 성공률 미측정,coaching consensus,"[""S02"", ""S07"", ""S16""]",기초 관계의 복수 코칭 근거,N03,"[""startup"", ""extension / displacement"", ""impact attempt / evade"", ""recovery pending""]",미확정: 다음 방어·타이밍 분기에 따름,,
E0047,N03_S4,N03_S5,BJAB,A,attack / continuation,"{""distance"": ""long"", ""timing"": ""B 뒷손 회수 중 보디 라인이 남은 경우 / 같은 손 재사용은 회수·지지면 확보가 전제"", ""stance"": ""OO"", ""foot_position"": ""neutral"", ""ring_position"": ""center"", ""positional_requirement"": ""머리·표적·손·지지면의 실제 경로가 겹치는지 확인; 진입 필요 시 표시한 거리 변경 스텝 완료"", ""physical"": ""리치·키·속도·피로에 따라 창이 달라짐""}",long → long,head off punching line; body angle not automatic → head off punching line; body angle not automatic,머리가 전방 low에 머물면 위쪽 카운터에 접근,low head; 앞손 회수; 보디 표적 라인,상황 의존적 / 성공률 미측정,biomechanical inference,"[""S01"", ""S10""]",기초 동작 또는 물리 원리의 근거; 이 전체 연쇄의 직접 검증 아님,N03,"[""startup"", ""extension / displacement"", ""impact attempt / evade"", ""recovery pending""]",미확정: 다음 방어·타이밍 분기에 따름,,
E0048,N03_S5,N03_S6,BACK,B,range transition / angle creation,"{""distance"": ""long"", ""timing"": ""후퇴 공간 존재 / 같은 손 재사용은 회수·지지면 확보가 전제"", ""stance"": ""OO"", ""foot_position"": ""neutral"", ""ring_position"": ""center"", ""positional_requirement"": ""머리·표적·손·지지면의 실제 경로가 겹치는지 확인; 진입 필요 시 표시한 거리 변경 스텝 완료"", ""physical"": ""리치·키·속도·피로에 따라 창이 달라짐""}",long → long,head off punching line; body angle not automatic → head off punching line; body angle not automatic,추격·로프·전진 반격에 새 스텝 필요,range 증가; rear space 소비,상황 의존적 / 성공률 미측정,biomechanical inference,"[""S01"", ""S06""]",기초 동작 또는 물리 원리의 근거; 이 전체 연쇄의 직접 검증 아님,N03,"[""startup"", ""extension / displacement"", ""impact attempt / evade"", ""recovery pending""]",미확정: 다음 방어·타이밍 분기에 따름,,
E0049,N03_S6,N03_S7,RESET,A,range transition / angle creation,"{""distance"": ""long"", ""timing"": ""보디 추격을 보류하고 높이·발 복귀 / 같은 손 재사용은 회수·지지면 확보가 전제"", ""stance"": ""OO"", ""foot_position"": ""neutral"", ""ring_position"": ""center"", ""positional_requirement"": ""머리·표적·손·지지면의 실제 경로가 겹치는지 확인; 진입 필요 시 표시한 거리 변경 스텝 완료"", ""physical"": ""리치·키·속도·피로에 따라 창이 달라짐""}",long → long,head off punching line; body angle not automatic → centerline aligned,시간 비용; 상대가 계속 치면 완료 불가,neutral phases and guard only when window secured,상황 의존적 / 성공률 미측정,biomechanical inference,"[""S06""]",기초 동작 또는 물리 원리의 근거; 이 전체 연쇄의 직접 검증 아님,N03,"[""startup"", ""extension / displacement"", ""impact attempt / evade"", ""recovery pending""]",미확정: 다음 방어·타이밍 분기에 따름,,
E0050,N03_S0,N03_S8,LF,A,feint response / setup,"{""distance"": ""long"", ""timing"": ""반복 보디 위협으로 B가 반응하는 맥락 / 같은 손 재사용은 회수·지지면 확보가 전제"", ""stance"": ""OO"", ""foot_position"": ""neutral"", ""ring_position"": ""center"", ""positional_requirement"": ""머리·표적·손·지지면의 실제 경로가 겹치는지 확인; 진입 필요 시 표시한 거리 변경 스텝 완료"", ""physical"": ""리치·키·속도·피로에 따라 창이 달라짐""}",long → long,centerline aligned → centerline aligned,가드 유지·위쪽 인터셉트,head lower signal; 상대 elbow drop은 비확정,상황 의존적 / 성공률 미측정,biomechanical inference,"[""S05"", ""S14""]",기초 동작 또는 물리 원리의 근거; 이 전체 연쇄의 직접 검증 아님,N03,"[""startup"", ""extension / displacement"", ""impact attempt / evade"", ""recovery pending""]",미확정: 다음 방어·타이밍 분기에 따름,,
E0051,N03_S8,N03_S9,ELBOW,B,defensive response,"{""distance"": ""long"", ""timing"": ""이 분기는 글러브까지 실제로 내려간 과반응 / 같은 손 재사용은 회수·지지면 확보가 전제"", ""stance"": ""OO"", ""foot_position"": ""neutral"", ""ring_position"": ""center"", ""positional_requirement"": ""머리·표적·손·지지면의 실제 경로가 겹치는지 확인; 진입 필요 시 표시한 거리 변경 스텝 완료"", ""physical"": ""리치·키·속도·피로에 따라 창이 달라짐""}",long → long,centerline aligned → centerline aligned,같은 쪽 머리 가드가 실제로 내려가면 head opening,guard elbow-tucked; 머리 가드 하강은 별도 분기,상황 의존적 / 성공률 미측정,coaching consensus,"[""S01"", ""S16""]",기초 관계의 복수 코칭 근거,N03,"[""startup"", ""extension / displacement"", ""impact attempt / evade"", ""recovery pending""]",미확정: 다음 방어·타이밍 분기에 따름,,
E0052,N03_S9,N03_S10,OVER,A,attack / continuation,"{""distance"": ""long"", ""timing"": ""B 머리 가드 공백·뒷손 도달; 준비가 읽히지 않았을 때 / 같은 손 재사용은 회수·지지면 확보가 전제"", ""stance"": ""OO"", ""foot_position"": ""neutral"", ""ring_position"": ""center"", ""positional_requirement"": ""머리·표적·손·지지면의 실제 경로가 겹치는지 확인; 진입 필요 시 표시한 거리 변경 스텝 완료"", ""physical"": ""리치·키·속도·피로에 따라 창이 달라짐""}",long → long,centerline aligned → centerline aligned,오버리치·낮은 머리·긴 복귀,rear recovery; head low 가능; 균형 조건 중요,상황 의존적 / 성공률 미측정,biomechanical inference,"[""S03""]",기초 동작 또는 물리 원리의 근거; 이 전체 연쇄의 직접 검증 아님,N03,"[""startup"", ""extension / displacement"", ""impact attempt / evade"", ""recovery pending""]",미확정: 다음 방어·타이밍 분기에 따름,,
E0053,N03_S10,N03_S11,SPIVOT,B,defensive response,"{""distance"": ""long"", ""timing"": ""오버핸드 궤도 밖으로 머리·축 회전 / 같은 손 재사용은 회수·지지면 확보가 전제"", ""stance"": ""OO"", ""foot_position"": ""neutral"", ""ring_position"": ""center"", ""positional_requirement"": ""머리·표적·손·지지면의 실제 경로가 겹치는지 확인; 진입 필요 시 표시한 거리 변경 스텝 완료"", ""physical"": ""리치·키·속도·피로에 따라 창이 달라짐""}",long → mid,centerline aligned → off-line candidate; opponent may reorient,축발·출구가 막히면 회전 미완,off-line; angle advantage 조건부,상황 의존적 / 성공률 미측정,biomechanical inference,"[""S06"", ""S07""]",기초 동작 또는 물리 원리의 근거; 이 전체 연쇄의 직접 검증 아님,N03,"[""startup"", ""extension / displacement"", ""impact attempt / evade"", ""recovery pending""]",미확정: 다음 방어·타이밍 분기에 따름,,
E0054,N03_S11,N03_S12,CH,B,counter,"{""distance"": ""mid"", ""timing"": ""A 회전 회수 동안 측면 표적 / 같은 손 재사용은 회수·지지면 확보가 전제"", ""stance"": ""OO"", ""foot_position"": ""angle candidate"", ""ring_position"": ""center"", ""positional_requirement"": ""머리·표적·손·지지면의 실제 경로가 겹치는지 확인; 진입 필요 시 표시한 거리 변경 스텝 완료"", ""physical"": ""리치·키·속도·피로에 따라 창이 달라짐""}",mid → mid,off-line candidate; opponent may reorient → off-line candidate; opponent may reorient,"짧은 사거리, 반대 손 카운터",lead recovery; 회전 momentum,상황 의존적 / 성공률 미측정,biomechanical inference,"[""S03"", ""S16""]",기초 동작 또는 물리 원리의 근거; 이 전체 연쇄의 직접 검증 아님,N03,"[""startup"", ""extension / displacement"", ""impact attempt / evade"", ""recovery pending""]",미확정: 다음 방어·타이밍 분기에 따름,,
E0055,N03_S12,N03_S13,BLOCK,A,defensive response,"{""distance"": ""mid"", ""timing"": ""훅 측면 블록을 먼저 복구 / 같은 손 재사용은 회수·지지면 확보가 전제"", ""stance"": ""OO"", ""foot_position"": ""angle candidate"", ""ring_position"": ""center"", ""positional_requirement"": ""머리·표적·손·지지면의 실제 경로가 겹치는지 확인; 진입 필요 시 표시한 거리 변경 스텝 완료"", ""physical"": ""리치·키·속도·피로에 따라 창이 달라짐""}",mid → mid,off-line candidate; opponent may reorient → off-line candidate; opponent may reorient,충격·다른 표적 열림·고정 방어 읽힘,지정 표적 cover; 반대 표적은 조건부 공백,상황 의존적 / 성공률 미측정,biomechanical inference,"[""S01"", ""S02""]",기초 동작 또는 물리 원리의 근거; 이 전체 연쇄의 직접 검증 아님,N03,"[""startup"", ""extension / displacement"", ""impact attempt / evade"", ""recovery pending""]",미확정: 다음 방어·타이밍 분기에 따름,,
E0056,N03_S13,N03_S14,EXIT,A,range transition / angle creation,"{""distance"": ""mid"", ""timing"": ""출구가 열려 있을 때 옆으로 / 같은 손 재사용은 회수·지지면 확보가 전제"", ""stance"": ""OO"", ""foot_position"": ""angle candidate"", ""ring_position"": ""center"", ""positional_requirement"": ""머리·표적·손·지지면의 실제 경로가 겹치는지 확인; 진입 필요 시 표시한 거리 변경 스텝 완료"", ""physical"": ""리치·키·속도·피로에 따라 창이 달라짐""}",mid → mid,off-line candidate; opponent may reorient → off-line candidate; opponent may reorient,상대 훅·링 커팅·뒤돌기 금지,angle changes then guard/range reset,상황 의존적 / 성공률 미측정,biomechanical inference,"[""S06""]",기초 동작 또는 물리 원리의 근거; 이 전체 연쇄의 직접 검증 아님,N03,"[""startup"", ""extension / displacement"", ""impact attempt / evade"", ""recovery pending""]",미확정: 다음 방어·타이밍 분기에 따름,,
E0057,N03_S14,N03_S15,RESET,B,range transition / angle creation,"{""distance"": ""mid"", ""timing"": ""추격 중단 후 서로 재정렬 / 같은 손 재사용은 회수·지지면 확보가 전제"", ""stance"": ""OO"", ""foot_position"": ""angle candidate"", ""ring_position"": ""center"", ""positional_requirement"": ""머리·표적·손·지지면의 실제 경로가 겹치는지 확인; 진입 필요 시 표시한 거리 변경 스텝 완료"", ""physical"": ""리치·키·속도·피로에 따라 창이 달라짐""}",mid → mid,off-line candidate; opponent may reorient → centerline aligned,시간 비용; 상대가 계속 치면 완료 불가,neutral phases and guard only when window secured,상황 의존적 / 성공률 미측정,biomechanical inference,"[""S06""]",기초 동작 또는 물리 원리의 근거; 이 전체 연쇄의 직접 검증 아님,N03,"[""startup"", ""extension / displacement"", ""impact attempt / evade"", ""recovery pending""]",미확정: 다음 방어·타이밍 분기에 따름,,
E0058,N04_S0,N04_S1,CROSS,A,attack / continuation,"{""distance"": ""mid"", ""timing"": ""중거리 뒷손 직선 / 같은 손 재사용은 회수·지지면 확보가 전제"", ""stance"": ""OO"", ""foot_position"": ""neutral"", ""ring_position"": ""center"", ""positional_requirement"": ""머리·표적·손·지지면의 실제 경로가 겹치는지 확인; 진입 필요 시 표시한 거리 변경 스텝 완료"", ""physical"": ""리치·키·속도·피로에 따라 창이 달라짐""}",mid → mid,centerline aligned → centerline aligned,뒷손 가드 이탈과 회전 회수 구간,몸통 회전; rear arm recovery; 하중은 변형 의존,상황 의존적 / 성공률 미측정,biomechanical inference,"[""S03""]",기초 동작 또는 물리 원리의 근거; 이 전체 연쇄의 직접 검증 아님,N04,"[""startup"", ""extension / displacement"", ""impact attempt / evade"", ""recovery pending""]",미확정: 다음 방어·타이밍 분기에 따름,,
E0059,N04_S1,N04_S2,SOUT,B,defensive response,"{""distance"": ""mid"", ""timing"": ""A 크로스 팔 바깥: OO에서 B 왼쪽 / 같은 손 재사용은 회수·지지면 확보가 전제"", ""stance"": ""OO"", ""foot_position"": ""neutral"", ""ring_position"": ""center"", ""positional_requirement"": ""머리·표적·손·지지면의 실제 경로가 겹치는지 확인; 진입 필요 시 표시한 거리 변경 스텝 완료"", ""physical"": ""리치·키·속도·피로에 따라 창이 달라짐""}",mid → mid,centerline aligned → head off punching line; body angle not automatic,다음 펀치 재조준·훅·균형 손실,head outside incoming punch; 발각도 자동 우위 아님,상황 의존적 / 성공률 미측정,coaching consensus,"[""S02"", ""S07"", ""S16""]",기초 관계의 복수 코칭 근거,N04,"[""startup"", ""extension / displacement"", ""impact attempt / evade"", ""recovery pending""]",미확정: 다음 방어·타이밍 분기에 따름,,
E0060,N04_S2,N04_S3,CH,B,counter,"{""distance"": ""mid"", ""timing"": ""B가 짧은 앞손 훅 사거리·지지면 확보 / 같은 손 재사용은 회수·지지면 확보가 전제"", ""stance"": ""OO"", ""foot_position"": ""neutral"", ""ring_position"": ""center"", ""positional_requirement"": ""머리·표적·손·지지면의 실제 경로가 겹치는지 확인; 진입 필요 시 표시한 거리 변경 스텝 완료"", ""physical"": ""리치·키·속도·피로에 따라 창이 달라짐""}",mid → mid,head off punching line; body angle not automatic → head off punching line; body angle not automatic,"짧은 사거리, 반대 손 카운터",lead recovery; 회전 momentum,상황 의존적 / 성공률 미측정,biomechanical inference,"[""S03"", ""S16""]",기초 동작 또는 물리 원리의 근거; 이 전체 연쇄의 직접 검증 아님,N04,"[""startup"", ""extension / displacement"", ""impact attempt / evade"", ""recovery pending""]",미확정: 다음 방어·타이밍 분기에 따름,,
E0061,N04_S3,N04_S4,ROLL,A,defensive response,"{""distance"": ""mid"", ""timing"": ""B 훅 궤도 아래 옆으로 이동 / 같은 손 재사용은 회수·지지면 확보가 전제"", ""stance"": ""OO"", ""foot_position"": ""neutral"", ""ring_position"": ""center"", ""positional_requirement"": ""머리·표적·손·지지면의 실제 경로가 겹치는지 확인; 진입 필요 시 표시한 거리 변경 스텝 완료"", ""physical"": ""리치·키·속도·피로에 따라 창이 달라짐""}",mid → mid,head off punching line; body angle not automatic → head off punching line; body angle not automatic,반복 경로·허리 굽힘·다음 낮은 공격,low→side head; 회전·하중은 출구 의존,상황 의존적 / 성공률 미측정,coaching consensus,"[""S01"", ""S08"", ""S16""]",기초 관계의 복수 코칭 근거,N04,"[""startup"", ""extension / displacement"", ""impact attempt / evade"", ""recovery pending""]",미확정: 다음 방어·타이밍 분기에 따름,,
E0062,N04_S4,N04_S5,BH,A,attack / continuation,"{""distance"": ""mid"", ""timing"": ""롤 출구에서 B 보디 사거리 유지 / 같은 손 재사용은 회수·지지면 확보가 전제"", ""stance"": ""OO"", ""foot_position"": ""neutral"", ""ring_position"": ""center"", ""positional_requirement"": ""머리·표적·손·지지면의 실제 경로가 겹치는지 확인; 진입 필요 시 표시한 거리 변경 스텝 완료"", ""physical"": ""리치·키·속도·피로에 따라 창이 달라짐""}",mid → pocket,head off punching line; body angle not automatic → head off punching line; body angle not automatic,보디로 손을 보내며 머리 측면이 열릴 수 있음,low 또는 normal head; 공격팔 아래로 이동,상황 의존적 / 성공률 미측정,biomechanical inference,"[""S03"", ""S16""]",기초 동작 또는 물리 원리의 근거; 이 전체 연쇄의 직접 검증 아님,N04,"[""startup"", ""extension / displacement"", ""impact attempt / evade"", ""recovery pending""]",미확정: 다음 방어·타이밍 분기에 따름,,
E0063,N04_S5,N04_S6,ELBOW,B,defensive response,"{""distance"": ""pocket"", ""timing"": ""합법 보디를 팔꿈치로 차단 / 같은 손 재사용은 회수·지지면 확보가 전제"", ""stance"": ""OO"", ""foot_position"": ""neutral"", ""ring_position"": ""center"", ""positional_requirement"": ""머리·표적·손·지지면의 실제 경로가 겹치는지 확인; 진입 필요 시 표시한 거리 변경 스텝 완료"", ""physical"": ""리치·키·속도·피로에 따라 창이 달라짐""}",pocket → pocket,head off punching line; body angle not automatic → head off punching line; body angle not automatic,같은 쪽 머리 가드가 실제로 내려가면 head opening,guard elbow-tucked; 머리 가드 하강은 별도 분기,상황 의존적 / 성공률 미측정,coaching consensus,"[""S01"", ""S16""]",기초 관계의 복수 코칭 근거,N04,"[""startup"", ""extension / displacement"", ""impact attempt / evade"", ""recovery pending""]",미확정: 다음 방어·타이밍 분기에 따름,,
E0064,N04_S6,N04_S7,LU,B,attack / continuation,"{""distance"": ""pocket"", ""timing"": ""A가 low center에 남고 중앙 상승 통로가 열렸을 때 / 같은 손 재사용은 회수·지지면 확보가 전제"", ""stance"": ""OO"", ""foot_position"": ""neutral"", ""ring_position"": ""center"", ""positional_requirement"": ""머리·표적·손·지지면의 실제 경로가 겹치는지 확인; 진입 필요 시 표시한 거리 변경 스텝 완료"", ""physical"": ""리치·키·속도·피로에 따라 창이 달라짐""}",pocket → pocket,head off punching line; body angle not automatic → head off punching line; body angle not automatic,먼 거리에서 뜨는 궤적·앞손 가드 이탈,lead arm recovery; 상승·회전 운동,상황 의존적 / 성공률 미측정,biomechanical inference,"[""S03""]",기초 동작 또는 물리 원리의 근거; 이 전체 연쇄의 직접 검증 아님,N04,"[""startup"", ""extension / displacement"", ""impact attempt / evade"", ""recovery pending""]",미확정: 다음 방어·타이밍 분기에 따름,,
E0065,N04_S7,N04_S8,SMOTHER,A,defensive response,"{""distance"": ""pocket"", ""timing"": ""어퍼컷 완전 궤도 전에 팔·몸 사이 공간 압축 / 같은 손 재사용은 회수·지지면 확보가 전제"", ""stance"": ""OO"", ""foot_position"": ""neutral"", ""ring_position"": ""center"", ""positional_requirement"": ""머리·표적·손·지지면의 실제 경로가 겹치는지 확인; 진입 필요 시 표시한 거리 변경 스텝 완료"", ""physical"": ""리치·키·속도·피로에 따라 창이 달라짐""}",pocket → clinch,head off punching line; body angle not automatic → head off punching line; body angle not automatic,짧은 훅·어퍼컷·머리 충돌·위치 상실,range pocket/clinch; short punches remain,상황 의존적 / 성공률 미측정,biomechanical inference,"[""S06"", ""S17""]",기초 동작 또는 물리 원리의 근거; 이 전체 연쇄의 직접 검증 아님,N04,"[""startup"", ""extension / displacement"", ""impact attempt / evade"", ""recovery pending""]",미확정: 다음 방어·타이밍 분기에 따름,,
E0066,N04_S8,N04_S9,CLINCH,B,defensive response,"{""distance"": ""clinch"", ""timing"": ""자유손 교환을 중단 / 같은 손 재사용은 회수·지지면 확보가 전제"", ""stance"": ""OO"", ""foot_position"": ""neutral"", ""ring_position"": ""center"", ""positional_requirement"": ""머리·표적·손·지지면의 실제 경로가 겹치는지 확인; 진입 필요 시 표시한 거리 변경 스텝 완료"", ""physical"": ""리치·키·속도·피로에 따라 창이 달라짐""}",clinch → clinch,head off punching line; body angle not automatic → head off punching line; body angle not automatic,짧은 자유손·심판 break·홀딩 반칙,range clinch; arms restricted; no holding-and-hitting,상황 의존적 / 성공률 미측정,biomechanical inference,"[""S17""]",기초 동작 또는 물리 원리의 근거; 이 전체 연쇄의 직접 검증 아님,N04,"[""startup"", ""extension / displacement"", ""impact attempt / evade"", ""recovery pending""]",미확정: 다음 방어·타이밍 분기에 따름,,
E0067,N04_S9,N04_S10,BREAK,A,range transition / angle creation,"{""distance"": ""clinch"", ""timing"": ""심판 break 뒤 재개 / 같은 손 재사용은 회수·지지면 확보가 전제"", ""stance"": ""OO"", ""foot_position"": ""neutral"", ""ring_position"": ""center"", ""positional_requirement"": ""머리·표적·손·지지면의 실제 경로가 겹치는지 확인; 진입 필요 시 표시한 거리 변경 스텝 완료"", ""physical"": ""리치·키·속도·피로에 따라 창이 달라짐""}",clinch → long,head off punching line; body angle not automatic → centerline aligned,주도권·공간이 바뀜; break 중 공격 금지,range long; both neutral on restart,상황 의존적 / 성공률 미측정,biomechanical inference,"[""S17""]",기초 동작 또는 물리 원리의 근거; 이 전체 연쇄의 직접 검증 아님,N04,"[""startup"", ""extension / displacement"", ""impact attempt / evade"", ""recovery pending""]",미확정: 다음 방어·타이밍 분기에 따름,,
E0068,N04_S1,N04_S11,SIN,B,defensive response,"{""distance"": ""mid"", ""timing"": ""A 크로스 안쪽: OO에서 B 오른쪽; A 자유 앞손에 접근 / 같은 손 재사용은 회수·지지면 확보가 전제"", ""stance"": ""OO"", ""foot_position"": ""neutral"", ""ring_position"": ""center"", ""positional_requirement"": ""머리·표적·손·지지면의 실제 경로가 겹치는지 확인; 진입 필요 시 표시한 거리 변경 스텝 완료"", ""physical"": ""리치·키·속도·피로에 따라 창이 달라짐""}",mid → mid,centerline aligned → head off punching line; body angle not automatic,자유손 공격 통로로 접근,head inside incoming punch; range unchanged or 감소,상황 의존적 / 성공률 미측정,coaching consensus,"[""S02"", ""S07"", ""S16""]",기초 관계의 복수 코칭 근거,N04,"[""startup"", ""extension / displacement"", ""impact attempt / evade"", ""recovery pending""]",미확정: 다음 방어·타이밍 분기에 따름,,
E0069,N04_S11,N04_S12,LH,A,attack / continuation,"{""distance"": ""mid"", ""timing"": ""B가 stationary이고 앞손 훅 궤도 안에 남음 / 같은 손 재사용은 회수·지지면 확보가 전제"", ""stance"": ""OO"", ""foot_position"": ""neutral"", ""ring_position"": ""center"", ""positional_requirement"": ""머리·표적·손·지지면의 실제 경로가 겹치는지 확인; 진입 필요 시 표시한 거리 변경 스텝 완료"", ""physical"": ""리치·키·속도·피로에 따라 창이 달라짐""}",mid → mid,head off punching line; body angle not automatic → head off punching line; body angle not automatic,넓게 돌면 직선 인터셉트와 반대 훅에 노출,lead arm recovery; 반대 회전 또는 피벗 준비 가능,상황 의존적 / 성공률 미측정,biomechanical inference,"[""S03""]",기초 동작 또는 물리 원리의 근거; 이 전체 연쇄의 직접 검증 아님,N04,"[""startup"", ""extension / displacement"", ""impact attempt / evade"", ""recovery pending""]",미확정: 다음 방어·타이밍 분기에 따름,,
E0070,N04_S12,N04_S13,ROLL,B,defensive response,"{""distance"": ""mid"", ""timing"": ""늦지 않게 높이를 낮추고 옆 출구 선택 / 같은 손 재사용은 회수·지지면 확보가 전제"", ""stance"": ""OO"", ""foot_position"": ""neutral"", ""ring_position"": ""center"", ""positional_requirement"": ""머리·표적·손·지지면의 실제 경로가 겹치는지 확인; 진입 필요 시 표시한 거리 변경 스텝 완료"", ""physical"": ""리치·키·속도·피로에 따라 창이 달라짐""}",mid → mid,head off punching line; body angle not automatic → head off punching line; body angle not automatic,반복 경로·허리 굽힘·다음 낮은 공격,low→side head; 회전·하중은 출구 의존,상황 의존적 / 성공률 미측정,coaching consensus,"[""S01"", ""S08"", ""S16""]",기초 관계의 복수 코칭 근거,N04,"[""startup"", ""extension / displacement"", ""impact attempt / evade"", ""recovery pending""]",미확정: 다음 방어·타이밍 분기에 따름,,
E0071,N04_S13,N04_S14,RU,B,attack / continuation,"{""distance"": ""mid"", ""timing"": ""롤 이후 A가 중앙으로 돌아오고 짧은 상승 사거리 / 같은 손 재사용은 회수·지지면 확보가 전제"", ""stance"": ""OO"", ""foot_position"": ""neutral"", ""ring_position"": ""center"", ""positional_requirement"": ""머리·표적·손·지지면의 실제 경로가 겹치는지 확인; 진입 필요 시 표시한 거리 변경 스텝 완료"", ""physical"": ""리치·키·속도·피로에 따라 창이 달라짐""}",mid → mid,head off punching line; body angle not automatic → head off punching line; body angle not automatic,준비 때 손을 내리면 훅·직선에 노출,rear arm recovery; 상승·회전 운동,상황 의존적 / 성공률 미측정,biomechanical inference,"[""S03""]",기초 동작 또는 물리 원리의 근거; 이 전체 연쇄의 직접 검증 아님,N04,"[""startup"", ""extension / displacement"", ""impact attempt / evade"", ""recovery pending""]",미확정: 다음 방어·타이밍 분기에 따름,,
E0072,N04_S14,N04_S15,BLOCK,A,defensive response,"{""distance"": ""mid"", ""timing"": ""가드 중앙을 좁혀 받음 / 같은 손 재사용은 회수·지지면 확보가 전제"", ""stance"": ""OO"", ""foot_position"": ""neutral"", ""ring_position"": ""center"", ""positional_requirement"": ""머리·표적·손·지지면의 실제 경로가 겹치는지 확인; 진입 필요 시 표시한 거리 변경 스텝 완료"", ""physical"": ""리치·키·속도·피로에 따라 창이 달라짐""}",mid → mid,head off punching line; body angle not automatic → head off punching line; body angle not automatic,충격·다른 표적 열림·고정 방어 읽힘,지정 표적 cover; 반대 표적은 조건부 공백,상황 의존적 / 성공률 미측정,biomechanical inference,"[""S01"", ""S02""]",기초 동작 또는 물리 원리의 근거; 이 전체 연쇄의 직접 검증 아님,N04,"[""startup"", ""extension / displacement"", ""impact attempt / evade"", ""recovery pending""]",미확정: 다음 방어·타이밍 분기에 따름,,
E0073,N04_S15,N04_S16,EXIT,A,range transition / angle creation,"{""distance"": ""mid"", ""timing"": ""연속 교환을 끊을 측면 공간 / 같은 손 재사용은 회수·지지면 확보가 전제"", ""stance"": ""OO"", ""foot_position"": ""neutral"", ""ring_position"": ""center"", ""positional_requirement"": ""머리·표적·손·지지면의 실제 경로가 겹치는지 확인; 진입 필요 시 표시한 거리 변경 스텝 완료"", ""physical"": ""리치·키·속도·피로에 따라 창이 달라짐""}",mid → mid,head off punching line; body angle not automatic → off-line candidate; opponent may reorient,상대 훅·링 커팅·뒤돌기 금지,angle changes then guard/range reset,상황 의존적 / 성공률 미측정,biomechanical inference,"[""S06""]",기초 동작 또는 물리 원리의 근거; 이 전체 연쇄의 직접 검증 아님,N04,"[""startup"", ""extension / displacement"", ""impact attempt / evade"", ""recovery pending""]",미확정: 다음 방어·타이밍 분기에 따름,,
E0074,N04_S16,N04_S17,RESET,B,range transition / angle creation,"{""distance"": ""mid"", ""timing"": ""옆 이동에 재지향 / 같은 손 재사용은 회수·지지면 확보가 전제"", ""stance"": ""OO"", ""foot_position"": ""angle candidate"", ""ring_position"": ""center"", ""positional_requirement"": ""머리·표적·손·지지면의 실제 경로가 겹치는지 확인; 진입 필요 시 표시한 거리 변경 스텝 완료"", ""physical"": ""리치·키·속도·피로에 따라 창이 달라짐""}",mid → mid,off-line candidate; opponent may reorient → centerline aligned,시간 비용; 상대가 계속 치면 완료 불가,neutral phases and guard only when window secured,상황 의존적 / 성공률 미측정,biomechanical inference,"[""S06""]",기초 동작 또는 물리 원리의 근거; 이 전체 연쇄의 직접 검증 아님,N04,"[""startup"", ""extension / displacement"", ""impact attempt / evade"", ""recovery pending""]",미확정: 다음 방어·타이밍 분기에 따름,,
E0075,N05_S0,N05_S1,JAB,A,attack / continuation,"{""distance"": ""long"", ""timing"": ""잽 끝거리 / 같은 손 재사용은 회수·지지면 확보가 전제"", ""stance"": ""OO"", ""foot_position"": ""neutral"", ""ring_position"": ""center"", ""positional_requirement"": ""머리·표적·손·지지면의 실제 경로가 겹치는지 확인; 진입 필요 시 표시한 거리 변경 스텝 완료"", ""physical"": ""리치·키·속도·피로에 따라 창이 달라짐""}",long → long,centerline aligned → centerline aligned,앞손 복귀 동안 같은 쪽 가드가 비며 단조로운 타이밍을 읽힐 수 있음,앞손 extension/recovery; 머리는 설계에 따라 center 또는 off-line,상황 의존적 / 성공률 미측정,biomechanical inference,"[""S01"", ""S02""]",기초 동작 또는 물리 원리의 근거; 이 전체 연쇄의 직접 검증 아님,N05,"[""startup"", ""extension / displacement"", ""impact attempt / evade"", ""recovery pending""]",미확정: 다음 방어·타이밍 분기에 따름,,
E0076,N05_S1,N05_S2,PULL,B,defensive response,"{""distance"": ""long"", ""timing"": ""작은 후방 머리 이동만으로 잽이 짧아짐 / 같은 손 재사용은 회수·지지면 확보가 전제"", ""stance"": ""OO"", ""foot_position"": ""neutral"", ""ring_position"": ""center"", ""positional_requirement"": ""머리·표적·손·지지면의 실제 경로가 겹치는지 확인; 진입 필요 시 표시한 거리 변경 스텝 완료"", ""physical"": ""리치·키·속도·피로에 따라 창이 달라짐""}",long → long,centerline aligned → centerline aligned,몸통 사거리 유지·추격 두 번째 펀치,"head rearward; rear loaded 경향, 과도한 경우 균형 감소",상황 의존적 / 성공률 미측정,biomechanical inference,"[""S01"", ""S02""]",기초 동작 또는 물리 원리의 근거; 이 전체 연쇄의 직접 검증 아님,N05,"[""startup"", ""extension / displacement"", ""impact attempt / evade"", ""recovery pending""]",미확정: 다음 방어·타이밍 분기에 따름,,
E0077,N05_S2,N05_S3,CC,B,counter,"{""distance"": ""long"", ""timing"": ""B 균형·뒷손 사거리 남고 A 잽 회수 중 / 같은 손 재사용은 회수·지지면 확보가 전제"", ""stance"": ""OO"", ""foot_position"": ""neutral"", ""ring_position"": ""center"", ""positional_requirement"": ""머리·표적·손·지지면의 실제 경로가 겹치는지 확인; 진입 필요 시 표시한 거리 변경 스텝 완료"", ""physical"": ""리치·키·속도·피로에 따라 창이 달라짐""}",long → long,centerline aligned → centerline aligned,과도한 진입·다음 훅 위험,rear recovery와 몸통 회전,상황 의존적 / 성공률 미측정,biomechanical inference,"[""S03"", ""S07""]",기초 동작 또는 물리 원리의 근거; 이 전체 연쇄의 직접 검증 아님,N05,"[""startup"", ""extension / displacement"", ""impact attempt / evade"", ""recovery pending""]",미확정: 다음 방어·타이밍 분기에 따름,,
E0078,N05_S3,N05_S4,SOUT,A,defensive response,"{""distance"": ""long"", ""timing"": ""카운터 크로스 바깥으로 이동 / 같은 손 재사용은 회수·지지면 확보가 전제"", ""stance"": ""OO"", ""foot_position"": ""neutral"", ""ring_position"": ""center"", ""positional_requirement"": ""머리·표적·손·지지면의 실제 경로가 겹치는지 확인; 진입 필요 시 표시한 거리 변경 스텝 완료"", ""physical"": ""리치·키·속도·피로에 따라 창이 달라짐""}",long → long,centerline aligned → head off punching line; body angle not automatic,다음 펀치 재조준·훅·균형 손실,head outside incoming punch; 발각도 자동 우위 아님,상황 의존적 / 성공률 미측정,coaching consensus,"[""S02"", ""S07"", ""S16""]",기초 관계의 복수 코칭 근거,N05,"[""startup"", ""extension / displacement"", ""impact attempt / evade"", ""recovery pending""]",미확정: 다음 방어·타이밍 분기에 따름,,
E0079,N05_S4,N05_S5,CH,A,counter,"{""distance"": ""long"", ""timing"": ""짧은 발 보정으로 훅 사거리 확보 / 같은 손 재사용은 회수·지지면 확보가 전제"", ""stance"": ""OO"", ""foot_position"": ""neutral"", ""ring_position"": ""center"", ""positional_requirement"": ""머리·표적·손·지지면의 실제 경로가 겹치는지 확인; 진입 필요 시 표시한 거리 변경 스텝 완료"", ""physical"": ""리치·키·속도·피로에 따라 창이 달라짐""}",long → mid,head off punching line; body angle not automatic → head off punching line; body angle not automatic,"짧은 사거리, 반대 손 카운터",lead recovery; 회전 momentum,상황 의존적 / 성공률 미측정,biomechanical inference,"[""S03"", ""S16""]",기초 동작 또는 물리 원리의 근거; 이 전체 연쇄의 직접 검증 아님,N05,"[""startup"", ""extension / displacement"", ""impact attempt / evade"", ""recovery pending""]",미확정: 다음 방어·타이밍 분기에 따름,,
E0080,N05_S5,N05_S6,BLOCK,B,defensive response,"{""distance"": ""mid"", ""timing"": ""B 가드 회수 완료; 훅 측면 닫음 / 같은 손 재사용은 회수·지지면 확보가 전제"", ""stance"": ""OO"", ""foot_position"": ""neutral"", ""ring_position"": ""center"", ""positional_requirement"": ""머리·표적·손·지지면의 실제 경로가 겹치는지 확인; 진입 필요 시 표시한 거리 변경 스텝 완료"", ""physical"": ""리치·키·속도·피로에 따라 창이 달라짐""}",mid → mid,head off punching line; body angle not automatic → head off punching line; body angle not automatic,충격·다른 표적 열림·고정 방어 읽힘,지정 표적 cover; 반대 표적은 조건부 공백,상황 의존적 / 성공률 미측정,biomechanical inference,"[""S01"", ""S02""]",기초 동작 또는 물리 원리의 근거; 이 전체 연쇄의 직접 검증 아님,N05,"[""startup"", ""extension / displacement"", ""impact attempt / evade"", ""recovery pending""]",미확정: 다음 방어·타이밍 분기에 따름,,
E0081,N05_S6,N05_S7,EXIT,B,range transition / angle creation,"{""distance"": ""mid"", ""timing"": ""옆 출구 확보 / 같은 손 재사용은 회수·지지면 확보가 전제"", ""stance"": ""OO"", ""foot_position"": ""neutral"", ""ring_position"": ""center"", ""positional_requirement"": ""머리·표적·손·지지면의 실제 경로가 겹치는지 확인; 진입 필요 시 표시한 거리 변경 스텝 완료"", ""physical"": ""리치·키·속도·피로에 따라 창이 달라짐""}",mid → mid,head off punching line; body angle not automatic → off-line candidate; opponent may reorient,상대 훅·링 커팅·뒤돌기 금지,angle changes then guard/range reset,상황 의존적 / 성공률 미측정,biomechanical inference,"[""S06""]",기초 동작 또는 물리 원리의 근거; 이 전체 연쇄의 직접 검증 아님,N05,"[""startup"", ""extension / displacement"", ""impact attempt / evade"", ""recovery pending""]",미확정: 다음 방어·타이밍 분기에 따름,,
E0082,N05_S7,N05_S8,RESET,A,range transition / angle creation,"{""distance"": ""mid"", ""timing"": ""추격 대신 다시 잽 거리 / 같은 손 재사용은 회수·지지면 확보가 전제"", ""stance"": ""OO"", ""foot_position"": ""angle candidate"", ""ring_position"": ""center"", ""positional_requirement"": ""머리·표적·손·지지면의 실제 경로가 겹치는지 확인; 진입 필요 시 표시한 거리 변경 스텝 완료"", ""physical"": ""리치·키·속도·피로에 따라 창이 달라짐""}",mid → long,off-line candidate; opponent may reorient → centerline aligned,시간 비용; 상대가 계속 치면 완료 불가,neutral phases and guard only when window secured,상황 의존적 / 성공률 미측정,biomechanical inference,"[""S06""]",기초 동작 또는 물리 원리의 근거; 이 전체 연쇄의 직접 검증 아님,N05,"[""startup"", ""extension / displacement"", ""impact attempt / evade"", ""recovery pending""]",미확정: 다음 방어·타이밍 분기에 따름,,
E0083,N05_S0,N05_S9,JAB,A,attack / continuation,"{""distance"": ""long"", ""timing"": ""B 풀 습관이 관찰된 끝거리 / 같은 손 재사용은 회수·지지면 확보가 전제"", ""stance"": ""OO"", ""foot_position"": ""neutral"", ""ring_position"": ""center"", ""positional_requirement"": ""머리·표적·손·지지면의 실제 경로가 겹치는지 확인; 진입 필요 시 표시한 거리 변경 스텝 완료"", ""physical"": ""리치·키·속도·피로에 따라 창이 달라짐""}",long → long,centerline aligned → centerline aligned,앞손 복귀 동안 같은 쪽 가드가 비며 단조로운 타이밍을 읽힐 수 있음,앞손 extension/recovery; 머리는 설계에 따라 center 또는 off-line,상황 의존적 / 성공률 미측정,biomechanical inference,"[""S01"", ""S02""]",기초 동작 또는 물리 원리의 근거; 이 전체 연쇄의 직접 검증 아님,N05,"[""startup"", ""extension / displacement"", ""impact attempt / evade"", ""recovery pending""]",미확정: 다음 방어·타이밍 분기에 따름,,
E0084,N05_S9,N05_S10,PULL,B,defensive response,"{""distance"": ""long"", ""timing"": ""B 머리 후방; 발은 그대로 / 같은 손 재사용은 회수·지지면 확보가 전제"", ""stance"": ""OO"", ""foot_position"": ""neutral"", ""ring_position"": ""center"", ""positional_requirement"": ""머리·표적·손·지지면의 실제 경로가 겹치는지 확인; 진입 필요 시 표시한 거리 변경 스텝 완료"", ""physical"": ""리치·키·속도·피로에 따라 창이 달라짐""}",long → long,centerline aligned → centerline aligned,몸통 사거리 유지·추격 두 번째 펀치,"head rearward; rear loaded 경향, 과도한 경우 균형 감소",상황 의존적 / 성공률 미측정,biomechanical inference,"[""S01"", ""S02""]",기초 동작 또는 물리 원리의 근거; 이 전체 연쇄의 직접 검증 아님,N05,"[""startup"", ""extension / displacement"", ""impact attempt / evade"", ""recovery pending""]",미확정: 다음 방어·타이밍 분기에 따름,,
E0085,N05_S10,N05_S11,DOUBLE,A,attack / continuation,"{""distance"": ""long"", ""timing"": ""A가 균형 있는 스텝으로 두 번째 잽 도달 / 같은 손 재사용은 회수·지지면 확보가 전제"", ""stance"": ""OO"", ""foot_position"": ""neutral"", ""ring_position"": ""center"", ""positional_requirement"": ""머리·표적·손·지지면의 실제 경로가 겹치는지 확인; 진입 필요 시 표시한 거리 변경 스텝 완료"", ""physical"": ""리치·키·속도·피로에 따라 창이 달라짐""}",long → mid,centerline aligned → centerline aligned,"두 잽 사이 인터셉트, 연속 전진의 균형 손실",앞손 반복 extension; 발의 추격 여부가 거리 결정,상황 의존적 / 성공률 미측정,biomechanical inference,"[""S01"", ""S06""]",기초 동작 또는 물리 원리의 근거; 이 전체 연쇄의 직접 검증 아님,N05,"[""startup"", ""extension / displacement"", ""impact attempt / evade"", ""recovery pending""]",미확정: 다음 방어·타이밍 분기에 따름,,
E0086,N05_S11,N05_S12,BACK,B,range transition / angle creation,"{""distance"": ""mid"", ""timing"": ""상체만 더 젖히지 않고 발 후퇴 / 같은 손 재사용은 회수·지지면 확보가 전제"", ""stance"": ""OO"", ""foot_position"": ""neutral"", ""ring_position"": ""center"", ""positional_requirement"": ""머리·표적·손·지지면의 실제 경로가 겹치는지 확인; 진입 필요 시 표시한 거리 변경 스텝 완료"", ""physical"": ""리치·키·속도·피로에 따라 창이 달라짐""}",mid → long,centerline aligned → centerline aligned,추격·로프·전진 반격에 새 스텝 필요,range 증가; rear space 소비,상황 의존적 / 성공률 미측정,biomechanical inference,"[""S01"", ""S06""]",기초 동작 또는 물리 원리의 근거; 이 전체 연쇄의 직접 검증 아님,N05,"[""startup"", ""extension / displacement"", ""impact attempt / evade"", ""recovery pending""]",미확정: 다음 방어·타이밍 분기에 따름,,
E0087,N05_S12,N05_S13,BJAB,A,attack / continuation,"{""distance"": ""long"", ""timing"": ""B 머리보다 가까운 몸통 표적 도달 / 같은 손 재사용은 회수·지지면 확보가 전제"", ""stance"": ""OO"", ""foot_position"": ""neutral"", ""ring_position"": ""center"", ""positional_requirement"": ""머리·표적·손·지지면의 실제 경로가 겹치는지 확인; 진입 필요 시 표시한 거리 변경 스텝 완료"", ""physical"": ""리치·키·속도·피로에 따라 창이 달라짐""}",long → long,centerline aligned → centerline aligned,머리가 전방 low에 머물면 위쪽 카운터에 접근,low head; 앞손 회수; 보디 표적 라인,상황 의존적 / 성공률 미측정,biomechanical inference,"[""S01"", ""S10""]",기초 동작 또는 물리 원리의 근거; 이 전체 연쇄의 직접 검증 아님,N05,"[""startup"", ""extension / displacement"", ""impact attempt / evade"", ""recovery pending""]",미확정: 다음 방어·타이밍 분기에 따름,,
E0088,N05_S13,N05_S14,CATCH,B,defensive response,"{""distance"": ""long"", ""timing"": ""보디 궤도에 맞춘 작은 방어; 머리 가드 유지 / 같은 손 재사용은 회수·지지면 확보가 전제"", ""stance"": ""OO"", ""foot_position"": ""neutral"", ""ring_position"": ""center"", ""positional_requirement"": ""머리·표적·손·지지면의 실제 경로가 겹치는지 확인; 진입 필요 시 표시한 거리 변경 스텝 완료"", ""physical"": ""리치·키·속도·피로에 따라 창이 달라짐""}",long → long,centerline aligned → centerline aligned,큰 도달·글러브가 얼굴로 밀림·페인트 반응,받는 손 작은 이동; free hand available,상황 의존적 / 성공률 미측정,coaching consensus,"[""S02"", ""S11""]",기초 관계의 복수 코칭 근거,N05,"[""startup"", ""extension / displacement"", ""impact attempt / evade"", ""recovery pending""]",미확정: 다음 방어·타이밍 분기에 따름,,
E0089,N05_S14,N05_S15,CJ,B,counter,"{""distance"": ""long"", ""timing"": ""A 낮은 머리 복귀가 느리고 앞손 사거리 / 같은 손 재사용은 회수·지지면 확보가 전제"", ""stance"": ""OO"", ""foot_position"": ""neutral"", ""ring_position"": ""center"", ""positional_requirement"": ""머리·표적·손·지지면의 실제 경로가 겹치는지 확인; 진입 필요 시 표시한 거리 변경 스텝 완료"", ""physical"": ""리치·키·속도·피로에 따라 창이 달라짐""}",long → long,centerline aligned → centerline aligned,상대의 두 번째 공격에 다시 읽힘,lead extension/recovery; 즉시 방어 필요,상황 의존적 / 성공률 미측정,biomechanical inference,"[""S11"", ""S16""]",기초 동작 또는 물리 원리의 근거; 이 전체 연쇄의 직접 검증 아님,N05,"[""startup"", ""extension / displacement"", ""impact attempt / evade"", ""recovery pending""]",미확정: 다음 방어·타이밍 분기에 따름,,
E0090,N05_S15,N05_S16,EXIT,A,range transition / angle creation,"{""distance"": ""long"", ""timing"": ""가드를 올리며 옆 이동 / 같은 손 재사용은 회수·지지면 확보가 전제"", ""stance"": ""OO"", ""foot_position"": ""neutral"", ""ring_position"": ""center"", ""positional_requirement"": ""머리·표적·손·지지면의 실제 경로가 겹치는지 확인; 진입 필요 시 표시한 거리 변경 스텝 완료"", ""physical"": ""리치·키·속도·피로에 따라 창이 달라짐""}",long → long,centerline aligned → off-line candidate; opponent may reorient,상대 훅·링 커팅·뒤돌기 금지,angle changes then guard/range reset,상황 의존적 / 성공률 미측정,biomechanical inference,"[""S06""]",기초 동작 또는 물리 원리의 근거; 이 전체 연쇄의 직접 검증 아님,N05,"[""startup"", ""extension / displacement"", ""impact attempt / evade"", ""recovery pending""]",미확정: 다음 방어·타이밍 분기에 따름,,
E0091,N06_S0,N06_S1,LH,A,attack / continuation,"{""distance"": ""pocket"", ""timing"": ""B 머리 측면으로 짧은 앞손 훅 / 같은 손 재사용은 회수·지지면 확보가 전제"", ""stance"": ""OO"", ""foot_position"": ""neutral"", ""ring_position"": ""center"", ""positional_requirement"": ""머리·표적·손·지지면의 실제 경로가 겹치는지 확인; 진입 필요 시 표시한 거리 변경 스텝 완료"", ""physical"": ""리치·키·속도·피로에 따라 창이 달라짐""}",pocket → pocket,centerline aligned → centerline aligned,넓게 돌면 직선 인터셉트와 반대 훅에 노출,lead arm recovery; 반대 회전 또는 피벗 준비 가능,상황 의존적 / 성공률 미측정,biomechanical inference,"[""S03""]",기초 동작 또는 물리 원리의 근거; 이 전체 연쇄의 직접 검증 아님,N06,"[""startup"", ""extension / displacement"", ""impact attempt / evade"", ""recovery pending""]",미확정: 다음 방어·타이밍 분기에 따름,,
E0092,N06_S1,N06_S2,ROLL,B,defensive response,"{""distance"": ""pocket"", ""timing"": ""높은 훅 아래 곡선으로 이동 / 같은 손 재사용은 회수·지지면 확보가 전제"", ""stance"": ""OO"", ""foot_position"": ""neutral"", ""ring_position"": ""center"", ""positional_requirement"": ""머리·표적·손·지지면의 실제 경로가 겹치는지 확인; 진입 필요 시 표시한 거리 변경 스텝 완료"", ""physical"": ""리치·키·속도·피로에 따라 창이 달라짐""}",pocket → pocket,centerline aligned → centerline aligned,반복 경로·허리 굽힘·다음 낮은 공격,low→side head; 회전·하중은 출구 의존,상황 의존적 / 성공률 미측정,coaching consensus,"[""S01"", ""S08"", ""S16""]",기초 관계의 복수 코칭 근거,N06,"[""startup"", ""extension / displacement"", ""impact attempt / evade"", ""recovery pending""]",미확정: 다음 방어·타이밍 분기에 따름,,
E0093,N06_S2,N06_S3,RU,A,attack / continuation,"{""distance"": ""pocket"", ""timing"": ""B가 롤 중 낮은 중앙을 통과하며 상승 궤도와 겹칠 때만 / 같은 손 재사용은 회수·지지면 확보가 전제"", ""stance"": ""OO"", ""foot_position"": ""neutral"", ""ring_position"": ""center"", ""positional_requirement"": ""머리·표적·손·지지면의 실제 경로가 겹치는지 확인; 진입 필요 시 표시한 거리 변경 스텝 완료"", ""physical"": ""리치·키·속도·피로에 따라 창이 달라짐""}",pocket → pocket,centerline aligned → centerline aligned,준비 때 손을 내리면 훅·직선에 노출,rear arm recovery; 상승·회전 운동,상황 의존적 / 성공률 미측정,biomechanical inference,"[""S03""]",기초 동작 또는 물리 원리의 근거; 이 전체 연쇄의 직접 검증 아님,N06,"[""startup"", ""extension / displacement"", ""impact attempt / evade"", ""recovery pending""]",미확정: 다음 방어·타이밍 분기에 따름,,
E0094,N06_S3,N06_S4,SPIVOT,B,defensive response,"{""distance"": ""pocket"", ""timing"": ""머리를 상승선 바깥으로 빼고 발각도도 변경 / 같은 손 재사용은 회수·지지면 확보가 전제"", ""stance"": ""OO"", ""foot_position"": ""neutral"", ""ring_position"": ""center"", ""positional_requirement"": ""머리·표적·손·지지면의 실제 경로가 겹치는지 확인; 진입 필요 시 표시한 거리 변경 스텝 완료"", ""physical"": ""리치·키·속도·피로에 따라 창이 달라짐""}",pocket → pocket,centerline aligned → off-line candidate; opponent may reorient,축발·출구가 막히면 회전 미완,off-line; angle advantage 조건부,상황 의존적 / 성공률 미측정,biomechanical inference,"[""S06"", ""S07""]",기초 동작 또는 물리 원리의 근거; 이 전체 연쇄의 직접 검증 아님,N06,"[""startup"", ""extension / displacement"", ""impact attempt / evade"", ""recovery pending""]",미확정: 다음 방어·타이밍 분기에 따름,,
E0095,N06_S4,N06_S5,CH,B,counter,"{""distance"": ""pocket"", ""timing"": ""A 어퍼컷 팔 회수·측면 노출 사거리 / 같은 손 재사용은 회수·지지면 확보가 전제"", ""stance"": ""OO"", ""foot_position"": ""angle candidate"", ""ring_position"": ""center"", ""positional_requirement"": ""머리·표적·손·지지면의 실제 경로가 겹치는지 확인; 진입 필요 시 표시한 거리 변경 스텝 완료"", ""physical"": ""리치·키·속도·피로에 따라 창이 달라짐""}",pocket → pocket,off-line candidate; opponent may reorient → off-line candidate; opponent may reorient,"짧은 사거리, 반대 손 카운터",lead recovery; 회전 momentum,상황 의존적 / 성공률 미측정,biomechanical inference,"[""S03"", ""S16""]",기초 동작 또는 물리 원리의 근거; 이 전체 연쇄의 직접 검증 아님,N06,"[""startup"", ""extension / displacement"", ""impact attempt / evade"", ""recovery pending""]",미확정: 다음 방어·타이밍 분기에 따름,,
E0096,N06_S5,N06_S6,BLOCK,A,defensive response,"{""distance"": ""pocket"", ""timing"": ""반격 훅 면을 닫음 / 같은 손 재사용은 회수·지지면 확보가 전제"", ""stance"": ""OO"", ""foot_position"": ""angle candidate"", ""ring_position"": ""center"", ""positional_requirement"": ""머리·표적·손·지지면의 실제 경로가 겹치는지 확인; 진입 필요 시 표시한 거리 변경 스텝 완료"", ""physical"": ""리치·키·속도·피로에 따라 창이 달라짐""}",pocket → pocket,off-line candidate; opponent may reorient → off-line candidate; opponent may reorient,충격·다른 표적 열림·고정 방어 읽힘,지정 표적 cover; 반대 표적은 조건부 공백,상황 의존적 / 성공률 미측정,biomechanical inference,"[""S01"", ""S02""]",기초 동작 또는 물리 원리의 근거; 이 전체 연쇄의 직접 검증 아님,N06,"[""startup"", ""extension / displacement"", ""impact attempt / evade"", ""recovery pending""]",미확정: 다음 방어·타이밍 분기에 따름,,
E0097,N06_S6,N06_S7,EXIT,A,range transition / angle creation,"{""distance"": ""pocket"", ""timing"": ""옆 출구에서 가드 복구 / 같은 손 재사용은 회수·지지면 확보가 전제"", ""stance"": ""OO"", ""foot_position"": ""angle candidate"", ""ring_position"": ""center"", ""positional_requirement"": ""머리·표적·손·지지면의 실제 경로가 겹치는지 확인; 진입 필요 시 표시한 거리 변경 스텝 완료"", ""physical"": ""리치·키·속도·피로에 따라 창이 달라짐""}",pocket → pocket,off-line candidate; opponent may reorient → off-line candidate; opponent may reorient,상대 훅·링 커팅·뒤돌기 금지,angle changes then guard/range reset,상황 의존적 / 성공률 미측정,biomechanical inference,"[""S06""]",기초 동작 또는 물리 원리의 근거; 이 전체 연쇄의 직접 검증 아님,N06,"[""startup"", ""extension / displacement"", ""impact attempt / evade"", ""recovery pending""]",미확정: 다음 방어·타이밍 분기에 따름,,
E0098,N06_S7,N06_S8,RESET,B,range transition / angle creation,"{""distance"": ""pocket"", ""timing"": ""새 bearing에 재정렬 / 같은 손 재사용은 회수·지지면 확보가 전제"", ""stance"": ""OO"", ""foot_position"": ""angle candidate"", ""ring_position"": ""center"", ""positional_requirement"": ""머리·표적·손·지지면의 실제 경로가 겹치는지 확인; 진입 필요 시 표시한 거리 변경 스텝 완료"", ""physical"": ""리치·키·속도·피로에 따라 창이 달라짐""}",pocket → pocket,off-line candidate; opponent may reorient → centerline aligned,시간 비용; 상대가 계속 치면 완료 불가,neutral phases and guard only when window secured,상황 의존적 / 성공률 미측정,biomechanical inference,"[""S06""]",기초 동작 또는 물리 원리의 근거; 이 전체 연쇄의 직접 검증 아님,N06,"[""startup"", ""extension / displacement"", ""impact attempt / evade"", ""recovery pending""]",미확정: 다음 방어·타이밍 분기에 따름,,
E0099,N06_S2,N06_S9,CB,B,counter,"{""distance"": ""pocket"", ""timing"": ""A 훅 회수 전에 롤 출구에서 합법 보디 도달 / 같은 손 재사용은 회수·지지면 확보가 전제"", ""stance"": ""OO"", ""foot_position"": ""neutral"", ""ring_position"": ""center"", ""positional_requirement"": ""머리·표적·손·지지면의 실제 경로가 겹치는지 확인; 진입 필요 시 표시한 거리 변경 스텝 완료"", ""physical"": ""리치·키·속도·피로에 따라 창이 달라짐""}",pocket → pocket,centerline aligned → centerline aligned,머리를 맞교환 라인에 두면 위험,low head 선택; 공격팔 회수,상황 의존적 / 성공률 미측정,biomechanical inference,"[""S16"", ""S10""]",기초 동작 또는 물리 원리의 근거; 이 전체 연쇄의 직접 검증 아님,N06,"[""startup"", ""extension / displacement"", ""impact attempt / evade"", ""recovery pending""]",미확정: 다음 방어·타이밍 분기에 따름,,
E0100,N06_S9,N06_S10,ELBOW,A,defensive response,"{""distance"": ""pocket"", ""timing"": ""가드 손을 유지하며 팔꿈치·회전 / 같은 손 재사용은 회수·지지면 확보가 전제"", ""stance"": ""OO"", ""foot_position"": ""neutral"", ""ring_position"": ""center"", ""positional_requirement"": ""머리·표적·손·지지면의 실제 경로가 겹치는지 확인; 진입 필요 시 표시한 거리 변경 스텝 완료"", ""physical"": ""리치·키·속도·피로에 따라 창이 달라짐""}",pocket → pocket,centerline aligned → centerline aligned,같은 쪽 머리 가드가 실제로 내려가면 head opening,guard elbow-tucked; 머리 가드 하강은 별도 분기,상황 의존적 / 성공률 미측정,coaching consensus,"[""S01"", ""S16""]",기초 관계의 복수 코칭 근거,N06,"[""startup"", ""extension / displacement"", ""impact attempt / evade"", ""recovery pending""]",미확정: 다음 방어·타이밍 분기에 따름,,
E0101,N06_S10,N06_S11,RH,A,attack / continuation,"{""distance"": ""pocket"", ""timing"": ""B 앞손 보디 공격으로 같은 쪽 머리가 실제 비는 경우 / 같은 손 재사용은 회수·지지면 확보가 전제"", ""stance"": ""OO"", ""foot_position"": ""neutral"", ""ring_position"": ""center"", ""positional_requirement"": ""머리·표적·손·지지면의 실제 경로가 겹치는지 확인; 진입 필요 시 표시한 거리 변경 스텝 완료"", ""physical"": ""리치·키·속도·피로에 따라 창이 달라짐""}",pocket → pocket,centerline aligned → centerline aligned,큰 궤적과 뒷손 가드 공백,rear arm recovery; 회전 상태 변형 의존,상황 의존적 / 성공률 미측정,biomechanical inference,"[""S03""]",기초 동작 또는 물리 원리의 근거; 이 전체 연쇄의 직접 검증 아님,N06,"[""startup"", ""extension / displacement"", ""impact attempt / evade"", ""recovery pending""]",미확정: 다음 방어·타이밍 분기에 따름,,
E0102,N06_S11,N06_S12,HG,B,defensive response,"{""distance"": ""pocket"", ""timing"": ""측면 가드 복구가 가능한 타이밍 / 같은 손 재사용은 회수·지지면 확보가 전제"", ""stance"": ""OO"", ""foot_position"": ""neutral"", ""ring_position"": ""center"", ""positional_requirement"": ""머리·표적·손·지지면의 실제 경로가 겹치는지 확인; 진입 필요 시 표시한 거리 변경 스텝 완료"", ""physical"": ""리치·키·속도·피로에 따라 창이 달라짐""}",pocket → pocket,centerline aligned → centerline aligned,시야·보디·기동성 제한; 충격 전달 가능,guard high; body exposed는 팔꿈치 위치 의존,상황 의존적 / 성공률 미측정,biomechanical inference,"[""S01"", ""S02""]",기초 동작 또는 물리 원리의 근거; 이 전체 연쇄의 직접 검증 아님,N06,"[""startup"", ""extension / displacement"", ""impact attempt / evade"", ""recovery pending""]",미확정: 다음 방어·타이밍 분기에 따름,,
E0103,N06_S12,N06_S13,SMOTHER,B,defensive response,"{""distance"": ""pocket"", ""timing"": ""다음 넓은 훅 startup 전에 밀착 / 같은 손 재사용은 회수·지지면 확보가 전제"", ""stance"": ""OO"", ""foot_position"": ""neutral"", ""ring_position"": ""center"", ""positional_requirement"": ""머리·표적·손·지지면의 실제 경로가 겹치는지 확인; 진입 필요 시 표시한 거리 변경 스텝 완료"", ""physical"": ""리치·키·속도·피로에 따라 창이 달라짐""}",pocket → clinch,centerline aligned → centerline aligned,짧은 훅·어퍼컷·머리 충돌·위치 상실,range pocket/clinch; short punches remain,상황 의존적 / 성공률 미측정,biomechanical inference,"[""S06"", ""S17""]",기초 동작 또는 물리 원리의 근거; 이 전체 연쇄의 직접 검증 아님,N06,"[""startup"", ""extension / displacement"", ""impact attempt / evade"", ""recovery pending""]",미확정: 다음 방어·타이밍 분기에 따름,,
E0104,N06_S13,N06_S14,BREAK,A,range transition / angle creation,"{""distance"": ""clinch"", ""timing"": ""심판 분리와 재개 / 같은 손 재사용은 회수·지지면 확보가 전제"", ""stance"": ""OO"", ""foot_position"": ""neutral"", ""ring_position"": ""center"", ""positional_requirement"": ""머리·표적·손·지지면의 실제 경로가 겹치는지 확인; 진입 필요 시 표시한 거리 변경 스텝 완료"", ""physical"": ""리치·키·속도·피로에 따라 창이 달라짐""}",clinch → long,centerline aligned → centerline aligned,주도권·공간이 바뀜; break 중 공격 금지,range long; both neutral on restart,상황 의존적 / 성공률 미측정,biomechanical inference,"[""S17""]",기초 동작 또는 물리 원리의 근거; 이 전체 연쇄의 직접 검증 아님,N06,"[""startup"", ""extension / displacement"", ""impact attempt / evade"", ""recovery pending""]",미확정: 다음 방어·타이밍 분기에 따름,,
E0105,N07_S0,N07_S1,RH,A,attack / continuation,"{""distance"": ""mid"", ""timing"": ""중거리 뒷손 훅이 큰 궤적으로 시작 / 같은 손 재사용은 회수·지지면 확보가 전제"", ""stance"": ""OO"", ""foot_position"": ""neutral"", ""ring_position"": ""center"", ""positional_requirement"": ""머리·표적·손·지지면의 실제 경로가 겹치는지 확인; 진입 필요 시 표시한 거리 변경 스텝 완료"", ""physical"": ""리치·키·속도·피로에 따라 창이 달라짐""}",mid → mid,centerline aligned → centerline aligned,큰 궤적과 뒷손 가드 공백,rear arm recovery; 회전 상태 변형 의존,상황 의존적 / 성공률 미측정,biomechanical inference,"[""S03""]",기초 동작 또는 물리 원리의 근거; 이 전체 연쇄의 직접 검증 아님,N07,"[""startup"", ""extension / displacement"", ""impact attempt / evade"", ""recovery pending""]",미확정: 다음 방어·타이밍 분기에 따름,,
E0106,N07_S1,N07_S2,INTERCEPT,B,counter,"{""distance"": ""mid"", ""timing"": ""B 짧은 직선이 훅보다 먼저 도달하는 타이밍 / 같은 손 재사용은 회수·지지면 확보가 전제"", ""stance"": ""OO"", ""foot_position"": ""neutral"", ""ring_position"": ""center"", ""positional_requirement"": ""머리·표적·손·지지면의 실제 경로가 겹치는지 확인; 진입 필요 시 표시한 거리 변경 스텝 완료"", ""physical"": ""리치·키·속도·피로에 따라 창이 달라짐""}",mid → mid,centerline aligned → centerline aligned,머리가 라인에 남으면 동시 피격,자기 extension와 상대 startup 겹침,상황 의존적 / 성공률 미측정,biomechanical inference,"[""S01"", ""S06""]",기초 동작 또는 물리 원리의 근거; 이 전체 연쇄의 직접 검증 아님,N07,"[""startup"", ""extension / displacement"", ""impact attempt / evade"", ""recovery pending""]",미확정: 다음 방어·타이밍 분기에 따름,,
E0107,N07_S2,N07_S3,SOUT,A,defensive response,"{""distance"": ""mid"", ""timing"": ""직선 바깥으로 머리 이동하며 훅 중단 / 같은 손 재사용은 회수·지지면 확보가 전제"", ""stance"": ""OO"", ""foot_position"": ""neutral"", ""ring_position"": ""center"", ""positional_requirement"": ""머리·표적·손·지지면의 실제 경로가 겹치는지 확인; 진입 필요 시 표시한 거리 변경 스텝 완료"", ""physical"": ""리치·키·속도·피로에 따라 창이 달라짐""}",mid → mid,centerline aligned → head off punching line; body angle not automatic,다음 펀치 재조준·훅·균형 손실,head outside incoming punch; 발각도 자동 우위 아님,상황 의존적 / 성공률 미측정,coaching consensus,"[""S02"", ""S07"", ""S16""]",기초 관계의 복수 코칭 근거,N07,"[""startup"", ""extension / displacement"", ""impact attempt / evade"", ""recovery pending""]",미확정: 다음 방어·타이밍 분기에 따름,,
E0108,N07_S3,N07_S4,LH,A,attack / continuation,"{""distance"": ""mid"", ""timing"": ""B 직선 회수 전에 반대 짧은 훅 도달 / 같은 손 재사용은 회수·지지면 확보가 전제"", ""stance"": ""OO"", ""foot_position"": ""neutral"", ""ring_position"": ""center"", ""positional_requirement"": ""머리·표적·손·지지면의 실제 경로가 겹치는지 확인; 진입 필요 시 표시한 거리 변경 스텝 완료"", ""physical"": ""리치·키·속도·피로에 따라 창이 달라짐""}",mid → mid,head off punching line; body angle not automatic → head off punching line; body angle not automatic,넓게 돌면 직선 인터셉트와 반대 훅에 노출,lead arm recovery; 반대 회전 또는 피벗 준비 가능,상황 의존적 / 성공률 미측정,biomechanical inference,"[""S03""]",기초 동작 또는 물리 원리의 근거; 이 전체 연쇄의 직접 검증 아님,N07,"[""startup"", ""extension / displacement"", ""impact attempt / evade"", ""recovery pending""]",미확정: 다음 방어·타이밍 분기에 따름,,
E0109,N07_S4,N07_S5,BLOCK,B,defensive response,"{""distance"": ""mid"", ""timing"": ""측면 가드를 회수 / 같은 손 재사용은 회수·지지면 확보가 전제"", ""stance"": ""OO"", ""foot_position"": ""neutral"", ""ring_position"": ""center"", ""positional_requirement"": ""머리·표적·손·지지면의 실제 경로가 겹치는지 확인; 진입 필요 시 표시한 거리 변경 스텝 완료"", ""physical"": ""리치·키·속도·피로에 따라 창이 달라짐""}",mid → mid,head off punching line; body angle not automatic → head off punching line; body angle not automatic,충격·다른 표적 열림·고정 방어 읽힘,지정 표적 cover; 반대 표적은 조건부 공백,상황 의존적 / 성공률 미측정,biomechanical inference,"[""S01"", ""S02""]",기초 동작 또는 물리 원리의 근거; 이 전체 연쇄의 직접 검증 아님,N07,"[""startup"", ""extension / displacement"", ""impact attempt / evade"", ""recovery pending""]",미확정: 다음 방어·타이밍 분기에 따름,,
E0110,N07_S5,N07_S6,CB,B,counter,"{""distance"": ""mid"", ""timing"": ""A 앞손이 위로 복귀 중 몸통 사거리 / 같은 손 재사용은 회수·지지면 확보가 전제"", ""stance"": ""OO"", ""foot_position"": ""neutral"", ""ring_position"": ""center"", ""positional_requirement"": ""머리·표적·손·지지면의 실제 경로가 겹치는지 확인; 진입 필요 시 표시한 거리 변경 스텝 완료"", ""physical"": ""리치·키·속도·피로에 따라 창이 달라짐""}",mid → mid,head off punching line; body angle not automatic → head off punching line; body angle not automatic,머리를 맞교환 라인에 두면 위험,low head 선택; 공격팔 회수,상황 의존적 / 성공률 미측정,biomechanical inference,"[""S16"", ""S10""]",기초 동작 또는 물리 원리의 근거; 이 전체 연쇄의 직접 검증 아님,N07,"[""startup"", ""extension / displacement"", ""impact attempt / evade"", ""recovery pending""]",미확정: 다음 방어·타이밍 분기에 따름,,
E0111,N07_S6,N07_S7,ELBOW,A,defensive response,"{""distance"": ""mid"", ""timing"": ""보디 면 차단 / 같은 손 재사용은 회수·지지면 확보가 전제"", ""stance"": ""OO"", ""foot_position"": ""neutral"", ""ring_position"": ""center"", ""positional_requirement"": ""머리·표적·손·지지면의 실제 경로가 겹치는지 확인; 진입 필요 시 표시한 거리 변경 스텝 완료"", ""physical"": ""리치·키·속도·피로에 따라 창이 달라짐""}",mid → mid,head off punching line; body angle not automatic → head off punching line; body angle not automatic,같은 쪽 머리 가드가 실제로 내려가면 head opening,guard elbow-tucked; 머리 가드 하강은 별도 분기,상황 의존적 / 성공률 미측정,coaching consensus,"[""S01"", ""S16""]",기초 관계의 복수 코칭 근거,N07,"[""startup"", ""extension / displacement"", ""impact attempt / evade"", ""recovery pending""]",미확정: 다음 방어·타이밍 분기에 따름,,
E0112,N07_S7,N07_S8,PIVOT,A,range transition / angle creation,"{""distance"": ""mid"", ""timing"": ""발과 출구 확보 / 같은 손 재사용은 회수·지지면 확보가 전제"", ""stance"": ""OO"", ""foot_position"": ""neutral"", ""ring_position"": ""center"", ""positional_requirement"": ""머리·표적·손·지지면의 실제 경로가 겹치는지 확인; 진입 필요 시 표시한 거리 변경 스텝 완료"", ""physical"": ""리치·키·속도·피로에 따라 창이 달라짐""}",mid → mid,head off punching line; body angle not automatic → off-line candidate; opponent may reorient,축발 막힘·과회전·상대가 같이 돌기,relative angle conditional; range 거의 유지,상황 의존적 / 성공률 미측정,biomechanical inference,"[""S06""]",기초 동작 또는 물리 원리의 근거; 이 전체 연쇄의 직접 검증 아님,N07,"[""startup"", ""extension / displacement"", ""impact attempt / evade"", ""recovery pending""]",미확정: 다음 방어·타이밍 분기에 따름,,
E0113,N07_S8,N07_S9,RESET,B,range transition / angle creation,"{""distance"": ""mid"", ""timing"": ""재지향과 거리 복귀 / 같은 손 재사용은 회수·지지면 확보가 전제"", ""stance"": ""OO"", ""foot_position"": ""angle candidate"", ""ring_position"": ""center"", ""positional_requirement"": ""머리·표적·손·지지면의 실제 경로가 겹치는지 확인; 진입 필요 시 표시한 거리 변경 스텝 완료"", ""physical"": ""리치·키·속도·피로에 따라 창이 달라짐""}",mid → mid,off-line candidate; opponent may reorient → centerline aligned,시간 비용; 상대가 계속 치면 완료 불가,neutral phases and guard only when window secured,상황 의존적 / 성공률 미측정,biomechanical inference,"[""S06""]",기초 동작 또는 물리 원리의 근거; 이 전체 연쇄의 직접 검증 아님,N07,"[""startup"", ""extension / displacement"", ""impact attempt / evade"", ""recovery pending""]",미확정: 다음 방어·타이밍 분기에 따름,,
E0114,N08_S0,N08_S1,RU,A,attack / continuation,"{""distance"": ""pocket"", ""timing"": ""B 머리 중앙으로 짧은 상승 궤도 / 같은 손 재사용은 회수·지지면 확보가 전제"", ""stance"": ""OO"", ""foot_position"": ""neutral"", ""ring_position"": ""center"", ""positional_requirement"": ""머리·표적·손·지지면의 실제 경로가 겹치는지 확인; 진입 필요 시 표시한 거리 변경 스텝 완료"", ""physical"": ""리치·키·속도·피로에 따라 창이 달라짐""}",pocket → pocket,centerline aligned → centerline aligned,준비 때 손을 내리면 훅·직선에 노출,rear arm recovery; 상승·회전 운동,상황 의존적 / 성공률 미측정,biomechanical inference,"[""S03""]",기초 동작 또는 물리 원리의 근거; 이 전체 연쇄의 직접 검증 아님,N08,"[""startup"", ""extension / displacement"", ""impact attempt / evade"", ""recovery pending""]",미확정: 다음 방어·타이밍 분기에 따름,,
E0115,N08_S1,N08_S2,DUCK,B,defensive response,"{""distance"": ""pocket"", ""timing"": ""위험 분기: 제자리 중앙 덕이 상승 궤도 안으로 들어감 / 같은 손 재사용은 회수·지지면 확보가 전제"", ""stance"": ""OO"", ""foot_position"": ""neutral"", ""ring_position"": ""center"", ""positional_requirement"": ""머리·표적·손·지지면의 실제 경로가 겹치는지 확인; 진입 필요 시 표시한 거리 변경 스텝 완료"", ""physical"": ""리치·키·속도·피로에 따라 창이 달라짐""}",pocket → pocket,centerline aligned → centerline aligned,제자리 중앙의 낮은 머리는 상승 궤도와 만날 수 있음,head low; vertical displacement; guard 유지,상황 의존적 / 성공률 미측정,biomechanical inference,"[""S02"", ""S10""]",기초 동작 또는 물리 원리의 근거; 이 전체 연쇄의 직접 검증 아님,N08,"[""startup"", ""extension / displacement"", ""impact attempt / evade"", ""recovery pending""]",미확정: 다음 방어·타이밍 분기에 따름,,
E0116,N08_S2,N08_S3,BLOCK,B,defensive response,"{""distance"": ""pocket"", ""timing"": ""피격 전 팔·글러브로 중앙을 닫을 시간이 있을 때; 이미 맞았다면 이 경로는 중단 / 같은 손 재사용은 회수·지지면 확보가 전제"", ""stance"": ""OO"", ""foot_position"": ""neutral"", ""ring_position"": ""center"", ""positional_requirement"": ""머리·표적·손·지지면의 실제 경로가 겹치는지 확인; 진입 필요 시 표시한 거리 변경 스텝 완료"", ""physical"": ""리치·키·속도·피로에 따라 창이 달라짐""}",pocket → pocket,centerline aligned → centerline aligned,충격·다른 표적 열림·고정 방어 읽힘,지정 표적 cover; 반대 표적은 조건부 공백,상황 의존적 / 성공률 미측정,biomechanical inference,"[""S01"", ""S02""]",기초 동작 또는 물리 원리의 근거; 이 전체 연쇄의 직접 검증 아님,N08,"[""startup"", ""extension / displacement"", ""impact attempt / evade"", ""recovery pending""]",미확정: 다음 방어·타이밍 분기에 따름,,
E0117,N08_S3,N08_S4,SMOTHER,B,defensive response,"{""distance"": ""pocket"", ""timing"": ""A 다음 펀치 전 짧은 궤도 공간 압축 / 같은 손 재사용은 회수·지지면 확보가 전제"", ""stance"": ""OO"", ""foot_position"": ""neutral"", ""ring_position"": ""center"", ""positional_requirement"": ""머리·표적·손·지지면의 실제 경로가 겹치는지 확인; 진입 필요 시 표시한 거리 변경 스텝 완료"", ""physical"": ""리치·키·속도·피로에 따라 창이 달라짐""}",pocket → clinch,centerline aligned → centerline aligned,짧은 훅·어퍼컷·머리 충돌·위치 상실,range pocket/clinch; short punches remain,상황 의존적 / 성공률 미측정,biomechanical inference,"[""S06"", ""S17""]",기초 동작 또는 물리 원리의 근거; 이 전체 연쇄의 직접 검증 아님,N08,"[""startup"", ""extension / displacement"", ""impact attempt / evade"", ""recovery pending""]",미확정: 다음 방어·타이밍 분기에 따름,,
E0118,N08_S4,N08_S5,CLINCH,A,defensive response,"{""distance"": ""clinch"", ""timing"": ""교환 중단 국면 / 같은 손 재사용은 회수·지지면 확보가 전제"", ""stance"": ""OO"", ""foot_position"": ""neutral"", ""ring_position"": ""center"", ""positional_requirement"": ""머리·표적·손·지지면의 실제 경로가 겹치는지 확인; 진입 필요 시 표시한 거리 변경 스텝 완료"", ""physical"": ""리치·키·속도·피로에 따라 창이 달라짐""}",clinch → clinch,centerline aligned → centerline aligned,짧은 자유손·심판 break·홀딩 반칙,range clinch; arms restricted; no holding-and-hitting,상황 의존적 / 성공률 미측정,biomechanical inference,"[""S17""]",기초 동작 또는 물리 원리의 근거; 이 전체 연쇄의 직접 검증 아님,N08,"[""startup"", ""extension / displacement"", ""impact attempt / evade"", ""recovery pending""]",미확정: 다음 방어·타이밍 분기에 따름,,
E0119,N08_S5,N08_S6,BREAK,B,range transition / angle creation,"{""distance"": ""clinch"", ""timing"": ""심판 지시 후 재개 / 같은 손 재사용은 회수·지지면 확보가 전제"", ""stance"": ""OO"", ""foot_position"": ""neutral"", ""ring_position"": ""center"", ""positional_requirement"": ""머리·표적·손·지지면의 실제 경로가 겹치는지 확인; 진입 필요 시 표시한 거리 변경 스텝 완료"", ""physical"": ""리치·키·속도·피로에 따라 창이 달라짐""}",clinch → long,centerline aligned → centerline aligned,주도권·공간이 바뀜; break 중 공격 금지,range long; both neutral on restart,상황 의존적 / 성공률 미측정,biomechanical inference,"[""S17""]",기초 동작 또는 물리 원리의 근거; 이 전체 연쇄의 직접 검증 아님,N08,"[""startup"", ""extension / displacement"", ""impact attempt / evade"", ""recovery pending""]",미확정: 다음 방어·타이밍 분기에 따름,,
E0120,N08_S1,N08_S7,SOUT,B,defensive response,"{""distance"": ""pocket"", ""timing"": ""어퍼컷 상승 궤도의 옆으로 작은 이동; 단순 좌우 명칭이 아닌 실제 궤도 기준 / 같은 손 재사용은 회수·지지면 확보가 전제"", ""stance"": ""OO"", ""foot_position"": ""neutral"", ""ring_position"": ""center"", ""positional_requirement"": ""머리·표적·손·지지면의 실제 경로가 겹치는지 확인; 진입 필요 시 표시한 거리 변경 스텝 완료"", ""physical"": ""리치·키·속도·피로에 따라 창이 달라짐""}",pocket → pocket,centerline aligned → head off punching line; body angle not automatic,다음 펀치 재조준·훅·균형 손실,head outside incoming punch; 발각도 자동 우위 아님,상황 의존적 / 성공률 미측정,coaching consensus,"[""S02"", ""S07"", ""S16""]",기초 관계의 복수 코칭 근거,N08,"[""startup"", ""extension / displacement"", ""impact attempt / evade"", ""recovery pending""]",미확정: 다음 방어·타이밍 분기에 따름,,
E0121,N08_S7,N08_S8,CH,B,counter,"{""distance"": ""pocket"", ""timing"": ""A 뒷손 회수 전에 옆 표적 접근 / 같은 손 재사용은 회수·지지면 확보가 전제"", ""stance"": ""OO"", ""foot_position"": ""neutral"", ""ring_position"": ""center"", ""positional_requirement"": ""머리·표적·손·지지면의 실제 경로가 겹치는지 확인; 진입 필요 시 표시한 거리 변경 스텝 완료"", ""physical"": ""리치·키·속도·피로에 따라 창이 달라짐""}",pocket → pocket,head off punching line; body angle not automatic → head off punching line; body angle not automatic,"짧은 사거리, 반대 손 카운터",lead recovery; 회전 momentum,상황 의존적 / 성공률 미측정,biomechanical inference,"[""S03"", ""S16""]",기초 동작 또는 물리 원리의 근거; 이 전체 연쇄의 직접 검증 아님,N08,"[""startup"", ""extension / displacement"", ""impact attempt / evade"", ""recovery pending""]",미확정: 다음 방어·타이밍 분기에 따름,,
E0122,N08_S8,N08_S9,ROLL,A,defensive response,"{""distance"": ""pocket"", ""timing"": ""훅 아래 곡선 이동 / 같은 손 재사용은 회수·지지면 확보가 전제"", ""stance"": ""OO"", ""foot_position"": ""neutral"", ""ring_position"": ""center"", ""positional_requirement"": ""머리·표적·손·지지면의 실제 경로가 겹치는지 확인; 진입 필요 시 표시한 거리 변경 스텝 완료"", ""physical"": ""리치·키·속도·피로에 따라 창이 달라짐""}",pocket → pocket,head off punching line; body angle not automatic → head off punching line; body angle not automatic,반복 경로·허리 굽힘·다음 낮은 공격,low→side head; 회전·하중은 출구 의존,상황 의존적 / 성공률 미측정,coaching consensus,"[""S01"", ""S08"", ""S16""]",기초 관계의 복수 코칭 근거,N08,"[""startup"", ""extension / displacement"", ""impact attempt / evade"", ""recovery pending""]",미확정: 다음 방어·타이밍 분기에 따름,,
E0123,N08_S9,N08_S10,LU,A,attack / continuation,"{""distance"": ""pocket"", ""timing"": ""B가 중앙으로 복귀할 때 앞손 상승 통로 / 같은 손 재사용은 회수·지지면 확보가 전제"", ""stance"": ""OO"", ""foot_position"": ""neutral"", ""ring_position"": ""center"", ""positional_requirement"": ""머리·표적·손·지지면의 실제 경로가 겹치는지 확인; 진입 필요 시 표시한 거리 변경 스텝 완료"", ""physical"": ""리치·키·속도·피로에 따라 창이 달라짐""}",pocket → pocket,head off punching line; body angle not automatic → head off punching line; body angle not automatic,먼 거리에서 뜨는 궤적·앞손 가드 이탈,lead arm recovery; 상승·회전 운동,상황 의존적 / 성공률 미측정,biomechanical inference,"[""S03""]",기초 동작 또는 물리 원리의 근거; 이 전체 연쇄의 직접 검증 아님,N08,"[""startup"", ""extension / displacement"", ""impact attempt / evade"", ""recovery pending""]",미확정: 다음 방어·타이밍 분기에 따름,,
E0124,N08_S10,N08_S11,BACK,B,range transition / angle creation,"{""distance"": ""pocket"", ""timing"": ""발 후퇴로 상승 펀치 사거리 이탈 / 같은 손 재사용은 회수·지지면 확보가 전제"", ""stance"": ""OO"", ""foot_position"": ""neutral"", ""ring_position"": ""center"", ""positional_requirement"": ""머리·표적·손·지지면의 실제 경로가 겹치는지 확인; 진입 필요 시 표시한 거리 변경 스텝 완료"", ""physical"": ""리치·키·속도·피로에 따라 창이 달라짐""}",pocket → mid,head off punching line; body angle not automatic → head off punching line; body angle not automatic,추격·로프·전진 반격에 새 스텝 필요,range 증가; rear space 소비,상황 의존적 / 성공률 미측정,biomechanical inference,"[""S01"", ""S06""]",기초 동작 또는 물리 원리의 근거; 이 전체 연쇄의 직접 검증 아님,N08,"[""startup"", ""extension / displacement"", ""impact attempt / evade"", ""recovery pending""]",미확정: 다음 방어·타이밍 분기에 따름,,
E0125,N08_S11,N08_S12,RESET,A,range transition / angle creation,"{""distance"": ""mid"", ""timing"": ""무리한 어퍼컷 추격 중단 / 같은 손 재사용은 회수·지지면 확보가 전제"", ""stance"": ""OO"", ""foot_position"": ""neutral"", ""ring_position"": ""center"", ""positional_requirement"": ""머리·표적·손·지지면의 실제 경로가 겹치는지 확인; 진입 필요 시 표시한 거리 변경 스텝 완료"", ""physical"": ""리치·키·속도·피로에 따라 창이 달라짐""}",mid → mid,head off punching line; body angle not automatic → centerline aligned,시간 비용; 상대가 계속 치면 완료 불가,neutral phases and guard only when window secured,상황 의존적 / 성공률 미측정,biomechanical inference,"[""S06""]",기초 동작 또는 물리 원리의 근거; 이 전체 연쇄의 직접 검증 아님,N08,"[""startup"", ""extension / displacement"", ""impact attempt / evade"", ""recovery pending""]",미확정: 다음 방어·타이밍 분기에 따름,,
E0126,N09_S0,N09_S1,BH,A,attack / continuation,"{""distance"": ""pocket"", ""timing"": ""짧은 보디 훅 / 같은 손 재사용은 회수·지지면 확보가 전제"", ""stance"": ""OO"", ""foot_position"": ""neutral"", ""ring_position"": ""center"", ""positional_requirement"": ""머리·표적·손·지지면의 실제 경로가 겹치는지 확인; 진입 필요 시 표시한 거리 변경 스텝 완료"", ""physical"": ""리치·키·속도·피로에 따라 창이 달라짐""}",pocket → pocket,centerline aligned → centerline aligned,보디로 손을 보내며 머리 측면이 열릴 수 있음,low 또는 normal head; 공격팔 아래로 이동,상황 의존적 / 성공률 미측정,biomechanical inference,"[""S03"", ""S16""]",기초 동작 또는 물리 원리의 근거; 이 전체 연쇄의 직접 검증 아님,N09,"[""startup"", ""extension / displacement"", ""impact attempt / evade"", ""recovery pending""]",미확정: 다음 방어·타이밍 분기에 따름,,
E0127,N09_S1,N09_S2,ELBOW,B,defensive response,"{""distance"": ""pocket"", ""timing"": ""같은 쪽 글러브도 내려가는 과반응 분기 / 같은 손 재사용은 회수·지지면 확보가 전제"", ""stance"": ""OO"", ""foot_position"": ""neutral"", ""ring_position"": ""center"", ""positional_requirement"": ""머리·표적·손·지지면의 실제 경로가 겹치는지 확인; 진입 필요 시 표시한 거리 변경 스텝 완료"", ""physical"": ""리치·키·속도·피로에 따라 창이 달라짐""}",pocket → pocket,centerline aligned → centerline aligned,같은 쪽 머리 가드가 실제로 내려가면 head opening,guard elbow-tucked; 머리 가드 하강은 별도 분기,상황 의존적 / 성공률 미측정,coaching consensus,"[""S01"", ""S16""]",기초 관계의 복수 코칭 근거,N09,"[""startup"", ""extension / displacement"", ""impact attempt / evade"", ""recovery pending""]",미확정: 다음 방어·타이밍 분기에 따름,,
E0128,N09_S2,N09_S3,LH,A,attack / continuation,"{""distance"": ""pocket"", ""timing"": ""글러브가 복귀하기 전 같은 쪽 머리로 짧게 상승 표적 변경 / 같은 손 재사용은 회수·지지면 확보가 전제"", ""stance"": ""OO"", ""foot_position"": ""neutral"", ""ring_position"": ""center"", ""positional_requirement"": ""머리·표적·손·지지면의 실제 경로가 겹치는지 확인; 진입 필요 시 표시한 거리 변경 스텝 완료"", ""physical"": ""리치·키·속도·피로에 따라 창이 달라짐""}",pocket → pocket,centerline aligned → centerline aligned,넓게 돌면 직선 인터셉트와 반대 훅에 노출,lead arm recovery; 반대 회전 또는 피벗 준비 가능,상황 의존적 / 성공률 미측정,biomechanical inference,"[""S03""]",기초 동작 또는 물리 원리의 근거; 이 전체 연쇄의 직접 검증 아님,N09,"[""startup"", ""extension / displacement"", ""impact attempt / evade"", ""recovery pending""]",미확정: 다음 방어·타이밍 분기에 따름,,
E0129,N09_S3,N09_S4,ROLL,B,defensive response,"{""distance"": ""pocket"", ""timing"": ""머리 훅 궤도 아래 옆으로 / 같은 손 재사용은 회수·지지면 확보가 전제"", ""stance"": ""OO"", ""foot_position"": ""neutral"", ""ring_position"": ""center"", ""positional_requirement"": ""머리·표적·손·지지면의 실제 경로가 겹치는지 확인; 진입 필요 시 표시한 거리 변경 스텝 완료"", ""physical"": ""리치·키·속도·피로에 따라 창이 달라짐""}",pocket → pocket,centerline aligned → centerline aligned,반복 경로·허리 굽힘·다음 낮은 공격,low→side head; 회전·하중은 출구 의존,상황 의존적 / 성공률 미측정,coaching consensus,"[""S01"", ""S08"", ""S16""]",기초 관계의 복수 코칭 근거,N09,"[""startup"", ""extension / displacement"", ""impact attempt / evade"", ""recovery pending""]",미확정: 다음 방어·타이밍 분기에 따름,,
E0130,N09_S4,N09_S5,RU,B,attack / continuation,"{""distance"": ""pocket"", ""timing"": ""롤 후 중앙 표적이 남고 사거리 / 같은 손 재사용은 회수·지지면 확보가 전제"", ""stance"": ""OO"", ""foot_position"": ""neutral"", ""ring_position"": ""center"", ""positional_requirement"": ""머리·표적·손·지지면의 실제 경로가 겹치는지 확인; 진입 필요 시 표시한 거리 변경 스텝 완료"", ""physical"": ""리치·키·속도·피로에 따라 창이 달라짐""}",pocket → pocket,centerline aligned → centerline aligned,준비 때 손을 내리면 훅·직선에 노출,rear arm recovery; 상승·회전 운동,상황 의존적 / 성공률 미측정,biomechanical inference,"[""S03""]",기초 동작 또는 물리 원리의 근거; 이 전체 연쇄의 직접 검증 아님,N09,"[""startup"", ""extension / displacement"", ""impact attempt / evade"", ""recovery pending""]",미확정: 다음 방어·타이밍 분기에 따름,,
E0131,N09_S5,N09_S6,BLOCK,A,defensive response,"{""distance"": ""pocket"", ""timing"": ""팔 사이 중앙 통로를 닫음 / 같은 손 재사용은 회수·지지면 확보가 전제"", ""stance"": ""OO"", ""foot_position"": ""neutral"", ""ring_position"": ""center"", ""positional_requirement"": ""머리·표적·손·지지면의 실제 경로가 겹치는지 확인; 진입 필요 시 표시한 거리 변경 스텝 완료"", ""physical"": ""리치·키·속도·피로에 따라 창이 달라짐""}",pocket → pocket,centerline aligned → centerline aligned,충격·다른 표적 열림·고정 방어 읽힘,지정 표적 cover; 반대 표적은 조건부 공백,상황 의존적 / 성공률 미측정,biomechanical inference,"[""S01"", ""S02""]",기초 동작 또는 물리 원리의 근거; 이 전체 연쇄의 직접 검증 아님,N09,"[""startup"", ""extension / displacement"", ""impact attempt / evade"", ""recovery pending""]",미확정: 다음 방어·타이밍 분기에 따름,,
E0132,N09_S6,N09_S7,PIVOT,A,range transition / angle creation,"{""distance"": ""pocket"", ""timing"": ""발 퇴로 확보 / 같은 손 재사용은 회수·지지면 확보가 전제"", ""stance"": ""OO"", ""foot_position"": ""neutral"", ""ring_position"": ""center"", ""positional_requirement"": ""머리·표적·손·지지면의 실제 경로가 겹치는지 확인; 진입 필요 시 표시한 거리 변경 스텝 완료"", ""physical"": ""리치·키·속도·피로에 따라 창이 달라짐""}",pocket → pocket,centerline aligned → off-line candidate; opponent may reorient,축발 막힘·과회전·상대가 같이 돌기,relative angle conditional; range 거의 유지,상황 의존적 / 성공률 미측정,biomechanical inference,"[""S06""]",기초 동작 또는 물리 원리의 근거; 이 전체 연쇄의 직접 검증 아님,N09,"[""startup"", ""extension / displacement"", ""impact attempt / evade"", ""recovery pending""]",미확정: 다음 방어·타이밍 분기에 따름,,
E0133,N09_S7,N09_S8,RESET,B,range transition / angle creation,"{""distance"": ""pocket"", ""timing"": ""상대 재지향 / 같은 손 재사용은 회수·지지면 확보가 전제"", ""stance"": ""OO"", ""foot_position"": ""angle candidate"", ""ring_position"": ""center"", ""positional_requirement"": ""머리·표적·손·지지면의 실제 경로가 겹치는지 확인; 진입 필요 시 표시한 거리 변경 스텝 완료"", ""physical"": ""리치·키·속도·피로에 따라 창이 달라짐""}",pocket → pocket,off-line candidate; opponent may reorient → centerline aligned,시간 비용; 상대가 계속 치면 완료 불가,neutral phases and guard only when window secured,상황 의존적 / 성공률 미측정,biomechanical inference,"[""S06""]",기초 동작 또는 물리 원리의 근거; 이 전체 연쇄의 직접 검증 아님,N09,"[""startup"", ""extension / displacement"", ""impact attempt / evade"", ""recovery pending""]",미확정: 다음 방어·타이밍 분기에 따름,,
E0134,N09_S1,N09_S9,ELBOW,B,defensive response,"{""distance"": ""pocket"", ""timing"": ""팔꿈치만 닫고 머리 글러브 유지 / 같은 손 재사용은 회수·지지면 확보가 전제"", ""stance"": ""OO"", ""foot_position"": ""neutral"", ""ring_position"": ""center"", ""positional_requirement"": ""머리·표적·손·지지면의 실제 경로가 겹치는지 확인; 진입 필요 시 표시한 거리 변경 스텝 완료"", ""physical"": ""리치·키·속도·피로에 따라 창이 달라짐""}",pocket → pocket,centerline aligned → centerline aligned,같은 쪽 머리 가드가 실제로 내려가면 head opening,guard elbow-tucked; 머리 가드 하강은 별도 분기,상황 의존적 / 성공률 미측정,coaching consensus,"[""S01"", ""S16""]",기초 관계의 복수 코칭 근거,N09,"[""startup"", ""extension / displacement"", ""impact attempt / evade"", ""recovery pending""]",미확정: 다음 방어·타이밍 분기에 따름,,
E0135,N09_S9,N09_S10,CH,B,counter,"{""distance"": ""pocket"", ""timing"": ""A 보디 펀치 팔 회수 중 머리 측면 도달 / 같은 손 재사용은 회수·지지면 확보가 전제"", ""stance"": ""OO"", ""foot_position"": ""neutral"", ""ring_position"": ""center"", ""positional_requirement"": ""머리·표적·손·지지면의 실제 경로가 겹치는지 확인; 진입 필요 시 표시한 거리 변경 스텝 완료"", ""physical"": ""리치·키·속도·피로에 따라 창이 달라짐""}",pocket → pocket,centerline aligned → centerline aligned,"짧은 사거리, 반대 손 카운터",lead recovery; 회전 momentum,상황 의존적 / 성공률 미측정,biomechanical inference,"[""S03"", ""S16""]",기초 동작 또는 물리 원리의 근거; 이 전체 연쇄의 직접 검증 아님,N09,"[""startup"", ""extension / displacement"", ""impact attempt / evade"", ""recovery pending""]",미확정: 다음 방어·타이밍 분기에 따름,,
E0136,N09_S10,N09_S11,HG,A,defensive response,"{""distance"": ""pocket"", ""timing"": ""가드 먼저 올림 / 같은 손 재사용은 회수·지지면 확보가 전제"", ""stance"": ""OO"", ""foot_position"": ""neutral"", ""ring_position"": ""center"", ""positional_requirement"": ""머리·표적·손·지지면의 실제 경로가 겹치는지 확인; 진입 필요 시 표시한 거리 변경 스텝 완료"", ""physical"": ""리치·키·속도·피로에 따라 창이 달라짐""}",pocket → pocket,centerline aligned → centerline aligned,시야·보디·기동성 제한; 충격 전달 가능,guard high; body exposed는 팔꿈치 위치 의존,상황 의존적 / 성공률 미측정,biomechanical inference,"[""S01"", ""S02""]",기초 동작 또는 물리 원리의 근거; 이 전체 연쇄의 직접 검증 아님,N09,"[""startup"", ""extension / displacement"", ""impact attempt / evade"", ""recovery pending""]",미확정: 다음 방어·타이밍 분기에 따름,,
E0137,N09_S11,N09_S12,SHOVEL,A,attack / continuation,"{""distance"": ""pocket"", ""timing"": ""B 팔꿈치와 가드 사이 사선 틈이 실제 존재 / 같은 손 재사용은 회수·지지면 확보가 전제"", ""stance"": ""OO"", ""foot_position"": ""neutral"", ""ring_position"": ""center"", ""positional_requirement"": ""머리·표적·손·지지면의 실제 경로가 겹치는지 확인; 진입 필요 시 표시한 거리 변경 스텝 완료"", ""physical"": ""리치·키·속도·피로에 따라 창이 달라짐""}",pocket → pocket,centerline aligned → centerline aligned,각도·높이 틀리면 팔꿈치에 막힘,사선 회전; 보디·머리 표적 분기,상황 의존적 / 성공률 미측정,biomechanical inference,"[""S03""]",기초 동작 또는 물리 원리의 근거; 이 전체 연쇄의 직접 검증 아님,N09,"[""startup"", ""extension / displacement"", ""impact attempt / evade"", ""recovery pending""]",미확정: 다음 방어·타이밍 분기에 따름,,
E0138,N09_S12,N09_S13,SMOTHER,B,defensive response,"{""distance"": ""pocket"", ""timing"": ""궤도가 완성되기 전 압축 / 같은 손 재사용은 회수·지지면 확보가 전제"", ""stance"": ""OO"", ""foot_position"": ""neutral"", ""ring_position"": ""center"", ""positional_requirement"": ""머리·표적·손·지지면의 실제 경로가 겹치는지 확인; 진입 필요 시 표시한 거리 변경 스텝 완료"", ""physical"": ""리치·키·속도·피로에 따라 창이 달라짐""}",pocket → clinch,centerline aligned → centerline aligned,짧은 훅·어퍼컷·머리 충돌·위치 상실,range pocket/clinch; short punches remain,상황 의존적 / 성공률 미측정,biomechanical inference,"[""S06"", ""S17""]",기초 동작 또는 물리 원리의 근거; 이 전체 연쇄의 직접 검증 아님,N09,"[""startup"", ""extension / displacement"", ""impact attempt / evade"", ""recovery pending""]",미확정: 다음 방어·타이밍 분기에 따름,,
E0139,N09_S13,N09_S14,CLINCH,A,defensive response,"{""distance"": ""clinch"", ""timing"": ""짧은 교환 중단 / 같은 손 재사용은 회수·지지면 확보가 전제"", ""stance"": ""OO"", ""foot_position"": ""neutral"", ""ring_position"": ""center"", ""positional_requirement"": ""머리·표적·손·지지면의 실제 경로가 겹치는지 확인; 진입 필요 시 표시한 거리 변경 스텝 완료"", ""physical"": ""리치·키·속도·피로에 따라 창이 달라짐""}",clinch → clinch,centerline aligned → centerline aligned,짧은 자유손·심판 break·홀딩 반칙,range clinch; arms restricted; no holding-and-hitting,상황 의존적 / 성공률 미측정,biomechanical inference,"[""S17""]",기초 동작 또는 물리 원리의 근거; 이 전체 연쇄의 직접 검증 아님,N09,"[""startup"", ""extension / displacement"", ""impact attempt / evade"", ""recovery pending""]",미확정: 다음 방어·타이밍 분기에 따름,,
E0140,N09_S14,N09_S15,BREAK,B,range transition / angle creation,"{""distance"": ""clinch"", ""timing"": ""합법 재개 / 같은 손 재사용은 회수·지지면 확보가 전제"", ""stance"": ""OO"", ""foot_position"": ""neutral"", ""ring_position"": ""center"", ""positional_requirement"": ""머리·표적·손·지지면의 실제 경로가 겹치는지 확인; 진입 필요 시 표시한 거리 변경 스텝 완료"", ""physical"": ""리치·키·속도·피로에 따라 창이 달라짐""}",clinch → long,centerline aligned → centerline aligned,주도권·공간이 바뀜; break 중 공격 금지,range long; both neutral on restart,상황 의존적 / 성공률 미측정,biomechanical inference,"[""S17""]",기초 동작 또는 물리 원리의 근거; 이 전체 연쇄의 직접 검증 아님,N09,"[""startup"", ""extension / displacement"", ""impact attempt / evade"", ""recovery pending""]",미확정: 다음 방어·타이밍 분기에 따름,,
E0141,N10_S0,N10_S1,COMBO,A,attack / continuation,"{""distance"": ""mid"", ""timing"": ""잽–크로스의 머리 위협 / 같은 손 재사용은 회수·지지면 확보가 전제"", ""stance"": ""OO"", ""foot_position"": ""neutral"", ""ring_position"": ""center"", ""positional_requirement"": ""머리·표적·손·지지면의 실제 경로가 겹치는지 확인; 진입 필요 시 표시한 거리 변경 스텝 완료"", ""physical"": ""리치·키·속도·피로에 따라 창이 달라짐""}",mid → mid,centerline aligned → centerline aligned,고정 순서로 계속하면 인터셉트·각도 탈출 허용,연속 startup/extension/recovery가 겹침,상황 의존적 / 성공률 미측정,biomechanical inference,"[""S06""]",기초 동작 또는 물리 원리의 근거; 이 전체 연쇄의 직접 검증 아님,N10,"[""startup"", ""extension / displacement"", ""impact attempt / evade"", ""recovery pending""]",미확정: 다음 방어·타이밍 분기에 따름,,
E0142,N10_S1,N10_S2,HG,B,defensive response,"{""distance"": ""mid"", ""timing"": ""B가 머리 방어를 우선 / 같은 손 재사용은 회수·지지면 확보가 전제"", ""stance"": ""OO"", ""foot_position"": ""neutral"", ""ring_position"": ""center"", ""positional_requirement"": ""머리·표적·손·지지면의 실제 경로가 겹치는지 확인; 진입 필요 시 표시한 거리 변경 스텝 완료"", ""physical"": ""리치·키·속도·피로에 따라 창이 달라짐""}",mid → mid,centerline aligned → centerline aligned,시야·보디·기동성 제한; 충격 전달 가능,guard high; body exposed는 팔꿈치 위치 의존,상황 의존적 / 성공률 미측정,biomechanical inference,"[""S01"", ""S02""]",기초 동작 또는 물리 원리의 근거; 이 전체 연쇄의 직접 검증 아님,N10,"[""startup"", ""extension / displacement"", ""impact attempt / evade"", ""recovery pending""]",미확정: 다음 방어·타이밍 분기에 따름,,
E0143,N10_S2,N10_S3,GM,A,feint response / setup,"{""distance"": ""mid"", ""timing"": ""같은 방어면을 반복 겨냥; 보디가 실제 열렸는지 관찰 / 같은 손 재사용은 회수·지지면 확보가 전제"", ""stance"": ""OO"", ""foot_position"": ""neutral"", ""ring_position"": ""center"", ""positional_requirement"": ""머리·표적·손·지지면의 실제 경로가 겹치는지 확인; 진입 필요 시 표시한 거리 변경 스텝 완료"", ""physical"": ""리치·키·속도·피로에 따라 창이 달라짐""}",mid → mid,centerline aligned → centerline aligned,상대가 구조를 유지하면 틈 안 생김,"guard response conditional, never automatic",상황 의존적 / 성공률 미측정,biomechanical inference,"[""S02"", ""S14""]",기초 동작 또는 물리 원리의 근거; 이 전체 연쇄의 직접 검증 아님,N10,"[""startup"", ""extension / displacement"", ""impact attempt / evade"", ""recovery pending""]",미확정: 다음 방어·타이밍 분기에 따름,,
E0144,N10_S3,N10_S4,BH,A,attack / continuation,"{""distance"": ""mid"", ""timing"": ""B 팔꿈치가 벌어졌고 진입 완료 / 같은 손 재사용은 회수·지지면 확보가 전제"", ""stance"": ""OO"", ""foot_position"": ""neutral"", ""ring_position"": ""center"", ""positional_requirement"": ""머리·표적·손·지지면의 실제 경로가 겹치는지 확인; 진입 필요 시 표시한 거리 변경 스텝 완료"", ""physical"": ""리치·키·속도·피로에 따라 창이 달라짐""}",mid → pocket,centerline aligned → centerline aligned,보디로 손을 보내며 머리 측면이 열릴 수 있음,low 또는 normal head; 공격팔 아래로 이동,상황 의존적 / 성공률 미측정,biomechanical inference,"[""S03"", ""S16""]",기초 동작 또는 물리 원리의 근거; 이 전체 연쇄의 직접 검증 아님,N10,"[""startup"", ""extension / displacement"", ""impact attempt / evade"", ""recovery pending""]",미확정: 다음 방어·타이밍 분기에 따름,,
E0145,N10_S4,N10_S5,ELBOW,B,defensive response,"{""distance"": ""pocket"", ""timing"": ""보디 면을 닫고 머리 글러브 유지 / 같은 손 재사용은 회수·지지면 확보가 전제"", ""stance"": ""OO"", ""foot_position"": ""neutral"", ""ring_position"": ""center"", ""positional_requirement"": ""머리·표적·손·지지면의 실제 경로가 겹치는지 확인; 진입 필요 시 표시한 거리 변경 스텝 완료"", ""physical"": ""리치·키·속도·피로에 따라 창이 달라짐""}",pocket → pocket,centerline aligned → centerline aligned,같은 쪽 머리 가드가 실제로 내려가면 head opening,guard elbow-tucked; 머리 가드 하강은 별도 분기,상황 의존적 / 성공률 미측정,coaching consensus,"[""S01"", ""S16""]",기초 관계의 복수 코칭 근거,N10,"[""startup"", ""extension / displacement"", ""impact attempt / evade"", ""recovery pending""]",미확정: 다음 방어·타이밍 분기에 따름,,
E0146,N10_S5,N10_S6,CH,B,counter,"{""distance"": ""pocket"", ""timing"": ""A 공격팔 회수 때 측면 짧은 반격 / 같은 손 재사용은 회수·지지면 확보가 전제"", ""stance"": ""OO"", ""foot_position"": ""neutral"", ""ring_position"": ""center"", ""positional_requirement"": ""머리·표적·손·지지면의 실제 경로가 겹치는지 확인; 진입 필요 시 표시한 거리 변경 스텝 완료"", ""physical"": ""리치·키·속도·피로에 따라 창이 달라짐""}",pocket → pocket,centerline aligned → centerline aligned,"짧은 사거리, 반대 손 카운터",lead recovery; 회전 momentum,상황 의존적 / 성공률 미측정,biomechanical inference,"[""S03"", ""S16""]",기초 동작 또는 물리 원리의 근거; 이 전체 연쇄의 직접 검증 아님,N10,"[""startup"", ""extension / displacement"", ""impact attempt / evade"", ""recovery pending""]",미확정: 다음 방어·타이밍 분기에 따름,,
E0147,N10_S6,N10_S7,ROLL,A,defensive response,"{""distance"": ""pocket"", ""timing"": ""훅 아래에서 머리 이동 / 같은 손 재사용은 회수·지지면 확보가 전제"", ""stance"": ""OO"", ""foot_position"": ""neutral"", ""ring_position"": ""center"", ""positional_requirement"": ""머리·표적·손·지지면의 실제 경로가 겹치는지 확인; 진입 필요 시 표시한 거리 변경 스텝 완료"", ""physical"": ""리치·키·속도·피로에 따라 창이 달라짐""}",pocket → pocket,centerline aligned → centerline aligned,반복 경로·허리 굽힘·다음 낮은 공격,low→side head; 회전·하중은 출구 의존,상황 의존적 / 성공률 미측정,coaching consensus,"[""S01"", ""S08"", ""S16""]",기초 관계의 복수 코칭 근거,N10,"[""startup"", ""extension / displacement"", ""impact attempt / evade"", ""recovery pending""]",미확정: 다음 방어·타이밍 분기에 따름,,
E0148,N10_S7,N10_S8,EXIT,A,range transition / angle creation,"{""distance"": ""pocket"", ""timing"": ""가드 복구하며 각도 탈출 / 같은 손 재사용은 회수·지지면 확보가 전제"", ""stance"": ""OO"", ""foot_position"": ""neutral"", ""ring_position"": ""center"", ""positional_requirement"": ""머리·표적·손·지지면의 실제 경로가 겹치는지 확인; 진입 필요 시 표시한 거리 변경 스텝 완료"", ""physical"": ""리치·키·속도·피로에 따라 창이 달라짐""}",pocket → pocket,centerline aligned → off-line candidate; opponent may reorient,상대 훅·링 커팅·뒤돌기 금지,angle changes then guard/range reset,상황 의존적 / 성공률 미측정,biomechanical inference,"[""S06""]",기초 동작 또는 물리 원리의 근거; 이 전체 연쇄의 직접 검증 아님,N10,"[""startup"", ""extension / displacement"", ""impact attempt / evade"", ""recovery pending""]",미확정: 다음 방어·타이밍 분기에 따름,,
E0149,N10_S8,N10_S9,RESET,B,range transition / angle creation,"{""distance"": ""pocket"", ""timing"": ""추격 보류 / 같은 손 재사용은 회수·지지면 확보가 전제"", ""stance"": ""OO"", ""foot_position"": ""angle candidate"", ""ring_position"": ""center"", ""positional_requirement"": ""머리·표적·손·지지면의 실제 경로가 겹치는지 확인; 진입 필요 시 표시한 거리 변경 스텝 완료"", ""physical"": ""리치·키·속도·피로에 따라 창이 달라짐""}",pocket → pocket,off-line candidate; opponent may reorient → centerline aligned,시간 비용; 상대가 계속 치면 완료 불가,neutral phases and guard only when window secured,상황 의존적 / 성공률 미측정,biomechanical inference,"[""S06""]",기초 동작 또는 물리 원리의 근거; 이 전체 연쇄의 직접 검증 아님,N10,"[""startup"", ""extension / displacement"", ""impact attempt / evade"", ""recovery pending""]",미확정: 다음 방어·타이밍 분기에 따름,,
E0150,N10_S2,N10_S10,LAT,B,range transition / angle creation,"{""distance"": ""mid"", ""timing"": ""블록 사이 옆 출구 존재 / 같은 손 재사용은 회수·지지면 확보가 전제"", ""stance"": ""OO"", ""foot_position"": ""neutral"", ""ring_position"": ""center"", ""positional_requirement"": ""머리·표적·손·지지면의 실제 경로가 겹치는지 확인; 진입 필요 시 표시한 거리 변경 스텝 완료"", ""physical"": ""리치·키·속도·피로에 따라 창이 달라짐""}",mid → mid,centerline aligned → off-line candidate; opponent may reorient,원형 훅·링 커팅·발 교차,head line과 상대 bearing 변경,상황 의존적 / 성공률 미측정,biomechanical inference,"[""S06""]",기초 동작 또는 물리 원리의 근거; 이 전체 연쇄의 직접 검증 아님,N10,"[""startup"", ""extension / displacement"", ""impact attempt / evade"", ""recovery pending""]",미확정: 다음 방어·타이밍 분기에 따름,,
E0151,N10_S10,N10_S11,PRESS,A,range transition / angle creation,"{""distance"": ""mid"", ""timing"": ""무작정 따라가기 대신 B 출구 선점 시도 / 같은 손 재사용은 회수·지지면 확보가 전제"", ""stance"": ""OO"", ""foot_position"": ""angle candidate"", ""ring_position"": ""center"", ""positional_requirement"": ""머리·표적·손·지지면의 실제 경로가 겹치는지 확인; 진입 필요 시 표시한 거리 변경 스텝 완료"", ""physical"": ""리치·키·속도·피로에 따라 창이 달라짐""}",mid → mid,off-line candidate; opponent may reorient → off-line candidate; opponent may reorient,직선 추격·스텝 중 인터셉트,opponent ring space reduced only if cut succeeds,상황 의존적 / 성공률 미측정,biomechanical inference,"[""S06""]",기초 동작 또는 물리 원리의 근거; 이 전체 연쇄의 직접 검증 아님,N10,"[""startup"", ""extension / displacement"", ""impact attempt / evade"", ""recovery pending""]",미확정: 다음 방어·타이밍 분기에 따름,,
E0152,N10_S11,N10_S12,CPRESS,B,counter,"{""distance"": ""mid"", ""timing"": ""A 발 스텝에 맞춰 짧은 멈춤 타격 / 같은 손 재사용은 회수·지지면 확보가 전제"", ""stance"": ""OO"", ""foot_position"": ""angle candidate"", ""ring_position"": ""center"", ""positional_requirement"": ""머리·표적·손·지지면의 실제 경로가 겹치는지 확인; 진입 필요 시 표시한 거리 변경 스텝 완료"", ""physical"": ""리치·키·속도·피로에 따라 창이 달라짐""}",mid → mid,off-line candidate; opponent may reorient → off-line candidate; opponent may reorient,멈출 때 중심선·교환 위험,initiative shifts conditionally,상황 의존적 / 성공률 미측정,biomechanical inference,"[""S06""]",기초 동작 또는 물리 원리의 근거; 이 전체 연쇄의 직접 검증 아님,N10,"[""startup"", ""extension / displacement"", ""impact attempt / evade"", ""recovery pending""]",미확정: 다음 방어·타이밍 분기에 따름,,
E0153,N10_S12,N10_S13,CATCH,A,defensive response,"{""distance"": ""mid"", ""timing"": ""B 직선 면을 작은 글러브로 / 같은 손 재사용은 회수·지지면 확보가 전제"", ""stance"": ""OO"", ""foot_position"": ""angle candidate"", ""ring_position"": ""center"", ""positional_requirement"": ""머리·표적·손·지지면의 실제 경로가 겹치는지 확인; 진입 필요 시 표시한 거리 변경 스텝 완료"", ""physical"": ""리치·키·속도·피로에 따라 창이 달라짐""}",mid → mid,off-line candidate; opponent may reorient → off-line candidate; opponent may reorient,큰 도달·글러브가 얼굴로 밀림·페인트 반응,받는 손 작은 이동; free hand available,상황 의존적 / 성공률 미측정,coaching consensus,"[""S02"", ""S11""]",기초 관계의 복수 코칭 근거,N10,"[""startup"", ""extension / displacement"", ""impact attempt / evade"", ""recovery pending""]",미확정: 다음 방어·타이밍 분기에 따름,,
E0154,N10_S13,N10_S14,RESET,A,range transition / angle creation,"{""distance"": ""mid"", ""timing"": ""교환 뒤 링 중앙 재정렬 / 같은 손 재사용은 회수·지지면 확보가 전제"", ""stance"": ""OO"", ""foot_position"": ""angle candidate"", ""ring_position"": ""center"", ""positional_requirement"": ""머리·표적·손·지지면의 실제 경로가 겹치는지 확인; 진입 필요 시 표시한 거리 변경 스텝 완료"", ""physical"": ""리치·키·속도·피로에 따라 창이 달라짐""}",mid → long,off-line candidate; opponent may reorient → centerline aligned,시간 비용; 상대가 계속 치면 완료 불가,neutral phases and guard only when window secured,상황 의존적 / 성공률 미측정,biomechanical inference,"[""S06""]",기초 동작 또는 물리 원리의 근거; 이 전체 연쇄의 직접 검증 아님,N10,"[""startup"", ""extension / displacement"", ""impact attempt / evade"", ""recovery pending""]",미확정: 다음 방어·타이밍 분기에 따름,,
E0155,N11_S0,N11_S1,CROSS,A,attack / continuation,"{""distance"": ""mid"", ""timing"": ""B 머리 직선 / 같은 손 재사용은 회수·지지면 확보가 전제"", ""stance"": ""OO"", ""foot_position"": ""neutral"", ""ring_position"": ""center"", ""positional_requirement"": ""머리·표적·손·지지면의 실제 경로가 겹치는지 확인; 진입 필요 시 표시한 거리 변경 스텝 완료"", ""physical"": ""리치·키·속도·피로에 따라 창이 달라짐""}",mid → mid,centerline aligned → centerline aligned,뒷손 가드 이탈과 회전 회수 구간,몸통 회전; rear arm recovery; 하중은 변형 의존,상황 의존적 / 성공률 미측정,biomechanical inference,"[""S03""]",기초 동작 또는 물리 원리의 근거; 이 전체 연쇄의 직접 검증 아님,N11,"[""startup"", ""extension / displacement"", ""impact attempt / evade"", ""recovery pending""]",미확정: 다음 방어·타이밍 분기에 따름,,
E0156,N11_S1,N11_S2,SHELL,B,defensive response,"{""distance"": ""mid"", ""timing"": ""OO에서 어깨·뒷손·몸통 회전으로 해당 라인 가림 / 같은 손 재사용은 회수·지지면 확보가 전제"", ""stance"": ""OO"", ""foot_position"": ""neutral"", ""ring_position"": ""center"", ""positional_requirement"": ""머리·표적·손·지지면의 실제 경로가 겹치는지 확인; 진입 필요 시 표시한 거리 변경 스텝 완료"", ""physical"": ""리치·키·속도·피로에 따라 창이 달라짐""}",mid → mid,centerline aligned → centerline aligned,반대 스탠스·오버핸드·보디·회전 반대 방향,guard shell; torso rotated; angle matters,상황 의존적 / 성공률 미측정,biomechanical inference,"[""S01""]",기초 동작 또는 물리 원리의 근거; 이 전체 연쇄의 직접 검증 아님,N11,"[""startup"", ""extension / displacement"", ""impact attempt / evade"", ""recovery pending""]",미확정: 다음 방어·타이밍 분기에 따름,,
E0157,N11_S2,N11_S3,CC,B,counter,"{""distance"": ""mid"", ""timing"": ""회전 복귀·B 뒷손 통로·사거리 / 같은 손 재사용은 회수·지지면 확보가 전제"", ""stance"": ""OO"", ""foot_position"": ""neutral"", ""ring_position"": ""center"", ""positional_requirement"": ""머리·표적·손·지지면의 실제 경로가 겹치는지 확인; 진입 필요 시 표시한 거리 변경 스텝 완료"", ""physical"": ""리치·키·속도·피로에 따라 창이 달라짐""}",mid → mid,centerline aligned → centerline aligned,과도한 진입·다음 훅 위험,rear recovery와 몸통 회전,상황 의존적 / 성공률 미측정,biomechanical inference,"[""S03"", ""S07""]",기초 동작 또는 물리 원리의 근거; 이 전체 연쇄의 직접 검증 아님,N11,"[""startup"", ""extension / displacement"", ""impact attempt / evade"", ""recovery pending""]",미확정: 다음 방어·타이밍 분기에 따름,,
E0158,N11_S3,N11_S4,SOUT,A,defensive response,"{""distance"": ""mid"", ""timing"": ""B 크로스 바깥 머리 이동 / 같은 손 재사용은 회수·지지면 확보가 전제"", ""stance"": ""OO"", ""foot_position"": ""neutral"", ""ring_position"": ""center"", ""positional_requirement"": ""머리·표적·손·지지면의 실제 경로가 겹치는지 확인; 진입 필요 시 표시한 거리 변경 스텝 완료"", ""physical"": ""리치·키·속도·피로에 따라 창이 달라짐""}",mid → mid,centerline aligned → head off punching line; body angle not automatic,다음 펀치 재조준·훅·균형 손실,head outside incoming punch; 발각도 자동 우위 아님,상황 의존적 / 성공률 미측정,coaching consensus,"[""S02"", ""S07"", ""S16""]",기초 관계의 복수 코칭 근거,N11,"[""startup"", ""extension / displacement"", ""impact attempt / evade"", ""recovery pending""]",미확정: 다음 방어·타이밍 분기에 따름,,
E0159,N11_S4,N11_S5,OVER,A,attack / continuation,"{""distance"": ""mid"", ""timing"": ""B가 같은 어깨면으로만 돌아오고 상단 궤도가 실제 열릴 때 / 같은 손 재사용은 회수·지지면 확보가 전제"", ""stance"": ""OO"", ""foot_position"": ""neutral"", ""ring_position"": ""center"", ""positional_requirement"": ""머리·표적·손·지지면의 실제 경로가 겹치는지 확인; 진입 필요 시 표시한 거리 변경 스텝 완료"", ""physical"": ""리치·키·속도·피로에 따라 창이 달라짐""}",mid → mid,head off punching line; body angle not automatic → head off punching line; body angle not automatic,오버리치·낮은 머리·긴 복귀,rear recovery; head low 가능; 균형 조건 중요,상황 의존적 / 성공률 미측정,biomechanical inference,"[""S03""]",기초 동작 또는 물리 원리의 근거; 이 전체 연쇄의 직접 검증 아님,N11,"[""startup"", ""extension / displacement"", ""impact attempt / evade"", ""recovery pending""]",미확정: 다음 방어·타이밍 분기에 따름,,
E0160,N11_S5,N11_S6,HG,B,defensive response,"{""distance"": ""mid"", ""timing"": ""상단 가드 재구성 / 같은 손 재사용은 회수·지지면 확보가 전제"", ""stance"": ""OO"", ""foot_position"": ""neutral"", ""ring_position"": ""center"", ""positional_requirement"": ""머리·표적·손·지지면의 실제 경로가 겹치는지 확인; 진입 필요 시 표시한 거리 변경 스텝 완료"", ""physical"": ""리치·키·속도·피로에 따라 창이 달라짐""}",mid → mid,head off punching line; body angle not automatic → head off punching line; body angle not automatic,시야·보디·기동성 제한; 충격 전달 가능,guard high; body exposed는 팔꿈치 위치 의존,상황 의존적 / 성공률 미측정,biomechanical inference,"[""S01"", ""S02""]",기초 동작 또는 물리 원리의 근거; 이 전체 연쇄의 직접 검증 아님,N11,"[""startup"", ""extension / displacement"", ""impact attempt / evade"", ""recovery pending""]",미확정: 다음 방어·타이밍 분기에 따름,,
E0161,N11_S6,N11_S7,BH,A,attack / continuation,"{""distance"": ""mid"", ""timing"": ""높은 가드 아래 표적 도달 / 같은 손 재사용은 회수·지지면 확보가 전제"", ""stance"": ""OO"", ""foot_position"": ""neutral"", ""ring_position"": ""center"", ""positional_requirement"": ""머리·표적·손·지지면의 실제 경로가 겹치는지 확인; 진입 필요 시 표시한 거리 변경 스텝 완료"", ""physical"": ""리치·키·속도·피로에 따라 창이 달라짐""}",mid → pocket,head off punching line; body angle not automatic → head off punching line; body angle not automatic,보디로 손을 보내며 머리 측면이 열릴 수 있음,low 또는 normal head; 공격팔 아래로 이동,상황 의존적 / 성공률 미측정,biomechanical inference,"[""S03"", ""S16""]",기초 동작 또는 물리 원리의 근거; 이 전체 연쇄의 직접 검증 아님,N11,"[""startup"", ""extension / displacement"", ""impact attempt / evade"", ""recovery pending""]",미확정: 다음 방어·타이밍 분기에 따름,,
E0162,N11_S7,N11_S8,EXIT,B,range transition / angle creation,"{""distance"": ""pocket"", ""timing"": ""블록과 옆 출구 / 같은 손 재사용은 회수·지지면 확보가 전제"", ""stance"": ""OO"", ""foot_position"": ""neutral"", ""ring_position"": ""center"", ""positional_requirement"": ""머리·표적·손·지지면의 실제 경로가 겹치는지 확인; 진입 필요 시 표시한 거리 변경 스텝 완료"", ""physical"": ""리치·키·속도·피로에 따라 창이 달라짐""}",pocket → pocket,head off punching line; body angle not automatic → off-line candidate; opponent may reorient,상대 훅·링 커팅·뒤돌기 금지,angle changes then guard/range reset,상황 의존적 / 성공률 미측정,biomechanical inference,"[""S06""]",기초 동작 또는 물리 원리의 근거; 이 전체 연쇄의 직접 검증 아님,N11,"[""startup"", ""extension / displacement"", ""impact attempt / evade"", ""recovery pending""]",미확정: 다음 방어·타이밍 분기에 따름,,
E0163,N11_S8,N11_S9,RESET,A,range transition / angle creation,"{""distance"": ""pocket"", ""timing"": ""각도·거리 다시 설정 / 같은 손 재사용은 회수·지지면 확보가 전제"", ""stance"": ""OO"", ""foot_position"": ""angle candidate"", ""ring_position"": ""center"", ""positional_requirement"": ""머리·표적·손·지지면의 실제 경로가 겹치는지 확인; 진입 필요 시 표시한 거리 변경 스텝 완료"", ""physical"": ""리치·키·속도·피로에 따라 창이 달라짐""}",pocket → pocket,off-line candidate; opponent may reorient → centerline aligned,시간 비용; 상대가 계속 치면 완료 불가,neutral phases and guard only when window secured,상황 의존적 / 성공률 미측정,biomechanical inference,"[""S06""]",기초 동작 또는 물리 원리의 근거; 이 전체 연쇄의 직접 검증 아님,N11,"[""startup"", ""extension / displacement"", ""impact attempt / evade"", ""recovery pending""]",미확정: 다음 방어·타이밍 분기에 따름,,
E0164,N12_S0,N12_S1,JAB,A,attack / continuation,"{""distance"": ""long"", ""timing"": ""잽 라인 / 같은 손 재사용은 회수·지지면 확보가 전제"", ""stance"": ""OO"", ""foot_position"": ""neutral"", ""ring_position"": ""center"", ""positional_requirement"": ""머리·표적·손·지지면의 실제 경로가 겹치는지 확인; 진입 필요 시 표시한 거리 변경 스텝 완료"", ""physical"": ""리치·키·속도·피로에 따라 창이 달라짐""}",long → long,centerline aligned → centerline aligned,앞손 복귀 동안 같은 쪽 가드가 비며 단조로운 타이밍을 읽힐 수 있음,앞손 extension/recovery; 머리는 설계에 따라 center 또는 off-line,상황 의존적 / 성공률 미측정,biomechanical inference,"[""S01"", ""S02""]",기초 동작 또는 물리 원리의 근거; 이 전체 연쇄의 직접 검증 아님,N12,"[""startup"", ""extension / displacement"", ""impact attempt / evade"", ""recovery pending""]",미확정: 다음 방어·타이밍 분기에 따름,,
E0165,N12_S1,N12_S2,SOUT,B,defensive response,"{""distance"": ""long"", ""timing"": ""stationary: 머리만 바깥, 발 위치 그대로 / 같은 손 재사용은 회수·지지면 확보가 전제"", ""stance"": ""OO"", ""foot_position"": ""neutral"", ""ring_position"": ""center"", ""positional_requirement"": ""머리·표적·손·지지면의 실제 경로가 겹치는지 확인; 진입 필요 시 표시한 거리 변경 스텝 완료"", ""physical"": ""리치·키·속도·피로에 따라 창이 달라짐""}",long → long,centerline aligned → head off punching line; body angle not automatic,다음 펀치 재조준·훅·균형 손실,head outside incoming punch; 발각도 자동 우위 아님,상황 의존적 / 성공률 미측정,coaching consensus,"[""S02"", ""S07"", ""S16""]",기초 관계의 복수 코칭 근거,N12,"[""startup"", ""extension / displacement"", ""impact attempt / evade"", ""recovery pending""]",미확정: 다음 방어·타이밍 분기에 따름,,
E0166,N12_S2,N12_S3,DOUBLE,A,attack / continuation,"{""distance"": ""long"", ""timing"": ""회수 후 이동 표적에 새 잽 / 같은 손 재사용은 회수·지지면 확보가 전제"", ""stance"": ""OO"", ""foot_position"": ""neutral"", ""ring_position"": ""center"", ""positional_requirement"": ""머리·표적·손·지지면의 실제 경로가 겹치는지 확인; 진입 필요 시 표시한 거리 변경 스텝 완료"", ""physical"": ""리치·키·속도·피로에 따라 창이 달라짐""}",long → long,head off punching line; body angle not automatic → head off punching line; body angle not automatic,"두 잽 사이 인터셉트, 연속 전진의 균형 손실",앞손 반복 extension; 발의 추격 여부가 거리 결정,상황 의존적 / 성공률 미측정,biomechanical inference,"[""S01"", ""S06""]",기초 동작 또는 물리 원리의 근거; 이 전체 연쇄의 직접 검증 아님,N12,"[""startup"", ""extension / displacement"", ""impact attempt / evade"", ""recovery pending""]",미확정: 다음 방어·타이밍 분기에 따름,,
E0167,N12_S3,N12_S4,BLOCK,B,defensive response,"{""distance"": ""long"", ""timing"": ""새 궤도에는 글러브 방어 / 같은 손 재사용은 회수·지지면 확보가 전제"", ""stance"": ""OO"", ""foot_position"": ""neutral"", ""ring_position"": ""center"", ""positional_requirement"": ""머리·표적·손·지지면의 실제 경로가 겹치는지 확인; 진입 필요 시 표시한 거리 변경 스텝 완료"", ""physical"": ""리치·키·속도·피로에 따라 창이 달라짐""}",long → long,head off punching line; body angle not automatic → head off punching line; body angle not automatic,충격·다른 표적 열림·고정 방어 읽힘,지정 표적 cover; 반대 표적은 조건부 공백,상황 의존적 / 성공률 미측정,biomechanical inference,"[""S01"", ""S02""]",기초 동작 또는 물리 원리의 근거; 이 전체 연쇄의 직접 검증 아님,N12,"[""startup"", ""extension / displacement"", ""impact attempt / evade"", ""recovery pending""]",미확정: 다음 방어·타이밍 분기에 따름,,
E0168,N12_S4,N12_S5,EXIT,B,range transition / angle creation,"{""distance"": ""long"", ""timing"": ""그 뒤 옆각도 확보 / 같은 손 재사용은 회수·지지면 확보가 전제"", ""stance"": ""OO"", ""foot_position"": ""neutral"", ""ring_position"": ""center"", ""positional_requirement"": ""머리·표적·손·지지면의 실제 경로가 겹치는지 확인; 진입 필요 시 표시한 거리 변경 스텝 완료"", ""physical"": ""리치·키·속도·피로에 따라 창이 달라짐""}",long → long,head off punching line; body angle not automatic → off-line candidate; opponent may reorient,상대 훅·링 커팅·뒤돌기 금지,angle changes then guard/range reset,상황 의존적 / 성공률 미측정,biomechanical inference,"[""S06""]",기초 동작 또는 물리 원리의 근거; 이 전체 연쇄의 직접 검증 아님,N12,"[""startup"", ""extension / displacement"", ""impact attempt / evade"", ""recovery pending""]",미확정: 다음 방어·타이밍 분기에 따름,,
E0169,N12_S5,N12_S6,RESET,A,range transition / angle creation,"{""distance"": ""long"", ""timing"": ""B 각도로 재지향 / 같은 손 재사용은 회수·지지면 확보가 전제"", ""stance"": ""OO"", ""foot_position"": ""angle candidate"", ""ring_position"": ""center"", ""positional_requirement"": ""머리·표적·손·지지면의 실제 경로가 겹치는지 확인; 진입 필요 시 표시한 거리 변경 스텝 완료"", ""physical"": ""리치·키·속도·피로에 따라 창이 달라짐""}",long → long,off-line candidate; opponent may reorient → centerline aligned,시간 비용; 상대가 계속 치면 완료 불가,neutral phases and guard only when window secured,상황 의존적 / 성공률 미측정,biomechanical inference,"[""S06""]",기초 동작 또는 물리 원리의 근거; 이 전체 연쇄의 직접 검증 아님,N12,"[""startup"", ""extension / displacement"", ""impact attempt / evade"", ""recovery pending""]",미확정: 다음 방어·타이밍 분기에 따름,,
E0170,N12_S1,N12_S7,SSTEP,B,defensive response,"{""distance"": ""long"", ""timing"": ""slip+step: 한 발만 너무 크게 나가지 않고 사거리 압축 / 같은 손 재사용은 회수·지지면 확보가 전제"", ""stance"": ""OO"", ""foot_position"": ""neutral"", ""ring_position"": ""center"", ""positional_requirement"": ""머리·표적·손·지지면의 실제 경로가 겹치는지 확인; 진입 필요 시 표시한 거리 변경 스텝 완료"", ""physical"": ""리치·키·속도·피로에 따라 창이 달라짐""}",long → mid,centerline aligned → head off punching line; body angle not automatic,스텝 시간·발 충돌·각도 추적 허용,head outside; 상대적 거리·발 위치 변경,상황 의존적 / 성공률 미측정,biomechanical inference,"[""S06"", ""S07""]",기초 동작 또는 물리 원리의 근거; 이 전체 연쇄의 직접 검증 아님,N12,"[""startup"", ""extension / displacement"", ""impact attempt / evade"", ""recovery pending""]",미확정: 다음 방어·타이밍 분기에 따름,,
E0171,N12_S7,N12_S8,CB,B,counter,"{""distance"": ""mid"", ""timing"": ""도착 지지면·합법 보디 라인 / 같은 손 재사용은 회수·지지면 확보가 전제"", ""stance"": ""OO"", ""foot_position"": ""neutral"", ""ring_position"": ""center"", ""positional_requirement"": ""머리·표적·손·지지면의 실제 경로가 겹치는지 확인; 진입 필요 시 표시한 거리 변경 스텝 완료"", ""physical"": ""리치·키·속도·피로에 따라 창이 달라짐""}",mid → mid,head off punching line; body angle not automatic → head off punching line; body angle not automatic,머리를 맞교환 라인에 두면 위험,low head 선택; 공격팔 회수,상황 의존적 / 성공률 미측정,biomechanical inference,"[""S16"", ""S10""]",기초 동작 또는 물리 원리의 근거; 이 전체 연쇄의 직접 검증 아님,N12,"[""startup"", ""extension / displacement"", ""impact attempt / evade"", ""recovery pending""]",미확정: 다음 방어·타이밍 분기에 따름,,
E0172,N12_S8,N12_S9,ELBOW,A,defensive response,"{""distance"": ""mid"", ""timing"": ""보디 면 차단 / 같은 손 재사용은 회수·지지면 확보가 전제"", ""stance"": ""OO"", ""foot_position"": ""neutral"", ""ring_position"": ""center"", ""positional_requirement"": ""머리·표적·손·지지면의 실제 경로가 겹치는지 확인; 진입 필요 시 표시한 거리 변경 스텝 완료"", ""physical"": ""리치·키·속도·피로에 따라 창이 달라짐""}",mid → mid,head off punching line; body angle not automatic → head off punching line; body angle not automatic,같은 쪽 머리 가드가 실제로 내려가면 head opening,guard elbow-tucked; 머리 가드 하강은 별도 분기,상황 의존적 / 성공률 미측정,coaching consensus,"[""S01"", ""S16""]",기초 관계의 복수 코칭 근거,N12,"[""startup"", ""extension / displacement"", ""impact attempt / evade"", ""recovery pending""]",미확정: 다음 방어·타이밍 분기에 따름,,
E0173,N12_S9,N12_S10,LH,A,attack / continuation,"{""distance"": ""mid"", ""timing"": ""B 머리가 훅 사거리 안에 남음 / 같은 손 재사용은 회수·지지면 확보가 전제"", ""stance"": ""OO"", ""foot_position"": ""neutral"", ""ring_position"": ""center"", ""positional_requirement"": ""머리·표적·손·지지면의 실제 경로가 겹치는지 확인; 진입 필요 시 표시한 거리 변경 스텝 완료"", ""physical"": ""리치·키·속도·피로에 따라 창이 달라짐""}",mid → mid,head off punching line; body angle not automatic → head off punching line; body angle not automatic,넓게 돌면 직선 인터셉트와 반대 훅에 노출,lead arm recovery; 반대 회전 또는 피벗 준비 가능,상황 의존적 / 성공률 미측정,biomechanical inference,"[""S03""]",기초 동작 또는 물리 원리의 근거; 이 전체 연쇄의 직접 검증 아님,N12,"[""startup"", ""extension / displacement"", ""impact attempt / evade"", ""recovery pending""]",미확정: 다음 방어·타이밍 분기에 따름,,
E0174,N12_S10,N12_S11,SPIVOT,B,defensive response,"{""distance"": ""mid"", ""timing"": ""slip+pivot: 훅 궤도 바깥·출구 발 확보 / 같은 손 재사용은 회수·지지면 확보가 전제"", ""stance"": ""OO"", ""foot_position"": ""neutral"", ""ring_position"": ""center"", ""positional_requirement"": ""머리·표적·손·지지면의 실제 경로가 겹치는지 확인; 진입 필요 시 표시한 거리 변경 스텝 완료"", ""physical"": ""리치·키·속도·피로에 따라 창이 달라짐""}",mid → mid,head off punching line; body angle not automatic → off-line candidate; opponent may reorient,축발·출구가 막히면 회전 미완,off-line; angle advantage 조건부,상황 의존적 / 성공률 미측정,biomechanical inference,"[""S06"", ""S07""]",기초 동작 또는 물리 원리의 근거; 이 전체 연쇄의 직접 검증 아님,N12,"[""startup"", ""extension / displacement"", ""impact attempt / evade"", ""recovery pending""]",미확정: 다음 방어·타이밍 분기에 따름,,
E0175,N12_S11,N12_S12,RESET,A,range transition / angle creation,"{""distance"": ""mid"", ""timing"": ""새 각도 재정렬 / 같은 손 재사용은 회수·지지면 확보가 전제"", ""stance"": ""OO"", ""foot_position"": ""angle candidate"", ""ring_position"": ""center"", ""positional_requirement"": ""머리·표적·손·지지면의 실제 경로가 겹치는지 확인; 진입 필요 시 표시한 거리 변경 스텝 완료"", ""physical"": ""리치·키·속도·피로에 따라 창이 달라짐""}",mid → mid,off-line candidate; opponent may reorient → centerline aligned,시간 비용; 상대가 계속 치면 완료 불가,neutral phases and guard only when window secured,상황 의존적 / 성공률 미측정,biomechanical inference,"[""S06""]",기초 동작 또는 물리 원리의 근거; 이 전체 연쇄의 직접 검증 아님,N12,"[""startup"", ""extension / displacement"", ""impact attempt / evade"", ""recovery pending""]",미확정: 다음 방어·타이밍 분기에 따름,,
E0176,N13_S0,N13_S1,HAND,A,feint response / setup,"{""distance"": ""long"", ""timing"": ""OS에서 앞손끼리 접촉 경쟁 / 같은 손 재사용은 회수·지지면 확보가 전제"", ""stance"": ""OS"", ""foot_position"": ""neutral"", ""ring_position"": ""center"", ""positional_requirement"": ""머리·표적·손·지지면의 실제 경로가 겹치는지 확인; 진입 필요 시 표시한 거리 변경 스텝 완료"", ""physical"": ""리치·키·속도·피로에 따라 창이 달라짐""}",long → long,centerline aligned → centerline aligned,자기 앞손 측면 공백·상대 뒷손,lead guard contact; open stance geometry matters,상황 의존적 / 성공률 미측정,biomechanical inference,"[""S12"", ""S13""]",기초 동작 또는 물리 원리의 근거; 이 전체 연쇄의 직접 검증 아님,N13,"[""startup"", ""extension / displacement"", ""impact attempt / evade"", ""recovery pending""]",미확정: 다음 방어·타이밍 분기에 따름,,
E0177,N13_S1,N13_S2,OUTFOOT,A,range transition / angle creation,"{""distance"": ""long"", ""timing"": ""A 왼앞발을 B 오른앞발 바깥; 몸통도 정렬 / 같은 손 재사용은 회수·지지면 확보가 전제"", ""stance"": ""OS"", ""foot_position"": ""neutral"", ""ring_position"": ""center"", ""positional_requirement"": ""머리·표적·손·지지면의 실제 경로가 겹치는지 확인; 진입 필요 시 표시한 거리 변경 스텝 완료"", ""physical"": ""리치·키·속도·피로에 따라 창이 달라짐""}",long → long,centerline aligned → centerline aligned,상대 재피벗·앞손 훅·안쪽 타격; 자동 안전 아님,outside foot; torso alignment must be checked,상황 의존적 / 성공률 미측정,biomechanical inference,"[""S13""]",기초 동작 또는 물리 원리의 근거; 이 전체 연쇄의 직접 검증 아님,N13,"[""startup"", ""extension / displacement"", ""impact attempt / evade"", ""recovery pending""]",미확정: 다음 방어·타이밍 분기에 따름,,
E0178,N13_S2,N13_S3,CROSS,A,attack / continuation,"{""distance"": ""long"", ""timing"": ""머리도 B 뒷손 라인에서 벗어나고 A 뒷손 통로 열림 / 같은 손 재사용은 회수·지지면 확보가 전제"", ""stance"": ""OS"", ""foot_position"": ""A outside"", ""ring_position"": ""center"", ""positional_requirement"": ""머리·표적·손·지지면의 실제 경로가 겹치는지 확인; 진입 필요 시 표시한 거리 변경 스텝 완료"", ""physical"": ""리치·키·속도·피로에 따라 창이 달라짐""}",long → long,centerline aligned → centerline aligned,뒷손 가드 이탈과 회전 회수 구간,몸통 회전; rear arm recovery; 하중은 변형 의존,상황 의존적 / 성공률 미측정,biomechanical inference,"[""S03""]",기초 동작 또는 물리 원리의 근거; 이 전체 연쇄의 직접 검증 아님,N13,"[""startup"", ""extension / displacement"", ""impact attempt / evade"", ""recovery pending""]",미확정: 다음 방어·타이밍 분기에 따름,,
E0179,N13_S3,N13_S4,PIVOT,B,range transition / angle creation,"{""distance"": ""long"", ""timing"": ""B가 A와 다시 마주보도록 재피벗 / 같은 손 재사용은 회수·지지면 확보가 전제"", ""stance"": ""OS"", ""foot_position"": ""A outside"", ""ring_position"": ""center"", ""positional_requirement"": ""머리·표적·손·지지면의 실제 경로가 겹치는지 확인; 진입 필요 시 표시한 거리 변경 스텝 완료"", ""physical"": ""리치·키·속도·피로에 따라 창이 달라짐""}",long → long,centerline aligned → off-line candidate; opponent may reorient,축발 막힘·과회전·상대가 같이 돌기,relative angle conditional; range 거의 유지,상황 의존적 / 성공률 미측정,biomechanical inference,"[""S06""]",기초 동작 또는 물리 원리의 근거; 이 전체 연쇄의 직접 검증 아님,N13,"[""startup"", ""extension / displacement"", ""impact attempt / evade"", ""recovery pending""]",미확정: 다음 방어·타이밍 분기에 따름,,
E0180,N13_S4,N13_S5,CH,B,counter,"{""distance"": ""long"", ""timing"": ""A 출구가 B 앞손 훅 사거리 안에 남은 경우 / 같은 손 재사용은 회수·지지면 확보가 전제"", ""stance"": ""OS"", ""foot_position"": ""angle candidate"", ""ring_position"": ""center"", ""positional_requirement"": ""머리·표적·손·지지면의 실제 경로가 겹치는지 확인; 진입 필요 시 표시한 거리 변경 스텝 완료"", ""physical"": ""리치·키·속도·피로에 따라 창이 달라짐""}",long → mid,off-line candidate; opponent may reorient → off-line candidate; opponent may reorient,"짧은 사거리, 반대 손 카운터",lead recovery; 회전 momentum,상황 의존적 / 성공률 미측정,biomechanical inference,"[""S03"", ""S16""]",기초 동작 또는 물리 원리의 근거; 이 전체 연쇄의 직접 검증 아님,N13,"[""startup"", ""extension / displacement"", ""impact attempt / evade"", ""recovery pending""]",미확정: 다음 방어·타이밍 분기에 따름,,
E0181,N13_S5,N13_S6,BLOCK,A,defensive response,"{""distance"": ""mid"", ""timing"": ""측면 가드를 복구 / 같은 손 재사용은 회수·지지면 확보가 전제"", ""stance"": ""OS"", ""foot_position"": ""angle candidate"", ""ring_position"": ""center"", ""positional_requirement"": ""머리·표적·손·지지면의 실제 경로가 겹치는지 확인; 진입 필요 시 표시한 거리 변경 스텝 완료"", ""physical"": ""리치·키·속도·피로에 따라 창이 달라짐""}",mid → mid,off-line candidate; opponent may reorient → off-line candidate; opponent may reorient,충격·다른 표적 열림·고정 방어 읽힘,지정 표적 cover; 반대 표적은 조건부 공백,상황 의존적 / 성공률 미측정,biomechanical inference,"[""S01"", ""S02""]",기초 동작 또는 물리 원리의 근거; 이 전체 연쇄의 직접 검증 아님,N13,"[""startup"", ""extension / displacement"", ""impact attempt / evade"", ""recovery pending""]",미확정: 다음 방어·타이밍 분기에 따름,,
E0182,N13_S6,N13_S7,EXIT,A,range transition / angle creation,"{""distance"": ""mid"", ""timing"": ""바깥발만 고집하지 않고 빈 출구 / 같은 손 재사용은 회수·지지면 확보가 전제"", ""stance"": ""OS"", ""foot_position"": ""angle candidate"", ""ring_position"": ""center"", ""positional_requirement"": ""머리·표적·손·지지면의 실제 경로가 겹치는지 확인; 진입 필요 시 표시한 거리 변경 스텝 완료"", ""physical"": ""리치·키·속도·피로에 따라 창이 달라짐""}",mid → mid,off-line candidate; opponent may reorient → off-line candidate; opponent may reorient,상대 훅·링 커팅·뒤돌기 금지,angle changes then guard/range reset,상황 의존적 / 성공률 미측정,biomechanical inference,"[""S06""]",기초 동작 또는 물리 원리의 근거; 이 전체 연쇄의 직접 검증 아님,N13,"[""startup"", ""extension / displacement"", ""impact attempt / evade"", ""recovery pending""]",미확정: 다음 방어·타이밍 분기에 따름,,
E0183,N13_S7,N13_S8,RESET,B,range transition / angle creation,"{""distance"": ""mid"", ""timing"": ""양쪽 각도·발 중립 재정렬 / 같은 손 재사용은 회수·지지면 확보가 전제"", ""stance"": ""OS"", ""foot_position"": ""angle candidate"", ""ring_position"": ""center"", ""positional_requirement"": ""머리·표적·손·지지면의 실제 경로가 겹치는지 확인; 진입 필요 시 표시한 거리 변경 스텝 완료"", ""physical"": ""리치·키·속도·피로에 따라 창이 달라짐""}",mid → mid,off-line candidate; opponent may reorient → centerline aligned,시간 비용; 상대가 계속 치면 완료 불가,neutral phases and guard only when window secured,상황 의존적 / 성공률 미측정,biomechanical inference,"[""S06""]",기초 동작 또는 물리 원리의 근거; 이 전체 연쇄의 직접 검증 아님,N13,"[""startup"", ""extension / displacement"", ""impact attempt / evade"", ""recovery pending""]",미확정: 다음 방어·타이밍 분기에 따름,,
E0184,N13_S1,N13_S9,INFOOT,B,range transition / angle creation,"{""distance"": ""long"", ""timing"": ""B가 안쪽에 있어도 머리·가드를 A 뒷손에서 offset / 같은 손 재사용은 회수·지지면 확보가 전제"", ""stance"": ""OS"", ""foot_position"": ""neutral"", ""ring_position"": ""center"", ""positional_requirement"": ""머리·표적·손·지지면의 실제 경로가 겹치는지 확인; 진입 필요 시 표시한 거리 변경 스텝 완료"", ""physical"": ""리치·키·속도·피로에 따라 창이 달라짐""}",long → long,centerline aligned → centerline aligned,상대 바깥 뒷손 라인 노출,inside foot; head/guard offset needed,상황 의존적 / 성공률 미측정,biomechanical inference,"[""S13""]",기초 동작 또는 물리 원리의 근거; 이 전체 연쇄의 직접 검증 아님,N13,"[""startup"", ""extension / displacement"", ""impact attempt / evade"", ""recovery pending""]",미확정: 다음 방어·타이밍 분기에 따름,,
E0185,N13_S9,N13_S10,CJ,B,counter,"{""distance"": ""long"", ""timing"": ""안쪽 잽 통로와 거리 확보 / 같은 손 재사용은 회수·지지면 확보가 전제"", ""stance"": ""OS"", ""foot_position"": ""B inside"", ""ring_position"": ""center"", ""positional_requirement"": ""머리·표적·손·지지면의 실제 경로가 겹치는지 확인; 진입 필요 시 표시한 거리 변경 스텝 완료"", ""physical"": ""리치·키·속도·피로에 따라 창이 달라짐""}",long → long,centerline aligned → centerline aligned,상대의 두 번째 공격에 다시 읽힘,lead extension/recovery; 즉시 방어 필요,상황 의존적 / 성공률 미측정,biomechanical inference,"[""S11"", ""S16""]",기초 동작 또는 물리 원리의 근거; 이 전체 연쇄의 직접 검증 아님,N13,"[""startup"", ""extension / displacement"", ""impact attempt / evade"", ""recovery pending""]",미확정: 다음 방어·타이밍 분기에 따름,,
E0186,N13_S10,N13_S11,CATCH,A,defensive response,"{""distance"": ""long"", ""timing"": ""앞손 또는 뒷손 선택은 실제 궤도·손 위치에 따라 / 같은 손 재사용은 회수·지지면 확보가 전제"", ""stance"": ""OS"", ""foot_position"": ""B inside"", ""ring_position"": ""center"", ""positional_requirement"": ""머리·표적·손·지지면의 실제 경로가 겹치는지 확인; 진입 필요 시 표시한 거리 변경 스텝 완료"", ""physical"": ""리치·키·속도·피로에 따라 창이 달라짐""}",long → long,centerline aligned → centerline aligned,큰 도달·글러브가 얼굴로 밀림·페인트 반응,받는 손 작은 이동; free hand available,상황 의존적 / 성공률 미측정,coaching consensus,"[""S02"", ""S11""]",기초 관계의 복수 코칭 근거,N13,"[""startup"", ""extension / displacement"", ""impact attempt / evade"", ""recovery pending""]",미확정: 다음 방어·타이밍 분기에 따름,,
E0187,N13_S11,N13_S12,LH,A,attack / continuation,"{""distance"": ""long"", ""timing"": ""B 안쪽 진입이 훅 사거리 안에 남음 / 같은 손 재사용은 회수·지지면 확보가 전제"", ""stance"": ""OS"", ""foot_position"": ""B inside"", ""ring_position"": ""center"", ""positional_requirement"": ""머리·표적·손·지지면의 실제 경로가 겹치는지 확인; 진입 필요 시 표시한 거리 변경 스텝 완료"", ""physical"": ""리치·키·속도·피로에 따라 창이 달라짐""}",long → mid,centerline aligned → centerline aligned,넓게 돌면 직선 인터셉트와 반대 훅에 노출,lead arm recovery; 반대 회전 또는 피벗 준비 가능,상황 의존적 / 성공률 미측정,biomechanical inference,"[""S03""]",기초 동작 또는 물리 원리의 근거; 이 전체 연쇄의 직접 검증 아님,N13,"[""startup"", ""extension / displacement"", ""impact attempt / evade"", ""recovery pending""]",미확정: 다음 방어·타이밍 분기에 따름,,
E0188,N13_S12,N13_S13,BACK,B,range transition / angle creation,"{""distance"": ""mid"", ""timing"": ""후퇴 공간으로 훅 밖 / 같은 손 재사용은 회수·지지면 확보가 전제"", ""stance"": ""OS"", ""foot_position"": ""B inside"", ""ring_position"": ""center"", ""positional_requirement"": ""머리·표적·손·지지면의 실제 경로가 겹치는지 확인; 진입 필요 시 표시한 거리 변경 스텝 완료"", ""physical"": ""리치·키·속도·피로에 따라 창이 달라짐""}",mid → long,centerline aligned → centerline aligned,추격·로프·전진 반격에 새 스텝 필요,range 증가; rear space 소비,상황 의존적 / 성공률 미측정,biomechanical inference,"[""S01"", ""S06""]",기초 동작 또는 물리 원리의 근거; 이 전체 연쇄의 직접 검증 아님,N13,"[""startup"", ""extension / displacement"", ""impact attempt / evade"", ""recovery pending""]",미확정: 다음 방어·타이밍 분기에 따름,,
E0189,N13_S13,N13_S14,RESET,A,range transition / angle creation,"{""distance"": ""long"", ""timing"": ""발 우위를 주장하기 전 상대 몸통 각도 재확인 / 같은 손 재사용은 회수·지지면 확보가 전제"", ""stance"": ""OS"", ""foot_position"": ""B inside"", ""ring_position"": ""center"", ""positional_requirement"": ""머리·표적·손·지지면의 실제 경로가 겹치는지 확인; 진입 필요 시 표시한 거리 변경 스텝 완료"", ""physical"": ""리치·키·속도·피로에 따라 창이 달라짐""}",long → long,centerline aligned → centerline aligned,시간 비용; 상대가 계속 치면 완료 불가,neutral phases and guard only when window secured,상황 의존적 / 성공률 미측정,biomechanical inference,"[""S06""]",기초 동작 또는 물리 원리의 근거; 이 전체 연쇄의 직접 검증 아님,N13,"[""startup"", ""extension / displacement"", ""impact attempt / evade"", ""recovery pending""]",미확정: 다음 방어·타이밍 분기에 따름,,
E0190,N14_S0,N14_S1,JAB,A,attack / continuation,"{""distance"": ""long"", ""timing"": ""OS: A 왼앞손과 B 오른앞손의 가까운 라인 / 같은 손 재사용은 회수·지지면 확보가 전제"", ""stance"": ""OS"", ""foot_position"": ""neutral"", ""ring_position"": ""center"", ""positional_requirement"": ""머리·표적·손·지지면의 실제 경로가 겹치는지 확인; 진입 필요 시 표시한 거리 변경 스텝 완료"", ""physical"": ""리치·키·속도·피로에 따라 창이 달라짐""}",long → long,centerline aligned → centerline aligned,앞손 복귀 동안 같은 쪽 가드가 비며 단조로운 타이밍을 읽힐 수 있음,앞손 extension/recovery; 머리는 설계에 따라 center 또는 off-line,상황 의존적 / 성공률 미측정,biomechanical inference,"[""S01"", ""S02""]",기초 동작 또는 물리 원리의 근거; 이 전체 연쇄의 직접 검증 아님,N14,"[""startup"", ""extension / displacement"", ""impact attempt / evade"", ""recovery pending""]",미확정: 다음 방어·타이밍 분기에 따름,,
E0191,N14_S1,N14_S2,PARRY,B,defensive response,"{""distance"": ""long"", ""timing"": ""앞손의 작은 패리 선택; OO의 뒷손 처방을 복제하지 않음 / 같은 손 재사용은 회수·지지면 확보가 전제"", ""stance"": ""OS"", ""foot_position"": ""neutral"", ""ring_position"": ""center"", ""positional_requirement"": ""머리·표적·손·지지면의 실제 경로가 겹치는지 확인; 진입 필요 시 표시한 거리 변경 스텝 완료"", ""physical"": ""리치·키·속도·피로에 따라 창이 달라짐""}",long → long,centerline aligned → centerline aligned,반복 타이밍과 복귀를 읽힐 수 있음; 자동 빈틈 아님,parry hand slightly displaced; 복귀 가능,상황 의존적 / 성공률 미측정,coaching consensus,"[""S01"", ""S02"", ""S16""]",기초 관계의 복수 코칭 근거,N14,"[""startup"", ""extension / displacement"", ""impact attempt / evade"", ""recovery pending""]",미확정: 다음 방어·타이밍 분기에 따름,,
E0192,N14_S2,N14_S3,CC,B,counter,"{""distance"": ""long"", ""timing"": ""B 왼뒷손 통로가 열리고 머리 라인 분리 / 같은 손 재사용은 회수·지지면 확보가 전제"", ""stance"": ""OS"", ""foot_position"": ""neutral"", ""ring_position"": ""center"", ""positional_requirement"": ""머리·표적·손·지지면의 실제 경로가 겹치는지 확인; 진입 필요 시 표시한 거리 변경 스텝 완료"", ""physical"": ""리치·키·속도·피로에 따라 창이 달라짐""}",long → long,centerline aligned → centerline aligned,과도한 진입·다음 훅 위험,rear recovery와 몸통 회전,상황 의존적 / 성공률 미측정,biomechanical inference,"[""S03"", ""S07""]",기초 동작 또는 물리 원리의 근거; 이 전체 연쇄의 직접 검증 아님,N14,"[""startup"", ""extension / displacement"", ""impact attempt / evade"", ""recovery pending""]",미확정: 다음 방어·타이밍 분기에 따름,,
E0193,N14_S3,N14_S4,SOUT,A,defensive response,"{""distance"": ""long"", ""timing"": ""B 왼직선 바깥은 A 오른쪽; 팔 궤도 기준 / 같은 손 재사용은 회수·지지면 확보가 전제"", ""stance"": ""OS"", ""foot_position"": ""neutral"", ""ring_position"": ""center"", ""positional_requirement"": ""머리·표적·손·지지면의 실제 경로가 겹치는지 확인; 진입 필요 시 표시한 거리 변경 스텝 완료"", ""physical"": ""리치·키·속도·피로에 따라 창이 달라짐""}",long → long,centerline aligned → head off punching line; body angle not automatic,다음 펀치 재조준·훅·균형 손실,head outside incoming punch; 발각도 자동 우위 아님,상황 의존적 / 성공률 미측정,coaching consensus,"[""S02"", ""S07"", ""S16""]",기초 관계의 복수 코칭 근거,N14,"[""startup"", ""extension / displacement"", ""impact attempt / evade"", ""recovery pending""]",미확정: 다음 방어·타이밍 분기에 따름,,
E0194,N14_S4,N14_S5,OUTFOOT,A,range transition / angle creation,"{""distance"": ""long"", ""timing"": ""빈 발 공간에 바깥앞발 확보; 스텝 완료 필요 / 같은 손 재사용은 회수·지지면 확보가 전제"", ""stance"": ""OS"", ""foot_position"": ""neutral"", ""ring_position"": ""center"", ""positional_requirement"": ""머리·표적·손·지지면의 실제 경로가 겹치는지 확인; 진입 필요 시 표시한 거리 변경 스텝 완료"", ""physical"": ""리치·키·속도·피로에 따라 창이 달라짐""}",long → long,head off punching line; body angle not automatic → head off punching line; body angle not automatic,상대 재피벗·앞손 훅·안쪽 타격; 자동 안전 아님,outside foot; torso alignment must be checked,상황 의존적 / 성공률 미측정,biomechanical inference,"[""S13""]",기초 동작 또는 물리 원리의 근거; 이 전체 연쇄의 직접 검증 아님,N14,"[""startup"", ""extension / displacement"", ""impact attempt / evade"", ""recovery pending""]",미확정: 다음 방어·타이밍 분기에 따름,,
E0195,N14_S5,N14_S6,CROSS,A,attack / continuation,"{""distance"": ""long"", ""timing"": ""A 뒷손 새 통로·도달 / 같은 손 재사용은 회수·지지면 확보가 전제"", ""stance"": ""OS"", ""foot_position"": ""A outside"", ""ring_position"": ""center"", ""positional_requirement"": ""머리·표적·손·지지면의 실제 경로가 겹치는지 확인; 진입 필요 시 표시한 거리 변경 스텝 완료"", ""physical"": ""리치·키·속도·피로에 따라 창이 달라짐""}",long → long,head off punching line; body angle not automatic → head off punching line; body angle not automatic,뒷손 가드 이탈과 회전 회수 구간,몸통 회전; rear arm recovery; 하중은 변형 의존,상황 의존적 / 성공률 미측정,biomechanical inference,"[""S03""]",기초 동작 또는 물리 원리의 근거; 이 전체 연쇄의 직접 검증 아님,N14,"[""startup"", ""extension / displacement"", ""impact attempt / evade"", ""recovery pending""]",미확정: 다음 방어·타이밍 분기에 따름,,
E0196,N14_S6,N14_S7,HG,B,defensive response,"{""distance"": ""long"", ""timing"": ""뒷손 방어와 발 복귀 / 같은 손 재사용은 회수·지지면 확보가 전제"", ""stance"": ""OS"", ""foot_position"": ""A outside"", ""ring_position"": ""center"", ""positional_requirement"": ""머리·표적·손·지지면의 실제 경로가 겹치는지 확인; 진입 필요 시 표시한 거리 변경 스텝 완료"", ""physical"": ""리치·키·속도·피로에 따라 창이 달라짐""}",long → long,head off punching line; body angle not automatic → head off punching line; body angle not automatic,시야·보디·기동성 제한; 충격 전달 가능,guard high; body exposed는 팔꿈치 위치 의존,상황 의존적 / 성공률 미측정,biomechanical inference,"[""S01"", ""S02""]",기초 동작 또는 물리 원리의 근거; 이 전체 연쇄의 직접 검증 아님,N14,"[""startup"", ""extension / displacement"", ""impact attempt / evade"", ""recovery pending""]",미확정: 다음 방어·타이밍 분기에 따름,,
E0197,N14_S7,N14_S8,EXIT,B,range transition / angle creation,"{""distance"": ""long"", ""timing"": ""다음 추격 전 옆으로 / 같은 손 재사용은 회수·지지면 확보가 전제"", ""stance"": ""OS"", ""foot_position"": ""A outside"", ""ring_position"": ""center"", ""positional_requirement"": ""머리·표적·손·지지면의 실제 경로가 겹치는지 확인; 진입 필요 시 표시한 거리 변경 스텝 완료"", ""physical"": ""리치·키·속도·피로에 따라 창이 달라짐""}",long → long,head off punching line; body angle not automatic → off-line candidate; opponent may reorient,상대 훅·링 커팅·뒤돌기 금지,angle changes then guard/range reset,상황 의존적 / 성공률 미측정,biomechanical inference,"[""S06""]",기초 동작 또는 물리 원리의 근거; 이 전체 연쇄의 직접 검증 아님,N14,"[""startup"", ""extension / displacement"", ""impact attempt / evade"", ""recovery pending""]",미확정: 다음 방어·타이밍 분기에 따름,,
E0198,N14_S8,N14_S9,RESET,A,range transition / angle creation,"{""distance"": ""long"", ""timing"": ""서로 재지향 / 같은 손 재사용은 회수·지지면 확보가 전제"", ""stance"": ""OS"", ""foot_position"": ""angle candidate"", ""ring_position"": ""center"", ""positional_requirement"": ""머리·표적·손·지지면의 실제 경로가 겹치는지 확인; 진입 필요 시 표시한 거리 변경 스텝 완료"", ""physical"": ""리치·키·속도·피로에 따라 창이 달라짐""}",long → long,off-line candidate; opponent may reorient → centerline aligned,시간 비용; 상대가 계속 치면 완료 불가,neutral phases and guard only when window secured,상황 의존적 / 성공률 미측정,biomechanical inference,"[""S06""]",기초 동작 또는 물리 원리의 근거; 이 전체 연쇄의 직접 검증 아님,N14,"[""startup"", ""extension / displacement"", ""impact attempt / evade"", ""recovery pending""]",미확정: 다음 방어·타이밍 분기에 따름,,
E0199,N15_S0,N15_S1,JAB,A,attack / continuation,"{""distance"": ""long"", ""timing"": ""SS: A 오른앞손 잽 / 같은 손 재사용은 회수·지지면 확보가 전제"", ""stance"": ""SS"", ""foot_position"": ""neutral"", ""ring_position"": ""center"", ""positional_requirement"": ""머리·표적·손·지지면의 실제 경로가 겹치는지 확인; 진입 필요 시 표시한 거리 변경 스텝 완료"", ""physical"": ""리치·키·속도·피로에 따라 창이 달라짐""}",long → long,centerline aligned → centerline aligned,앞손 복귀 동안 같은 쪽 가드가 비며 단조로운 타이밍을 읽힐 수 있음,앞손 extension/recovery; 머리는 설계에 따라 center 또는 off-line,상황 의존적 / 성공률 미측정,biomechanical inference,"[""S01"", ""S02""]",기초 동작 또는 물리 원리의 근거; 이 전체 연쇄의 직접 검증 아님,N15,"[""startup"", ""extension / displacement"", ""impact attempt / evade"", ""recovery pending""]",미확정: 다음 방어·타이밍 분기에 따름,,
E0200,N15_S1,N15_S2,SOUT,B,defensive response,"{""distance"": ""long"", ""timing"": ""A 잽 바깥은 B 왼쪽; B 발은 그대로 / 같은 손 재사용은 회수·지지면 확보가 전제"", ""stance"": ""SS"", ""foot_position"": ""neutral"", ""ring_position"": ""center"", ""positional_requirement"": ""머리·표적·손·지지면의 실제 경로가 겹치는지 확인; 진입 필요 시 표시한 거리 변경 스텝 완료"", ""physical"": ""리치·키·속도·피로에 따라 창이 달라짐""}",long → long,centerline aligned → head off punching line; body angle not automatic,다음 펀치 재조준·훅·균형 손실,head outside incoming punch; 발각도 자동 우위 아님,상황 의존적 / 성공률 미측정,coaching consensus,"[""S02"", ""S07"", ""S16""]",기초 관계의 복수 코칭 근거,N15,"[""startup"", ""extension / displacement"", ""impact attempt / evade"", ""recovery pending""]",미확정: 다음 방어·타이밍 분기에 따름,,
E0201,N15_S2,N15_S3,CC,B,counter,"{""distance"": ""long"", ""timing"": ""B 왼뒷손 반격 라인·사거리 남음 / 같은 손 재사용은 회수·지지면 확보가 전제"", ""stance"": ""SS"", ""foot_position"": ""neutral"", ""ring_position"": ""center"", ""positional_requirement"": ""머리·표적·손·지지면의 실제 경로가 겹치는지 확인; 진입 필요 시 표시한 거리 변경 스텝 완료"", ""physical"": ""리치·키·속도·피로에 따라 창이 달라짐""}",long → long,head off punching line; body angle not automatic → head off punching line; body angle not automatic,과도한 진입·다음 훅 위험,rear recovery와 몸통 회전,상황 의존적 / 성공률 미측정,biomechanical inference,"[""S03"", ""S07""]",기초 동작 또는 물리 원리의 근거; 이 전체 연쇄의 직접 검증 아님,N15,"[""startup"", ""extension / displacement"", ""impact attempt / evade"", ""recovery pending""]",미확정: 다음 방어·타이밍 분기에 따름,,
E0202,N15_S3,N15_S4,SIN,A,defensive response,"{""distance"": ""long"", ""timing"": ""B 왼직선 안쪽은 A 왼쪽; B 오른앞손을 경계 / 같은 손 재사용은 회수·지지면 확보가 전제"", ""stance"": ""SS"", ""foot_position"": ""neutral"", ""ring_position"": ""center"", ""positional_requirement"": ""머리·표적·손·지지면의 실제 경로가 겹치는지 확인; 진입 필요 시 표시한 거리 변경 스텝 완료"", ""physical"": ""리치·키·속도·피로에 따라 창이 달라짐""}",long → long,head off punching line; body angle not automatic → head off punching line; body angle not automatic,자유손 공격 통로로 접근,head inside incoming punch; range unchanged or 감소,상황 의존적 / 성공률 미측정,coaching consensus,"[""S02"", ""S07"", ""S16""]",기초 관계의 복수 코칭 근거,N15,"[""startup"", ""extension / displacement"", ""impact attempt / evade"", ""recovery pending""]",미확정: 다음 방어·타이밍 분기에 따름,,
E0203,N15_S4,N15_S5,LH,B,attack / continuation,"{""distance"": ""long"", ""timing"": ""SS 앞손 훅은 오른손; 작은 진입 스텝 완료 후 A 머리가 도달 궤도 안 / 같은 손 재사용은 회수·지지면 확보가 전제"", ""stance"": ""SS"", ""foot_position"": ""neutral"", ""ring_position"": ""center"", ""positional_requirement"": ""머리·표적·손·지지면의 실제 경로가 겹치는지 확인; 진입 필요 시 표시한 거리 변경 스텝 완료"", ""physical"": ""리치·키·속도·피로에 따라 창이 달라짐""}",long → mid,head off punching line; body angle not automatic → head off punching line; body angle not automatic,넓게 돌면 직선 인터셉트와 반대 훅에 노출,lead arm recovery; 반대 회전 또는 피벗 준비 가능,상황 의존적 / 성공률 미측정,biomechanical inference,"[""S03""]",기초 동작 또는 물리 원리의 근거; 이 전체 연쇄의 직접 검증 아님,N15,"[""startup"", ""extension / displacement"", ""impact attempt / evade"", ""recovery pending""]",미확정: 다음 방어·타이밍 분기에 따름,,
E0204,N15_S5,N15_S6,ROLL,A,defensive response,"{""distance"": ""mid"", ""timing"": ""높은 오른훅 아래 옆 이동 / 같은 손 재사용은 회수·지지면 확보가 전제"", ""stance"": ""SS"", ""foot_position"": ""neutral"", ""ring_position"": ""center"", ""positional_requirement"": ""머리·표적·손·지지면의 실제 경로가 겹치는지 확인; 진입 필요 시 표시한 거리 변경 스텝 완료"", ""physical"": ""리치·키·속도·피로에 따라 창이 달라짐""}",mid → mid,head off punching line; body angle not automatic → head off punching line; body angle not automatic,반복 경로·허리 굽힘·다음 낮은 공격,low→side head; 회전·하중은 출구 의존,상황 의존적 / 성공률 미측정,coaching consensus,"[""S01"", ""S08"", ""S16""]",기초 관계의 복수 코칭 근거,N15,"[""startup"", ""extension / displacement"", ""impact attempt / evade"", ""recovery pending""]",미확정: 다음 방어·타이밍 분기에 따름,,
E0205,N15_S6,N15_S7,EXIT,A,range transition / angle creation,"{""distance"": ""mid"", ""timing"": ""짧은 반격 대신 출구 선택 / 같은 손 재사용은 회수·지지면 확보가 전제"", ""stance"": ""SS"", ""foot_position"": ""neutral"", ""ring_position"": ""center"", ""positional_requirement"": ""머리·표적·손·지지면의 실제 경로가 겹치는지 확인; 진입 필요 시 표시한 거리 변경 스텝 완료"", ""physical"": ""리치·키·속도·피로에 따라 창이 달라짐""}",mid → mid,head off punching line; body angle not automatic → off-line candidate; opponent may reorient,상대 훅·링 커팅·뒤돌기 금지,angle changes then guard/range reset,상황 의존적 / 성공률 미측정,biomechanical inference,"[""S06""]",기초 동작 또는 물리 원리의 근거; 이 전체 연쇄의 직접 검증 아님,N15,"[""startup"", ""extension / displacement"", ""impact attempt / evade"", ""recovery pending""]",미확정: 다음 방어·타이밍 분기에 따름,,
E0206,N15_S7,N15_S8,RESET,B,range transition / angle creation,"{""distance"": ""mid"", ""timing"": ""가드·발 재정렬 / 같은 손 재사용은 회수·지지면 확보가 전제"", ""stance"": ""SS"", ""foot_position"": ""angle candidate"", ""ring_position"": ""center"", ""positional_requirement"": ""머리·표적·손·지지면의 실제 경로가 겹치는지 확인; 진입 필요 시 표시한 거리 변경 스텝 완료"", ""physical"": ""리치·키·속도·피로에 따라 창이 달라짐""}",mid → mid,off-line candidate; opponent may reorient → centerline aligned,시간 비용; 상대가 계속 치면 완료 불가,neutral phases and guard only when window secured,상황 의존적 / 성공률 미측정,biomechanical inference,"[""S06""]",기초 동작 또는 물리 원리의 근거; 이 전체 연쇄의 직접 검증 아님,N15,"[""startup"", ""extension / displacement"", ""impact attempt / evade"", ""recovery pending""]",미확정: 다음 방어·타이밍 분기에 따름,,
E0207,N16_S0,N16_S1,TRAP,A,feint response / setup,"{""distance"": ""long"", ""timing"": ""A가 B 잽 끝거리 직전에서 표적 제공 / 같은 손 재사용은 회수·지지면 확보가 전제"", ""stance"": ""OO"", ""foot_position"": ""neutral"", ""ring_position"": ""center"", ""positional_requirement"": ""머리·표적·손·지지면의 실제 경로가 겹치는지 확인; 진입 필요 시 표시한 거리 변경 스텝 완료"", ""physical"": ""리치·키·속도·피로에 따라 창이 달라짐""}",long → long,centerline aligned → centerline aligned,상대가 발로 보정하거나 공격 안 함,range near boundary; belief update,상황 의존적 / 성공률 미측정,biomechanical inference,"[""S06"", ""S14""]",기초 동작 또는 물리 원리의 근거; 이 전체 연쇄의 직접 검증 아님,N16,"[""startup"", ""extension / displacement"", ""impact attempt / evade"", ""recovery pending""]",미확정: 다음 방어·타이밍 분기에 따름,,
E0208,N16_S1,N16_S2,JAB,B,attack / continuation,"{""distance"": ""long"", ""timing"": ""B가 과도한 상체 진입으로 닿으려 함 / 같은 손 재사용은 회수·지지면 확보가 전제"", ""stance"": ""OO"", ""foot_position"": ""neutral"", ""ring_position"": ""center"", ""positional_requirement"": ""머리·표적·손·지지면의 실제 경로가 겹치는지 확인; 진입 필요 시 표시한 거리 변경 스텝 완료"", ""physical"": ""리치·키·속도·피로에 따라 창이 달라짐""}",long → long,centerline aligned → centerline aligned,앞손 복귀 동안 같은 쪽 가드가 비며 단조로운 타이밍을 읽힐 수 있음,앞손 extension/recovery; 머리는 설계에 따라 center 또는 off-line,상황 의존적 / 성공률 미측정,biomechanical inference,"[""S01"", ""S02""]",기초 동작 또는 물리 원리의 근거; 이 전체 연쇄의 직접 검증 아님,N16,"[""startup"", ""extension / displacement"", ""impact attempt / evade"", ""recovery pending""]",미확정: 다음 방어·타이밍 분기에 따름,,
E0209,N16_S2,N16_S3,BACK,A,range transition / angle creation,"{""distance"": ""long"", ""timing"": ""뒤 공간이 충분하고 B 팔 최대 신전 뒤 / 같은 손 재사용은 회수·지지면 확보가 전제"", ""stance"": ""OO"", ""foot_position"": ""neutral"", ""ring_position"": ""center"", ""positional_requirement"": ""머리·표적·손·지지면의 실제 경로가 겹치는지 확인; 진입 필요 시 표시한 거리 변경 스텝 완료"", ""physical"": ""리치·키·속도·피로에 따라 창이 달라짐""}",long → long,centerline aligned → centerline aligned,추격·로프·전진 반격에 새 스텝 필요,range 증가; rear space 소비,상황 의존적 / 성공률 미측정,biomechanical inference,"[""S01"", ""S06""]",기초 동작 또는 물리 원리의 근거; 이 전체 연쇄의 직접 검증 아님,N16,"[""startup"", ""extension / displacement"", ""impact attempt / evade"", ""recovery pending""]",미확정: 다음 방어·타이밍 분기에 따름,,
E0210,N16_S3,N16_S4,DELAY,A,counter,"{""distance"": ""long"", ""timing"": ""B가 두 번째 펀치를 낼 수 있으므로 즉시 돌진 보류 / 같은 손 재사용은 회수·지지면 확보가 전제"", ""stance"": ""OO"", ""foot_position"": ""neutral"", ""ring_position"": ""center"", ""positional_requirement"": ""머리·표적·손·지지면의 실제 경로가 겹치는지 확인; 진입 필요 시 표시한 거리 변경 스텝 완료"", ""physical"": ""리치·키·속도·피로에 따라 창이 달라짐""}",long → long,centerline aligned → centerline aligned,기다림 중 콤비네이션·퇴로 상실,ready 상태 유지; 다음 extension 선택,상황 의존적 / 성공률 미측정,biomechanical inference,"[""S06""]",기초 동작 또는 물리 원리의 근거; 이 전체 연쇄의 직접 검증 아님,N16,"[""startup"", ""extension / displacement"", ""impact attempt / evade"", ""recovery pending""]",미확정: 다음 방어·타이밍 분기에 따름,,
E0211,N16_S4,N16_S5,DOUBLE,B,attack / continuation,"{""distance"": ""long"", ""timing"": ""B가 발로 사거리 보정하고 재조준 / 같은 손 재사용은 회수·지지면 확보가 전제"", ""stance"": ""OO"", ""foot_position"": ""neutral"", ""ring_position"": ""center"", ""positional_requirement"": ""머리·표적·손·지지면의 실제 경로가 겹치는지 확인; 진입 필요 시 표시한 거리 변경 스텝 완료"", ""physical"": ""리치·키·속도·피로에 따라 창이 달라짐""}",long → long,centerline aligned → centerline aligned,"두 잽 사이 인터셉트, 연속 전진의 균형 손실",앞손 반복 extension; 발의 추격 여부가 거리 결정,상황 의존적 / 성공률 미측정,biomechanical inference,"[""S01"", ""S06""]",기초 동작 또는 물리 원리의 근거; 이 전체 연쇄의 직접 검증 아님,N16,"[""startup"", ""extension / displacement"", ""impact attempt / evade"", ""recovery pending""]",미확정: 다음 방어·타이밍 분기에 따름,,
E0212,N16_S5,N16_S6,LAT,A,range transition / angle creation,"{""distance"": ""long"", ""timing"": ""직선 추격 밖 옆 출구 / 같은 손 재사용은 회수·지지면 확보가 전제"", ""stance"": ""OO"", ""foot_position"": ""neutral"", ""ring_position"": ""center"", ""positional_requirement"": ""머리·표적·손·지지면의 실제 경로가 겹치는지 확인; 진입 필요 시 표시한 거리 변경 스텝 완료"", ""physical"": ""리치·키·속도·피로에 따라 창이 달라짐""}",long → long,centerline aligned → off-line candidate; opponent may reorient,원형 훅·링 커팅·발 교차,head line과 상대 bearing 변경,상황 의존적 / 성공률 미측정,biomechanical inference,"[""S06""]",기초 동작 또는 물리 원리의 근거; 이 전체 연쇄의 직접 검증 아님,N16,"[""startup"", ""extension / displacement"", ""impact attempt / evade"", ""recovery pending""]",미확정: 다음 방어·타이밍 분기에 따름,,
E0213,N16_S6,N16_S7,CJ,A,counter,"{""distance"": ""long"", ""timing"": ""B가 재지향하는 창에 앞손 도달 / 같은 손 재사용은 회수·지지면 확보가 전제"", ""stance"": ""OO"", ""foot_position"": ""angle candidate"", ""ring_position"": ""center"", ""positional_requirement"": ""머리·표적·손·지지면의 실제 경로가 겹치는지 확인; 진입 필요 시 표시한 거리 변경 스텝 완료"", ""physical"": ""리치·키·속도·피로에 따라 창이 달라짐""}",long → long,off-line candidate; opponent may reorient → off-line candidate; opponent may reorient,상대의 두 번째 공격에 다시 읽힘,lead extension/recovery; 즉시 방어 필요,상황 의존적 / 성공률 미측정,biomechanical inference,"[""S11"", ""S16""]",기초 동작 또는 물리 원리의 근거; 이 전체 연쇄의 직접 검증 아님,N16,"[""startup"", ""extension / displacement"", ""impact attempt / evade"", ""recovery pending""]",미확정: 다음 방어·타이밍 분기에 따름,,
E0214,N16_S7,N16_S8,RESET,B,range transition / angle creation,"{""distance"": ""long"", ""timing"": ""작은 반격 후 거리 복귀 / 같은 손 재사용은 회수·지지면 확보가 전제"", ""stance"": ""OO"", ""foot_position"": ""angle candidate"", ""ring_position"": ""center"", ""positional_requirement"": ""머리·표적·손·지지면의 실제 경로가 겹치는지 확인; 진입 필요 시 표시한 거리 변경 스텝 완료"", ""physical"": ""리치·키·속도·피로에 따라 창이 달라짐""}",long → long,off-line candidate; opponent may reorient → centerline aligned,시간 비용; 상대가 계속 치면 완료 불가,neutral phases and guard only when window secured,상황 의존적 / 성공률 미측정,biomechanical inference,"[""S06""]",기초 동작 또는 물리 원리의 근거; 이 전체 연쇄의 직접 검증 아님,N16,"[""startup"", ""extension / displacement"", ""impact attempt / evade"", ""recovery pending""]",미확정: 다음 방어·타이밍 분기에 따름,,
E0215,N17_S0,N17_S1,PRESS,A,range transition / angle creation,"{""distance"": ""long"", ""timing"": ""B 뒤 퇴로가 로프에 가까움 / 같은 손 재사용은 회수·지지면 확보가 전제"", ""stance"": ""OO"", ""foot_position"": ""neutral"", ""ring_position"": ""ropes"", ""positional_requirement"": ""머리·표적·손·지지면의 실제 경로가 겹치는지 확인; 진입 필요 시 표시한 거리 변경 스텝 완료"", ""physical"": ""리치·키·속도·피로에 따라 창이 달라짐""}",long → long,centerline aligned → centerline aligned,직선 추격·스텝 중 인터셉트,opponent ring space reduced only if cut succeeds,상황 의존적 / 성공률 미측정,biomechanical inference,"[""S06""]",기초 동작 또는 물리 원리의 근거; 이 전체 연쇄의 직접 검증 아님,N17,"[""startup"", ""extension / displacement"", ""impact attempt / evade"", ""recovery pending""]",미확정: 다음 방어·타이밍 분기에 따름,,
E0216,N17_S1,N17_S2,JAB,A,attack / continuation,"{""distance"": ""long"", ""timing"": ""B 머리 위협 / 같은 손 재사용은 회수·지지면 확보가 전제"", ""stance"": ""OO"", ""foot_position"": ""neutral"", ""ring_position"": ""ropes"", ""positional_requirement"": ""머리·표적·손·지지면의 실제 경로가 겹치는지 확인; 진입 필요 시 표시한 거리 변경 스텝 완료"", ""physical"": ""리치·키·속도·피로에 따라 창이 달라짐""}",long → long,centerline aligned → centerline aligned,앞손 복귀 동안 같은 쪽 가드가 비며 단조로운 타이밍을 읽힐 수 있음,앞손 extension/recovery; 머리는 설계에 따라 center 또는 off-line,상황 의존적 / 성공률 미측정,biomechanical inference,"[""S01"", ""S02""]",기초 동작 또는 물리 원리의 근거; 이 전체 연쇄의 직접 검증 아님,N17,"[""startup"", ""extension / displacement"", ""impact attempt / evade"", ""recovery pending""]",미확정: 다음 방어·타이밍 분기에 따름,,
E0217,N17_S2,N17_S3,PULL,B,defensive response,"{""distance"": ""long"", ""timing"": ""작은 머리 여유는 있지만 큰 후퇴는 불가 / 같은 손 재사용은 회수·지지면 확보가 전제"", ""stance"": ""OO"", ""foot_position"": ""neutral"", ""ring_position"": ""ropes"", ""positional_requirement"": ""머리·표적·손·지지면의 실제 경로가 겹치는지 확인; 진입 필요 시 표시한 거리 변경 스텝 완료"", ""physical"": ""리치·키·속도·피로에 따라 창이 달라짐""}",long → long,centerline aligned → centerline aligned,몸통 사거리 유지·추격 두 번째 펀치,"head rearward; rear loaded 경향, 과도한 경우 균형 감소",상황 의존적 / 성공률 미측정,biomechanical inference,"[""S01"", ""S02""]",기초 동작 또는 물리 원리의 근거; 이 전체 연쇄의 직접 검증 아님,N17,"[""startup"", ""extension / displacement"", ""impact attempt / evade"", ""recovery pending""]",미확정: 다음 방어·타이밍 분기에 따름,,
E0218,N17_S3,N17_S4,DOUBLE,A,attack / continuation,"{""distance"": ""long"", ""timing"": ""A가 발로 추격; 같은 풀만 반복하면 사거리 보정 / 같은 손 재사용은 회수·지지면 확보가 전제"", ""stance"": ""OO"", ""foot_position"": ""neutral"", ""ring_position"": ""ropes"", ""positional_requirement"": ""머리·표적·손·지지면의 실제 경로가 겹치는지 확인; 진입 필요 시 표시한 거리 변경 스텝 완료"", ""physical"": ""리치·키·속도·피로에 따라 창이 달라짐""}",long → mid,centerline aligned → centerline aligned,"두 잽 사이 인터셉트, 연속 전진의 균형 손실",앞손 반복 extension; 발의 추격 여부가 거리 결정,상황 의존적 / 성공률 미측정,biomechanical inference,"[""S01"", ""S06""]",기초 동작 또는 물리 원리의 근거; 이 전체 연쇄의 직접 검증 아님,N17,"[""startup"", ""extension / displacement"", ""impact attempt / evade"", ""recovery pending""]",미확정: 다음 방어·타이밍 분기에 따름,,
E0219,N17_S4,N17_S5,CHECK,B,counter,"{""distance"": ""mid"", ""timing"": ""B 축발·옆 출구·짧은 훅 사거리 있을 때 / 같은 손 재사용은 회수·지지면 확보가 전제"", ""stance"": ""OO"", ""foot_position"": ""neutral"", ""ring_position"": ""ropes"", ""positional_requirement"": ""머리·표적·손·지지면의 실제 경로가 겹치는지 확인; 진입 필요 시 표시한 거리 변경 스텝 완료"", ""physical"": ""리치·키·속도·피로에 따라 창이 달라짐""}",mid → mid,centerline aligned → off-line candidate; opponent may reorient,축발에 하중 과다·퇴로 차단·훅 미달,off-line angle; 상대 재정렬 필요,상황 의존적 / 성공률 미측정,biomechanical inference,"[""S06"", ""S20""]",기초 동작 또는 물리 원리의 근거; 이 전체 연쇄의 직접 검증 아님,N17,"[""startup"", ""extension / displacement"", ""impact attempt / evade"", ""recovery pending""]",미확정: 다음 방어·타이밍 분기에 따름,,
E0220,N17_S5,N17_S6,BLOCK,A,defensive response,"{""distance"": ""mid"", ""timing"": ""훅 측면을 받고 추격 방향 멈춤 / 같은 손 재사용은 회수·지지면 확보가 전제"", ""stance"": ""OO"", ""foot_position"": ""angle candidate"", ""ring_position"": ""ropes"", ""positional_requirement"": ""머리·표적·손·지지면의 실제 경로가 겹치는지 확인; 진입 필요 시 표시한 거리 변경 스텝 완료"", ""physical"": ""리치·키·속도·피로에 따라 창이 달라짐""}",mid → mid,off-line candidate; opponent may reorient → off-line candidate; opponent may reorient,충격·다른 표적 열림·고정 방어 읽힘,지정 표적 cover; 반대 표적은 조건부 공백,상황 의존적 / 성공률 미측정,biomechanical inference,"[""S01"", ""S02""]",기초 동작 또는 물리 원리의 근거; 이 전체 연쇄의 직접 검증 아님,N17,"[""startup"", ""extension / displacement"", ""impact attempt / evade"", ""recovery pending""]",미확정: 다음 방어·타이밍 분기에 따름,,
E0221,N17_S6,N17_S7,EXIT,B,range transition / angle creation,"{""distance"": ""mid"", ""timing"": ""옆 출구로 로프에서 벗어날 시간 / 같은 손 재사용은 회수·지지면 확보가 전제"", ""stance"": ""OO"", ""foot_position"": ""angle candidate"", ""ring_position"": ""ropes"", ""positional_requirement"": ""머리·표적·손·지지면의 실제 경로가 겹치는지 확인; 진입 필요 시 표시한 거리 변경 스텝 완료"", ""physical"": ""리치·키·속도·피로에 따라 창이 달라짐""}",mid → mid,off-line candidate; opponent may reorient → off-line candidate; opponent may reorient,상대 훅·링 커팅·뒤돌기 금지,angle changes then guard/range reset,상황 의존적 / 성공률 미측정,biomechanical inference,"[""S06""]",기초 동작 또는 물리 원리의 근거; 이 전체 연쇄의 직접 검증 아님,N17,"[""startup"", ""extension / displacement"", ""impact attempt / evade"", ""recovery pending""]",미확정: 다음 방어·타이밍 분기에 따름,,
E0222,N17_S7,N17_S8,RESET,A,range transition / angle creation,"{""distance"": ""mid"", ""timing"": ""중앙에서 재정렬 / 같은 손 재사용은 회수·지지면 확보가 전제"", ""stance"": ""OO"", ""foot_position"": ""angle candidate"", ""ring_position"": ""center"", ""positional_requirement"": ""머리·표적·손·지지면의 실제 경로가 겹치는지 확인; 진입 필요 시 표시한 거리 변경 스텝 완료"", ""physical"": ""리치·키·속도·피로에 따라 창이 달라짐""}",mid → long,off-line candidate; opponent may reorient → centerline aligned,시간 비용; 상대가 계속 치면 완료 불가,neutral phases and guard only when window secured,상황 의존적 / 성공률 미측정,biomechanical inference,"[""S06""]",기초 동작 또는 물리 원리의 근거; 이 전체 연쇄의 직접 검증 아님,N17,"[""startup"", ""extension / displacement"", ""impact attempt / evade"", ""recovery pending""]",미확정: 다음 방어·타이밍 분기에 따름,,
E0223,N17_S1,N17_S9,CPRESS,B,counter,"{""distance"": ""long"", ""timing"": ""A 진입 startup에 멈춤 직선 반격 / 같은 손 재사용은 회수·지지면 확보가 전제"", ""stance"": ""OO"", ""foot_position"": ""neutral"", ""ring_position"": ""ropes"", ""positional_requirement"": ""머리·표적·손·지지면의 실제 경로가 겹치는지 확인; 진입 필요 시 표시한 거리 변경 스텝 완료"", ""physical"": ""리치·키·속도·피로에 따라 창이 달라짐""}",long → long,centerline aligned → centerline aligned,멈출 때 중심선·교환 위험,initiative shifts conditionally,상황 의존적 / 성공률 미측정,biomechanical inference,"[""S06""]",기초 동작 또는 물리 원리의 근거; 이 전체 연쇄의 직접 검증 아님,N17,"[""startup"", ""extension / displacement"", ""impact attempt / evade"", ""recovery pending""]",미확정: 다음 방어·타이밍 분기에 따름,,
E0224,N17_S9,N17_S10,SOUT,A,defensive response,"{""distance"": ""long"", ""timing"": ""B 직선 바깥 머리 이동 / 같은 손 재사용은 회수·지지면 확보가 전제"", ""stance"": ""OO"", ""foot_position"": ""neutral"", ""ring_position"": ""ropes"", ""positional_requirement"": ""머리·표적·손·지지면의 실제 경로가 겹치는지 확인; 진입 필요 시 표시한 거리 변경 스텝 완료"", ""physical"": ""리치·키·속도·피로에 따라 창이 달라짐""}",long → long,centerline aligned → head off punching line; body angle not automatic,다음 펀치 재조준·훅·균형 손실,head outside incoming punch; 발각도 자동 우위 아님,상황 의존적 / 성공률 미측정,coaching consensus,"[""S02"", ""S07"", ""S16""]",기초 관계의 복수 코칭 근거,N17,"[""startup"", ""extension / displacement"", ""impact attempt / evade"", ""recovery pending""]",미확정: 다음 방어·타이밍 분기에 따름,,
E0225,N17_S10,N17_S11,BH,A,attack / continuation,"{""distance"": ""long"", ""timing"": ""A 도착 후 몸통 사거리 / 같은 손 재사용은 회수·지지면 확보가 전제"", ""stance"": ""OO"", ""foot_position"": ""neutral"", ""ring_position"": ""ropes"", ""positional_requirement"": ""머리·표적·손·지지면의 실제 경로가 겹치는지 확인; 진입 필요 시 표시한 거리 변경 스텝 완료"", ""physical"": ""리치·키·속도·피로에 따라 창이 달라짐""}",long → pocket,head off punching line; body angle not automatic → head off punching line; body angle not automatic,보디로 손을 보내며 머리 측면이 열릴 수 있음,low 또는 normal head; 공격팔 아래로 이동,상황 의존적 / 성공률 미측정,biomechanical inference,"[""S03"", ""S16""]",기초 동작 또는 물리 원리의 근거; 이 전체 연쇄의 직접 검증 아님,N17,"[""startup"", ""extension / displacement"", ""impact attempt / evade"", ""recovery pending""]",미확정: 다음 방어·타이밍 분기에 따름,,
E0226,N17_S11,N17_S12,ELBOW,B,defensive response,"{""distance"": ""pocket"", ""timing"": ""짧은 블록 / 같은 손 재사용은 회수·지지면 확보가 전제"", ""stance"": ""OO"", ""foot_position"": ""neutral"", ""ring_position"": ""ropes"", ""positional_requirement"": ""머리·표적·손·지지면의 실제 경로가 겹치는지 확인; 진입 필요 시 표시한 거리 변경 스텝 완료"", ""physical"": ""리치·키·속도·피로에 따라 창이 달라짐""}",pocket → pocket,head off punching line; body angle not automatic → head off punching line; body angle not automatic,같은 쪽 머리 가드가 실제로 내려가면 head opening,guard elbow-tucked; 머리 가드 하강은 별도 분기,상황 의존적 / 성공률 미측정,coaching consensus,"[""S01"", ""S16""]",기초 관계의 복수 코칭 근거,N17,"[""startup"", ""extension / displacement"", ""impact attempt / evade"", ""recovery pending""]",미확정: 다음 방어·타이밍 분기에 따름,,
E0227,N17_S12,N17_S13,SMOTHER,B,defensive response,"{""distance"": ""pocket"", ""timing"": ""넓은 다음 공격 전 압축 / 같은 손 재사용은 회수·지지면 확보가 전제"", ""stance"": ""OO"", ""foot_position"": ""neutral"", ""ring_position"": ""ropes"", ""positional_requirement"": ""머리·표적·손·지지면의 실제 경로가 겹치는지 확인; 진입 필요 시 표시한 거리 변경 스텝 완료"", ""physical"": ""리치·키·속도·피로에 따라 창이 달라짐""}",pocket → clinch,head off punching line; body angle not automatic → head off punching line; body angle not automatic,짧은 훅·어퍼컷·머리 충돌·위치 상실,range pocket/clinch; short punches remain,상황 의존적 / 성공률 미측정,biomechanical inference,"[""S06"", ""S17""]",기초 동작 또는 물리 원리의 근거; 이 전체 연쇄의 직접 검증 아님,N17,"[""startup"", ""extension / displacement"", ""impact attempt / evade"", ""recovery pending""]",미확정: 다음 방어·타이밍 분기에 따름,,
E0228,N17_S13,N17_S14,CLINCH,A,defensive response,"{""distance"": ""clinch"", ""timing"": ""교환 중단 국면 / 같은 손 재사용은 회수·지지면 확보가 전제"", ""stance"": ""OO"", ""foot_position"": ""neutral"", ""ring_position"": ""ropes"", ""positional_requirement"": ""머리·표적·손·지지면의 실제 경로가 겹치는지 확인; 진입 필요 시 표시한 거리 변경 스텝 완료"", ""physical"": ""리치·키·속도·피로에 따라 창이 달라짐""}",clinch → clinch,head off punching line; body angle not automatic → head off punching line; body angle not automatic,짧은 자유손·심판 break·홀딩 반칙,range clinch; arms restricted; no holding-and-hitting,상황 의존적 / 성공률 미측정,biomechanical inference,"[""S17""]",기초 동작 또는 물리 원리의 근거; 이 전체 연쇄의 직접 검증 아님,N17,"[""startup"", ""extension / displacement"", ""impact attempt / evade"", ""recovery pending""]",미확정: 다음 방어·타이밍 분기에 따름,,
E0229,N17_S14,N17_S15,BREAK,B,range transition / angle creation,"{""distance"": ""clinch"", ""timing"": ""심판 분리 후 퇴로·공간 새 설정 / 같은 손 재사용은 회수·지지면 확보가 전제"", ""stance"": ""OO"", ""foot_position"": ""neutral"", ""ring_position"": ""ropes"", ""positional_requirement"": ""머리·표적·손·지지면의 실제 경로가 겹치는지 확인; 진입 필요 시 표시한 거리 변경 스텝 완료"", ""physical"": ""리치·키·속도·피로에 따라 창이 달라짐""}",clinch → long,head off punching line; body angle not automatic → centerline aligned,주도권·공간이 바뀜; break 중 공격 금지,range long; both neutral on restart,상황 의존적 / 성공률 미측정,biomechanical inference,"[""S17""]",기초 동작 또는 물리 원리의 근거; 이 전체 연쇄의 직접 검증 아님,N17,"[""startup"", ""extension / displacement"", ""impact attempt / evade"", ""recovery pending""]",미확정: 다음 방어·타이밍 분기에 따름,,
E0230,N18_S0,N18_S1,PRESS,A,range transition / angle creation,"{""distance"": ""mid"", ""timing"": ""코너의 B 출구 두 방향을 관찰 / 같은 손 재사용은 회수·지지면 확보가 전제"", ""stance"": ""OO"", ""foot_position"": ""neutral"", ""ring_position"": ""corner"", ""positional_requirement"": ""머리·표적·손·지지면의 실제 경로가 겹치는지 확인; 진입 필요 시 표시한 거리 변경 스텝 완료"", ""physical"": ""리치·키·속도·피로에 따라 창이 달라짐""}",mid → mid,centerline aligned → centerline aligned,직선 추격·스텝 중 인터셉트,opponent ring space reduced only if cut succeeds,상황 의존적 / 성공률 미측정,biomechanical inference,"[""S06""]",기초 동작 또는 물리 원리의 근거; 이 전체 연쇄의 직접 검증 아님,N18,"[""startup"", ""extension / displacement"", ""impact attempt / evade"", ""recovery pending""]",미확정: 다음 방어·타이밍 분기에 따름,,
E0231,N18_S1,N18_S2,HG,B,defensive response,"{""distance"": ""mid"", ""timing"": ""B 머리 가드 압축 / 같은 손 재사용은 회수·지지면 확보가 전제"", ""stance"": ""OO"", ""foot_position"": ""neutral"", ""ring_position"": ""corner"", ""positional_requirement"": ""머리·표적·손·지지면의 실제 경로가 겹치는지 확인; 진입 필요 시 표시한 거리 변경 스텝 완료"", ""physical"": ""리치·키·속도·피로에 따라 창이 달라짐""}",mid → mid,centerline aligned → centerline aligned,시야·보디·기동성 제한; 충격 전달 가능,guard high; body exposed는 팔꿈치 위치 의존,상황 의존적 / 성공률 미측정,biomechanical inference,"[""S01"", ""S02""]",기초 동작 또는 물리 원리의 근거; 이 전체 연쇄의 직접 검증 아님,N18,"[""startup"", ""extension / displacement"", ""impact attempt / evade"", ""recovery pending""]",미확정: 다음 방어·타이밍 분기에 따름,,
E0232,N18_S2,N18_S3,BH,A,attack / continuation,"{""distance"": ""mid"", ""timing"": ""B 팔꿈치 사이 합법 보디 표적; 가까이 진입 / 같은 손 재사용은 회수·지지면 확보가 전제"", ""stance"": ""OO"", ""foot_position"": ""neutral"", ""ring_position"": ""corner"", ""positional_requirement"": ""머리·표적·손·지지면의 실제 경로가 겹치는지 확인; 진입 필요 시 표시한 거리 변경 스텝 완료"", ""physical"": ""리치·키·속도·피로에 따라 창이 달라짐""}",mid → pocket,centerline aligned → centerline aligned,보디로 손을 보내며 머리 측면이 열릴 수 있음,low 또는 normal head; 공격팔 아래로 이동,상황 의존적 / 성공률 미측정,biomechanical inference,"[""S03"", ""S16""]",기초 동작 또는 물리 원리의 근거; 이 전체 연쇄의 직접 검증 아님,N18,"[""startup"", ""extension / displacement"", ""impact attempt / evade"", ""recovery pending""]",미확정: 다음 방어·타이밍 분기에 따름,,
E0233,N18_S3,N18_S4,ELBOW,B,defensive response,"{""distance"": ""pocket"", ""timing"": ""보디 블록; 머리 글러브 유지 / 같은 손 재사용은 회수·지지면 확보가 전제"", ""stance"": ""OO"", ""foot_position"": ""neutral"", ""ring_position"": ""corner"", ""positional_requirement"": ""머리·표적·손·지지면의 실제 경로가 겹치는지 확인; 진입 필요 시 표시한 거리 변경 스텝 완료"", ""physical"": ""리치·키·속도·피로에 따라 창이 달라짐""}",pocket → pocket,centerline aligned → centerline aligned,같은 쪽 머리 가드가 실제로 내려가면 head opening,guard elbow-tucked; 머리 가드 하강은 별도 분기,상황 의존적 / 성공률 미측정,coaching consensus,"[""S01"", ""S16""]",기초 관계의 복수 코칭 근거,N18,"[""startup"", ""extension / displacement"", ""impact attempt / evade"", ""recovery pending""]",미확정: 다음 방어·타이밍 분기에 따름,,
E0234,N18_S4,N18_S5,SMOTHER,B,defensive response,"{""distance"": ""pocket"", ""timing"": ""A 긴 후속 궤도 전에 압축 / 같은 손 재사용은 회수·지지면 확보가 전제"", ""stance"": ""OO"", ""foot_position"": ""neutral"", ""ring_position"": ""corner"", ""positional_requirement"": ""머리·표적·손·지지면의 실제 경로가 겹치는지 확인; 진입 필요 시 표시한 거리 변경 스텝 완료"", ""physical"": ""리치·키·속도·피로에 따라 창이 달라짐""}",pocket → clinch,centerline aligned → centerline aligned,짧은 훅·어퍼컷·머리 충돌·위치 상실,range pocket/clinch; short punches remain,상황 의존적 / 성공률 미측정,biomechanical inference,"[""S06"", ""S17""]",기초 동작 또는 물리 원리의 근거; 이 전체 연쇄의 직접 검증 아님,N18,"[""startup"", ""extension / displacement"", ""impact attempt / evade"", ""recovery pending""]",미확정: 다음 방어·타이밍 분기에 따름,,
E0235,N18_S5,N18_S6,FRAME,A,defensive response,"{""distance"": ""clinch"", ""timing"": ""짧은 합법 접촉만; 밀기·목 고정 없이 공간 감지 / 같은 손 재사용은 회수·지지면 확보가 전제"", ""stance"": ""OO"", ""foot_position"": ""neutral"", ""ring_position"": ""corner"", ""positional_requirement"": ""머리·표적·손·지지면의 실제 경로가 겹치는지 확인; 진입 필요 시 표시한 거리 변경 스텝 완료"", ""physical"": ""리치·키·속도·피로에 따라 창이 달라짐""}",clinch → clinch,centerline aligned → centerline aligned,손 가드 이탈·밀기/지속 시야 차단 반칙 가능,contact; 규칙 허용 범위 조건,상황 의존적 / 성공률 미측정,biomechanical inference,"[""S17""]",기초 동작 또는 물리 원리의 근거; 이 전체 연쇄의 직접 검증 아님,N18,"[""startup"", ""extension / displacement"", ""impact attempt / evade"", ""recovery pending""]",미확정: 다음 방어·타이밍 분기에 따름,,
E0236,N18_S6,N18_S7,PIVOT,B,range transition / angle creation,"{""distance"": ""clinch"", ""timing"": ""한 출구가 실제 열리고 상대 팔에 잠기지 않음 / 같은 손 재사용은 회수·지지면 확보가 전제"", ""stance"": ""OO"", ""foot_position"": ""neutral"", ""ring_position"": ""corner"", ""positional_requirement"": ""머리·표적·손·지지면의 실제 경로가 겹치는지 확인; 진입 필요 시 표시한 거리 변경 스텝 완료"", ""physical"": ""리치·키·속도·피로에 따라 창이 달라짐""}",clinch → pocket,centerline aligned → off-line candidate; opponent may reorient,축발 막힘·과회전·상대가 같이 돌기,relative angle conditional; range 거의 유지,상황 의존적 / 성공률 미측정,biomechanical inference,"[""S06""]",기초 동작 또는 물리 원리의 근거; 이 전체 연쇄의 직접 검증 아님,N18,"[""startup"", ""extension / displacement"", ""impact attempt / evade"", ""recovery pending""]",미확정: 다음 방어·타이밍 분기에 따름,,
E0237,N18_S7,N18_S8,EXIT,B,range transition / angle creation,"{""distance"": ""pocket"", ""timing"": ""자유로운 출구로 코너 탈출 / 같은 손 재사용은 회수·지지면 확보가 전제"", ""stance"": ""OO"", ""foot_position"": ""angle candidate"", ""ring_position"": ""corner"", ""positional_requirement"": ""머리·표적·손·지지면의 실제 경로가 겹치는지 확인; 진입 필요 시 표시한 거리 변경 스텝 완료"", ""physical"": ""리치·키·속도·피로에 따라 창이 달라짐""}",pocket → pocket,off-line candidate; opponent may reorient → off-line candidate; opponent may reorient,상대 훅·링 커팅·뒤돌기 금지,angle changes then guard/range reset,상황 의존적 / 성공률 미측정,biomechanical inference,"[""S06""]",기초 동작 또는 물리 원리의 근거; 이 전체 연쇄의 직접 검증 아님,N18,"[""startup"", ""extension / displacement"", ""impact attempt / evade"", ""recovery pending""]",미확정: 다음 방어·타이밍 분기에 따름,,
E0238,N18_S8,N18_S9,RESET,A,range transition / angle creation,"{""distance"": ""pocket"", ""timing"": ""가드·발·거리 재정렬 / 같은 손 재사용은 회수·지지면 확보가 전제"", ""stance"": ""OO"", ""foot_position"": ""angle candidate"", ""ring_position"": ""center"", ""positional_requirement"": ""머리·표적·손·지지면의 실제 경로가 겹치는지 확인; 진입 필요 시 표시한 거리 변경 스텝 완료"", ""physical"": ""리치·키·속도·피로에 따라 창이 달라짐""}",pocket → mid,off-line candidate; opponent may reorient → centerline aligned,시간 비용; 상대가 계속 치면 완료 불가,neutral phases and guard only when window secured,상황 의존적 / 성공률 미측정,biomechanical inference,"[""S06""]",기초 동작 또는 물리 원리의 근거; 이 전체 연쇄의 직접 검증 아님,N18,"[""startup"", ""extension / displacement"", ""impact attempt / evade"", ""recovery pending""]",미확정: 다음 방어·타이밍 분기에 따름,,
E0239,N18_S1,N18_S10,LAT,B,range transition / angle creation,"{""distance"": ""mid"", ""timing"": ""첫 출구 시도; A와 접촉 없는 발 공간 / 같은 손 재사용은 회수·지지면 확보가 전제"", ""stance"": ""OO"", ""foot_position"": ""neutral"", ""ring_position"": ""corner"", ""positional_requirement"": ""머리·표적·손·지지면의 실제 경로가 겹치는지 확인; 진입 필요 시 표시한 거리 변경 스텝 완료"", ""physical"": ""리치·키·속도·피로에 따라 창이 달라짐""}",mid → mid,centerline aligned → off-line candidate; opponent may reorient,원형 훅·링 커팅·발 교차,head line과 상대 bearing 변경,상황 의존적 / 성공률 미측정,biomechanical inference,"[""S06""]",기초 동작 또는 물리 원리의 근거; 이 전체 연쇄의 직접 검증 아님,N18,"[""startup"", ""extension / displacement"", ""impact attempt / evade"", ""recovery pending""]",미확정: 다음 방어·타이밍 분기에 따름,,
E0240,N18_S10,N18_S11,LH,A,attack / continuation,"{""distance"": ""mid"", ""timing"": ""B 출구 예상 훅; 도달·정확한 예상 필요 / 같은 손 재사용은 회수·지지면 확보가 전제"", ""stance"": ""OO"", ""foot_position"": ""angle candidate"", ""ring_position"": ""corner"", ""positional_requirement"": ""머리·표적·손·지지면의 실제 경로가 겹치는지 확인; 진입 필요 시 표시한 거리 변경 스텝 완료"", ""physical"": ""리치·키·속도·피로에 따라 창이 달라짐""}",mid → mid,off-line candidate; opponent may reorient → off-line candidate; opponent may reorient,넓게 돌면 직선 인터셉트와 반대 훅에 노출,lead arm recovery; 반대 회전 또는 피벗 준비 가능,상황 의존적 / 성공률 미측정,biomechanical inference,"[""S03""]",기초 동작 또는 물리 원리의 근거; 이 전체 연쇄의 직접 검증 아님,N18,"[""startup"", ""extension / displacement"", ""impact attempt / evade"", ""recovery pending""]",미확정: 다음 방어·타이밍 분기에 따름,,
E0241,N18_S11,N18_S12,ROLL,B,defensive response,"{""distance"": ""mid"", ""timing"": ""높은 훅 밑에서 옆으로 / 같은 손 재사용은 회수·지지면 확보가 전제"", ""stance"": ""OO"", ""foot_position"": ""angle candidate"", ""ring_position"": ""corner"", ""positional_requirement"": ""머리·표적·손·지지면의 실제 경로가 겹치는지 확인; 진입 필요 시 표시한 거리 변경 스텝 완료"", ""physical"": ""리치·키·속도·피로에 따라 창이 달라짐""}",mid → mid,off-line candidate; opponent may reorient → off-line candidate; opponent may reorient,반복 경로·허리 굽힘·다음 낮은 공격,low→side head; 회전·하중은 출구 의존,상황 의존적 / 성공률 미측정,coaching consensus,"[""S01"", ""S08"", ""S16""]",기초 관계의 복수 코칭 근거,N18,"[""startup"", ""extension / displacement"", ""impact attempt / evade"", ""recovery pending""]",미확정: 다음 방어·타이밍 분기에 따름,,
E0242,N18_S12,N18_S13,CH,B,counter,"{""distance"": ""mid"", ""timing"": ""A 훅 회수 사이 반대 짧은 훅 / 같은 손 재사용은 회수·지지면 확보가 전제"", ""stance"": ""OO"", ""foot_position"": ""angle candidate"", ""ring_position"": ""corner"", ""positional_requirement"": ""머리·표적·손·지지면의 실제 경로가 겹치는지 확인; 진입 필요 시 표시한 거리 변경 스텝 완료"", ""physical"": ""리치·키·속도·피로에 따라 창이 달라짐""}",mid → mid,off-line candidate; opponent may reorient → off-line candidate; opponent may reorient,"짧은 사거리, 반대 손 카운터",lead recovery; 회전 momentum,상황 의존적 / 성공률 미측정,biomechanical inference,"[""S03"", ""S16""]",기초 동작 또는 물리 원리의 근거; 이 전체 연쇄의 직접 검증 아님,N18,"[""startup"", ""extension / displacement"", ""impact attempt / evade"", ""recovery pending""]",미확정: 다음 방어·타이밍 분기에 따름,,
E0243,N18_S13,N18_S14,BLOCK,A,defensive response,"{""distance"": ""mid"", ""timing"": ""측면 가드 회수 / 같은 손 재사용은 회수·지지면 확보가 전제"", ""stance"": ""OO"", ""foot_position"": ""angle candidate"", ""ring_position"": ""corner"", ""positional_requirement"": ""머리·표적·손·지지면의 실제 경로가 겹치는지 확인; 진입 필요 시 표시한 거리 변경 스텝 완료"", ""physical"": ""리치·키·속도·피로에 따라 창이 달라짐""}",mid → mid,off-line candidate; opponent may reorient → off-line candidate; opponent may reorient,충격·다른 표적 열림·고정 방어 읽힘,지정 표적 cover; 반대 표적은 조건부 공백,상황 의존적 / 성공률 미측정,biomechanical inference,"[""S01"", ""S02""]",기초 동작 또는 물리 원리의 근거; 이 전체 연쇄의 직접 검증 아님,N18,"[""startup"", ""extension / displacement"", ""impact attempt / evade"", ""recovery pending""]",미확정: 다음 방어·타이밍 분기에 따름,,
E0244,N18_S14,N18_S15,EXIT,B,range transition / angle creation,"{""distance"": ""mid"", ""timing"": ""남은 출구로 탈출 / 같은 손 재사용은 회수·지지면 확보가 전제"", ""stance"": ""OO"", ""foot_position"": ""angle candidate"", ""ring_position"": ""corner"", ""positional_requirement"": ""머리·표적·손·지지면의 실제 경로가 겹치는지 확인; 진입 필요 시 표시한 거리 변경 스텝 완료"", ""physical"": ""리치·키·속도·피로에 따라 창이 달라짐""}",mid → mid,off-line candidate; opponent may reorient → off-line candidate; opponent may reorient,상대 훅·링 커팅·뒤돌기 금지,angle changes then guard/range reset,상황 의존적 / 성공률 미측정,biomechanical inference,"[""S06""]",기초 동작 또는 물리 원리의 근거; 이 전체 연쇄의 직접 검증 아님,N18,"[""startup"", ""extension / displacement"", ""impact attempt / evade"", ""recovery pending""]",미확정: 다음 방어·타이밍 분기에 따름,,
E0245,N18_S15,N18_S16,RESET,A,range transition / angle creation,"{""distance"": ""mid"", ""timing"": ""서로 재지향 / 같은 손 재사용은 회수·지지면 확보가 전제"", ""stance"": ""OO"", ""foot_position"": ""angle candidate"", ""ring_position"": ""center"", ""positional_requirement"": ""머리·표적·손·지지면의 실제 경로가 겹치는지 확인; 진입 필요 시 표시한 거리 변경 스텝 완료"", ""physical"": ""리치·키·속도·피로에 따라 창이 달라짐""}",mid → mid,off-line candidate; opponent may reorient → centerline aligned,시간 비용; 상대가 계속 치면 완료 불가,neutral phases and guard only when window secured,상황 의존적 / 성공률 미측정,biomechanical inference,"[""S06""]",기초 동작 또는 물리 원리의 근거; 이 전체 연쇄의 직접 검증 아님,N18,"[""startup"", ""extension / displacement"", ""impact attempt / evade"", ""recovery pending""]",미확정: 다음 방어·타이밍 분기에 따름,,
E0246,N19_S0,N19_S1,JF,A,feint response / setup,"{""distance"": ""long"", ""timing"": ""B가 잽 준비마다 카운터 크로스를 내는 습관 / 같은 손 재사용은 회수·지지면 확보가 전제"", ""stance"": ""OO"", ""foot_position"": ""neutral"", ""ring_position"": ""center"", ""positional_requirement"": ""머리·표적·손·지지면의 실제 경로가 겹치는지 확인; 진입 필요 시 표시한 거리 변경 스텝 완료"", ""physical"": ""리치·키·속도·피로에 따라 창이 달라짐""}",long → long,centerline aligned → centerline aligned,반응 없음·실제 카운터·타이밍 비용,belief update; 상대 반응은 분기,상황 의존적 / 성공률 미측정,coaching consensus,"[""S01"", ""S14"", ""S05""]",기초 관계의 복수 코칭 근거,N19,"[""startup"", ""extension / displacement"", ""impact attempt / evade"", ""recovery pending""]",미확정: 다음 방어·타이밍 분기에 따름,,
E0247,N19_S1,N19_S2,CC,B,counter,"{""distance"": ""long"", ""timing"": ""B가 실제 잽으로 오인하고 뒷손 반격 / 같은 손 재사용은 회수·지지면 확보가 전제"", ""stance"": ""OO"", ""foot_position"": ""neutral"", ""ring_position"": ""center"", ""positional_requirement"": ""머리·표적·손·지지면의 실제 경로가 겹치는지 확인; 진입 필요 시 표시한 거리 변경 스텝 완료"", ""physical"": ""리치·키·속도·피로에 따라 창이 달라짐""}",long → long,centerline aligned → centerline aligned,과도한 진입·다음 훅 위험,rear recovery와 몸통 회전,상황 의존적 / 성공률 미측정,biomechanical inference,"[""S03"", ""S07""]",기초 동작 또는 물리 원리의 근거; 이 전체 연쇄의 직접 검증 아님,N19,"[""startup"", ""extension / displacement"", ""impact attempt / evade"", ""recovery pending""]",미확정: 다음 방어·타이밍 분기에 따름,,
E0248,N19_S2,N19_S3,SOUT,A,defensive response,"{""distance"": ""long"", ""timing"": ""유도한 B 크로스 바깥으로 최소 이동 / 같은 손 재사용은 회수·지지면 확보가 전제"", ""stance"": ""OO"", ""foot_position"": ""neutral"", ""ring_position"": ""center"", ""positional_requirement"": ""머리·표적·손·지지면의 실제 경로가 겹치는지 확인; 진입 필요 시 표시한 거리 변경 스텝 완료"", ""physical"": ""리치·키·속도·피로에 따라 창이 달라짐""}",long → long,centerline aligned → head off punching line; body angle not automatic,다음 펀치 재조준·훅·균형 손실,head outside incoming punch; 발각도 자동 우위 아님,상황 의존적 / 성공률 미측정,coaching consensus,"[""S02"", ""S07"", ""S16""]",기초 관계의 복수 코칭 근거,N19,"[""startup"", ""extension / displacement"", ""impact attempt / evade"", ""recovery pending""]",미확정: 다음 방어·타이밍 분기에 따름,,
E0249,N19_S3,N19_S4,CC,A,counter-counter,"{""distance"": ""long"", ""timing"": ""B 뒷손 복귀 전 A의 뒷손 사거리 / 같은 손 재사용은 회수·지지면 확보가 전제"", ""stance"": ""OO"", ""foot_position"": ""neutral"", ""ring_position"": ""center"", ""positional_requirement"": ""머리·표적·손·지지면의 실제 경로가 겹치는지 확인; 진입 필요 시 표시한 거리 변경 스텝 완료"", ""physical"": ""리치·키·속도·피로에 따라 창이 달라짐""}",long → long,head off punching line; body angle not automatic → head off punching line; body angle not automatic,과도한 진입·다음 훅 위험,rear recovery와 몸통 회전,상황 의존적 / 성공률 미측정,biomechanical inference,"[""S03"", ""S07""]",기초 동작 또는 물리 원리의 근거; 이 전체 연쇄의 직접 검증 아님,N19,"[""startup"", ""extension / displacement"", ""impact attempt / evade"", ""recovery pending""]",미확정: 다음 방어·타이밍 분기에 따름,,
E0250,N19_S4,N19_S5,SOUT,B,defensive response,"{""distance"": ""long"", ""timing"": ""A 재카운터 라인 바깥으로 / 같은 손 재사용은 회수·지지면 확보가 전제"", ""stance"": ""OO"", ""foot_position"": ""neutral"", ""ring_position"": ""center"", ""positional_requirement"": ""머리·표적·손·지지면의 실제 경로가 겹치는지 확인; 진입 필요 시 표시한 거리 변경 스텝 완료"", ""physical"": ""리치·키·속도·피로에 따라 창이 달라짐""}",long → long,head off punching line; body angle not automatic → head off punching line; body angle not automatic,다음 펀치 재조준·훅·균형 손실,head outside incoming punch; 발각도 자동 우위 아님,상황 의존적 / 성공률 미측정,coaching consensus,"[""S02"", ""S07"", ""S16""]",기초 관계의 복수 코칭 근거,N19,"[""startup"", ""extension / displacement"", ""impact attempt / evade"", ""recovery pending""]",미확정: 다음 방어·타이밍 분기에 따름,,
E0251,N19_S5,N19_S6,CH,B,counter,"{""distance"": ""long"", ""timing"": ""짧은 스텝으로 훅 사거리와 지지면 / 같은 손 재사용은 회수·지지면 확보가 전제"", ""stance"": ""OO"", ""foot_position"": ""neutral"", ""ring_position"": ""center"", ""positional_requirement"": ""머리·표적·손·지지면의 실제 경로가 겹치는지 확인; 진입 필요 시 표시한 거리 변경 스텝 완료"", ""physical"": ""리치·키·속도·피로에 따라 창이 달라짐""}",long → mid,head off punching line; body angle not automatic → head off punching line; body angle not automatic,"짧은 사거리, 반대 손 카운터",lead recovery; 회전 momentum,상황 의존적 / 성공률 미측정,biomechanical inference,"[""S03"", ""S16""]",기초 동작 또는 물리 원리의 근거; 이 전체 연쇄의 직접 검증 아님,N19,"[""startup"", ""extension / displacement"", ""impact attempt / evade"", ""recovery pending""]",미확정: 다음 방어·타이밍 분기에 따름,,
E0252,N19_S6,N19_S7,ROLL,A,defensive response,"{""distance"": ""mid"", ""timing"": ""B 훅 아래 머리 이동 / 같은 손 재사용은 회수·지지면 확보가 전제"", ""stance"": ""OO"", ""foot_position"": ""neutral"", ""ring_position"": ""center"", ""positional_requirement"": ""머리·표적·손·지지면의 실제 경로가 겹치는지 확인; 진입 필요 시 표시한 거리 변경 스텝 완료"", ""physical"": ""리치·키·속도·피로에 따라 창이 달라짐""}",mid → mid,head off punching line; body angle not automatic → head off punching line; body angle not automatic,반복 경로·허리 굽힘·다음 낮은 공격,low→side head; 회전·하중은 출구 의존,상황 의존적 / 성공률 미측정,coaching consensus,"[""S01"", ""S08"", ""S16""]",기초 관계의 복수 코칭 근거,N19,"[""startup"", ""extension / displacement"", ""impact attempt / evade"", ""recovery pending""]",미확정: 다음 방어·타이밍 분기에 따름,,
E0253,N19_S7,N19_S8,EXIT,A,range transition / angle creation,"{""distance"": ""mid"", ""timing"": ""가드와 발을 옆 출구로 / 같은 손 재사용은 회수·지지면 확보가 전제"", ""stance"": ""OO"", ""foot_position"": ""neutral"", ""ring_position"": ""center"", ""positional_requirement"": ""머리·표적·손·지지면의 실제 경로가 겹치는지 확인; 진입 필요 시 표시한 거리 변경 스텝 완료"", ""physical"": ""리치·키·속도·피로에 따라 창이 달라짐""}",mid → mid,head off punching line; body angle not automatic → off-line candidate; opponent may reorient,상대 훅·링 커팅·뒤돌기 금지,angle changes then guard/range reset,상황 의존적 / 성공률 미측정,biomechanical inference,"[""S06""]",기초 동작 또는 물리 원리의 근거; 이 전체 연쇄의 직접 검증 아님,N19,"[""startup"", ""extension / displacement"", ""impact attempt / evade"", ""recovery pending""]",미확정: 다음 방어·타이밍 분기에 따름,,
E0254,N19_S8,N19_S9,RESET,B,range transition / angle creation,"{""distance"": ""mid"", ""timing"": ""과추격 대신 재정렬 / 같은 손 재사용은 회수·지지면 확보가 전제"", ""stance"": ""OO"", ""foot_position"": ""angle candidate"", ""ring_position"": ""center"", ""positional_requirement"": ""머리·표적·손·지지면의 실제 경로가 겹치는지 확인; 진입 필요 시 표시한 거리 변경 스텝 완료"", ""physical"": ""리치·키·속도·피로에 따라 창이 달라짐""}",mid → mid,off-line candidate; opponent may reorient → centerline aligned,시간 비용; 상대가 계속 치면 완료 불가,neutral phases and guard only when window secured,상황 의존적 / 성공률 미측정,biomechanical inference,"[""S06""]",기초 동작 또는 물리 원리의 근거; 이 전체 연쇄의 직접 검증 아님,N19,"[""startup"", ""extension / displacement"", ""impact attempt / evade"", ""recovery pending""]",미확정: 다음 방어·타이밍 분기에 따름,,
E0255,N19_S1,N19_S10,READ,B,feint response / setup,"{""distance"": ""long"", ""timing"": ""B가 페인트를 의심해 뒷손 보류 / 같은 손 재사용은 회수·지지면 확보가 전제"", ""stance"": ""OO"", ""foot_position"": ""neutral"", ""ring_position"": ""center"", ""positional_requirement"": ""머리·표적·손·지지면의 실제 경로가 겹치는지 확인; 진입 필요 시 표시한 거리 변경 스텝 완료"", ""physical"": ""리치·키·속도·피로에 따라 창이 달라짐""}",long → long,centerline aligned → centerline aligned,실제 잽·보디 공격을 늦게 읽을 위험,normal guard; uncertainty remains,상황 의존적 / 성공률 미측정,biomechanical inference,"[""S04"", ""S05""]",기초 동작 또는 물리 원리의 근거; 이 전체 연쇄의 직접 검증 아님,N19,"[""startup"", ""extension / displacement"", ""impact attempt / evade"", ""recovery pending""]",미확정: 다음 방어·타이밍 분기에 따름,,
E0256,N19_S10,N19_S11,JAB,A,attack / continuation,"{""distance"": ""long"", ""timing"": ""보류를 읽고 실제 앞손 / 같은 손 재사용은 회수·지지면 확보가 전제"", ""stance"": ""OO"", ""foot_position"": ""neutral"", ""ring_position"": ""center"", ""positional_requirement"": ""머리·표적·손·지지면의 실제 경로가 겹치는지 확인; 진입 필요 시 표시한 거리 변경 스텝 완료"", ""physical"": ""리치·키·속도·피로에 따라 창이 달라짐""}",long → long,centerline aligned → centerline aligned,앞손 복귀 동안 같은 쪽 가드가 비며 단조로운 타이밍을 읽힐 수 있음,앞손 extension/recovery; 머리는 설계에 따라 center 또는 off-line,상황 의존적 / 성공률 미측정,biomechanical inference,"[""S01"", ""S02""]",기초 동작 또는 물리 원리의 근거; 이 전체 연쇄의 직접 검증 아님,N19,"[""startup"", ""extension / displacement"", ""impact attempt / evade"", ""recovery pending""]",미확정: 다음 방어·타이밍 분기에 따름,,
E0257,N19_S11,N19_S12,CATCH,B,defensive response,"{""distance"": ""long"", ""timing"": ""A 실제 신전에만 작은 방어 / 같은 손 재사용은 회수·지지면 확보가 전제"", ""stance"": ""OO"", ""foot_position"": ""neutral"", ""ring_position"": ""center"", ""positional_requirement"": ""머리·표적·손·지지면의 실제 경로가 겹치는지 확인; 진입 필요 시 표시한 거리 변경 스텝 완료"", ""physical"": ""리치·키·속도·피로에 따라 창이 달라짐""}",long → long,centerline aligned → centerline aligned,큰 도달·글러브가 얼굴로 밀림·페인트 반응,받는 손 작은 이동; free hand available,상황 의존적 / 성공률 미측정,coaching consensus,"[""S02"", ""S11""]",기초 관계의 복수 코칭 근거,N19,"[""startup"", ""extension / displacement"", ""impact attempt / evade"", ""recovery pending""]",미확정: 다음 방어·타이밍 분기에 따름,,
E0258,N19_S12,N19_S13,CJ,B,counter,"{""distance"": ""long"", ""timing"": ""A 회수 창의 실제 앞손 반격 / 같은 손 재사용은 회수·지지면 확보가 전제"", ""stance"": ""OO"", ""foot_position"": ""neutral"", ""ring_position"": ""center"", ""positional_requirement"": ""머리·표적·손·지지면의 실제 경로가 겹치는지 확인; 진입 필요 시 표시한 거리 변경 스텝 완료"", ""physical"": ""리치·키·속도·피로에 따라 창이 달라짐""}",long → long,centerline aligned → centerline aligned,상대의 두 번째 공격에 다시 읽힘,lead extension/recovery; 즉시 방어 필요,상황 의존적 / 성공률 미측정,biomechanical inference,"[""S11"", ""S16""]",기초 동작 또는 물리 원리의 근거; 이 전체 연쇄의 직접 검증 아님,N19,"[""startup"", ""extension / displacement"", ""impact attempt / evade"", ""recovery pending""]",미확정: 다음 방어·타이밍 분기에 따름,,
E0259,N19_S13,N19_S14,BACK,A,range transition / angle creation,"{""distance"": ""long"", ""timing"": ""뒤 공간 확보 / 같은 손 재사용은 회수·지지면 확보가 전제"", ""stance"": ""OO"", ""foot_position"": ""neutral"", ""ring_position"": ""center"", ""positional_requirement"": ""머리·표적·손·지지면의 실제 경로가 겹치는지 확인; 진입 필요 시 표시한 거리 변경 스텝 완료"", ""physical"": ""리치·키·속도·피로에 따라 창이 달라짐""}",long → outside,centerline aligned → centerline aligned,추격·로프·전진 반격에 새 스텝 필요,range 증가; rear space 소비,상황 의존적 / 성공률 미측정,biomechanical inference,"[""S01"", ""S06""]",기초 동작 또는 물리 원리의 근거; 이 전체 연쇄의 직접 검증 아님,N19,"[""startup"", ""extension / displacement"", ""impact attempt / evade"", ""recovery pending""]",미확정: 다음 방어·타이밍 분기에 따름,,
E0260,N19_S14,N19_S15,PROBE,A,feint response / setup,"{""distance"": ""outside"", ""timing"": ""과도한 반응 유도 보류하고 거리 정보 다시 획득 / 같은 손 재사용은 회수·지지면 확보가 전제"", ""stance"": ""OO"", ""foot_position"": ""neutral"", ""ring_position"": ""center"", ""positional_requirement"": ""머리·표적·손·지지면의 실제 경로가 겹치는지 확인; 진입 필요 시 표시한 거리 변경 스텝 완료"", ""physical"": ""리치·키·속도·피로에 따라 창이 달라짐""}",outside → outside,centerline aligned → centerline aligned,습관 노출·강한 카운터; 반드시 안전하지 않음,information recorded; 실전 잽과 연속체,상황 의존적 / 성공률 미측정,biomechanical inference,"[""S06"", ""S22""]",기초 동작 또는 물리 원리의 근거; 이 전체 연쇄의 직접 검증 아님,N19,"[""startup"", ""extension / displacement"", ""impact attempt / evade"", ""recovery pending""]",미확정: 다음 방어·타이밍 분기에 따름,,
E0261,N20_S0,N20_S1,SF,A,feint response / setup,"{""distance"": ""long"", ""timing"": ""직선 준비와 유사한 어깨 단서 / 같은 손 재사용은 회수·지지면 확보가 전제"", ""stance"": ""OO"", ""foot_position"": ""neutral"", ""ring_position"": ""center"", ""positional_requirement"": ""머리·표적·손·지지면의 실제 경로가 겹치는지 확인; 진입 필요 시 표시한 거리 변경 스텝 완료"", ""physical"": ""리치·키·속도·피로에 따라 창이 달라짐""}",long → long,centerline aligned → centerline aligned,과회전·정보 노출·반응 없음,small torso signal; head move opponent-dependent,상황 의존적 / 성공률 미측정,biomechanical inference,"[""S05"", ""S14""]",기초 동작 또는 물리 원리의 근거; 이 전체 연쇄의 직접 검증 아님,N20,"[""startup"", ""extension / displacement"", ""impact attempt / evade"", ""recovery pending""]",미확정: 다음 방어·타이밍 분기에 따름,,
E0262,N20_S1,N20_S2,SOUT,B,defensive response,"{""distance"": ""long"", ""timing"": ""B가 직선으로 예상해 먼저 고정 방향 슬립 / 같은 손 재사용은 회수·지지면 확보가 전제"", ""stance"": ""OO"", ""foot_position"": ""neutral"", ""ring_position"": ""center"", ""positional_requirement"": ""머리·표적·손·지지면의 실제 경로가 겹치는지 확인; 진입 필요 시 표시한 거리 변경 스텝 완료"", ""physical"": ""리치·키·속도·피로에 따라 창이 달라짐""}",long → long,centerline aligned → head off punching line; body angle not automatic,다음 펀치 재조준·훅·균형 손실,head outside incoming punch; 발각도 자동 우위 아님,상황 의존적 / 성공률 미측정,coaching consensus,"[""S02"", ""S07"", ""S16""]",기초 관계의 복수 코칭 근거,N20,"[""startup"", ""extension / displacement"", ""impact attempt / evade"", ""recovery pending""]",미확정: 다음 방어·타이밍 분기에 따름,,
E0263,N20_S2,N20_S3,LH,A,attack / continuation,"{""distance"": ""long"", ""timing"": ""B 새 머리 좌표가 A 훅 도달 궤도 안에 있을 때만 / 같은 손 재사용은 회수·지지면 확보가 전제"", ""stance"": ""OO"", ""foot_position"": ""neutral"", ""ring_position"": ""center"", ""positional_requirement"": ""머리·표적·손·지지면의 실제 경로가 겹치는지 확인; 진입 필요 시 표시한 거리 변경 스텝 완료"", ""physical"": ""리치·키·속도·피로에 따라 창이 달라짐""}",long → mid,head off punching line; body angle not automatic → head off punching line; body angle not automatic,넓게 돌면 직선 인터셉트와 반대 훅에 노출,lead arm recovery; 반대 회전 또는 피벗 준비 가능,상황 의존적 / 성공률 미측정,biomechanical inference,"[""S03""]",기초 동작 또는 물리 원리의 근거; 이 전체 연쇄의 직접 검증 아님,N20,"[""startup"", ""extension / displacement"", ""impact attempt / evade"", ""recovery pending""]",미확정: 다음 방어·타이밍 분기에 따름,,
E0264,N20_S3,N20_S4,SPIVOT,B,defensive response,"{""distance"": ""mid"", ""timing"": ""제자리 슬립 반복 대신 머리·발각도 변경 / 같은 손 재사용은 회수·지지면 확보가 전제"", ""stance"": ""OO"", ""foot_position"": ""neutral"", ""ring_position"": ""center"", ""positional_requirement"": ""머리·표적·손·지지면의 실제 경로가 겹치는지 확인; 진입 필요 시 표시한 거리 변경 스텝 완료"", ""physical"": ""리치·키·속도·피로에 따라 창이 달라짐""}",mid → mid,head off punching line; body angle not automatic → off-line candidate; opponent may reorient,축발·출구가 막히면 회전 미완,off-line; angle advantage 조건부,상황 의존적 / 성공률 미측정,biomechanical inference,"[""S06"", ""S07""]",기초 동작 또는 물리 원리의 근거; 이 전체 연쇄의 직접 검증 아님,N20,"[""startup"", ""extension / displacement"", ""impact attempt / evade"", ""recovery pending""]",미확정: 다음 방어·타이밍 분기에 따름,,
E0265,N20_S4,N20_S5,CC,B,counter,"{""distance"": ""mid"", ""timing"": ""A 훅 회수 중 새 뒷손 통로 / 같은 손 재사용은 회수·지지면 확보가 전제"", ""stance"": ""OO"", ""foot_position"": ""angle candidate"", ""ring_position"": ""center"", ""positional_requirement"": ""머리·표적·손·지지면의 실제 경로가 겹치는지 확인; 진입 필요 시 표시한 거리 변경 스텝 완료"", ""physical"": ""리치·키·속도·피로에 따라 창이 달라짐""}",mid → mid,off-line candidate; opponent may reorient → off-line candidate; opponent may reorient,과도한 진입·다음 훅 위험,rear recovery와 몸통 회전,상황 의존적 / 성공률 미측정,biomechanical inference,"[""S03"", ""S07""]",기초 동작 또는 물리 원리의 근거; 이 전체 연쇄의 직접 검증 아님,N20,"[""startup"", ""extension / displacement"", ""impact attempt / evade"", ""recovery pending""]",미확정: 다음 방어·타이밍 분기에 따름,,
E0266,N20_S5,N20_S6,CATCH,A,defensive response,"{""distance"": ""mid"", ""timing"": ""뒷손 직선 면을 작은 글러브로 / 같은 손 재사용은 회수·지지면 확보가 전제"", ""stance"": ""OO"", ""foot_position"": ""angle candidate"", ""ring_position"": ""center"", ""positional_requirement"": ""머리·표적·손·지지면의 실제 경로가 겹치는지 확인; 진입 필요 시 표시한 거리 변경 스텝 완료"", ""physical"": ""리치·키·속도·피로에 따라 창이 달라짐""}",mid → mid,off-line candidate; opponent may reorient → off-line candidate; opponent may reorient,큰 도달·글러브가 얼굴로 밀림·페인트 반응,받는 손 작은 이동; free hand available,상황 의존적 / 성공률 미측정,coaching consensus,"[""S02"", ""S11""]",기초 관계의 복수 코칭 근거,N20,"[""startup"", ""extension / displacement"", ""impact attempt / evade"", ""recovery pending""]",미확정: 다음 방어·타이밍 분기에 따름,,
E0267,N20_S6,N20_S7,EXIT,A,range transition / angle creation,"{""distance"": ""mid"", ""timing"": ""옆으로 새 출구 / 같은 손 재사용은 회수·지지면 확보가 전제"", ""stance"": ""OO"", ""foot_position"": ""angle candidate"", ""ring_position"": ""center"", ""positional_requirement"": ""머리·표적·손·지지면의 실제 경로가 겹치는지 확인; 진입 필요 시 표시한 거리 변경 스텝 완료"", ""physical"": ""리치·키·속도·피로에 따라 창이 달라짐""}",mid → mid,off-line candidate; opponent may reorient → off-line candidate; opponent may reorient,상대 훅·링 커팅·뒤돌기 금지,angle changes then guard/range reset,상황 의존적 / 성공률 미측정,biomechanical inference,"[""S06""]",기초 동작 또는 물리 원리의 근거; 이 전체 연쇄의 직접 검증 아님,N20,"[""startup"", ""extension / displacement"", ""impact attempt / evade"", ""recovery pending""]",미확정: 다음 방어·타이밍 분기에 따름,,
E0268,N20_S7,N20_S8,RESET,B,range transition / angle creation,"{""distance"": ""mid"", ""timing"": ""새 bearing 확인 / 같은 손 재사용은 회수·지지면 확보가 전제"", ""stance"": ""OO"", ""foot_position"": ""angle candidate"", ""ring_position"": ""center"", ""positional_requirement"": ""머리·표적·손·지지면의 실제 경로가 겹치는지 확인; 진입 필요 시 표시한 거리 변경 스텝 완료"", ""physical"": ""리치·키·속도·피로에 따라 창이 달라짐""}",mid → mid,off-line candidate; opponent may reorient → centerline aligned,시간 비용; 상대가 계속 치면 완료 불가,neutral phases and guard only when window secured,상황 의존적 / 성공률 미측정,biomechanical inference,"[""S06""]",기초 동작 또는 물리 원리의 근거; 이 전체 연쇄의 직접 검증 아님,N20,"[""startup"", ""extension / displacement"", ""impact attempt / evade"", ""recovery pending""]",미확정: 다음 방어·타이밍 분기에 따름,,
E0269,N20_S1,N20_S9,READ,B,feint response / setup,"{""distance"": ""long"", ""timing"": ""B 머리가 큰 반응 없이 normal에 유지 / 같은 손 재사용은 회수·지지면 확보가 전제"", ""stance"": ""OO"", ""foot_position"": ""neutral"", ""ring_position"": ""center"", ""positional_requirement"": ""머리·표적·손·지지면의 실제 경로가 겹치는지 확인; 진입 필요 시 표시한 거리 변경 스텝 완료"", ""physical"": ""리치·키·속도·피로에 따라 창이 달라짐""}",long → long,centerline aligned → centerline aligned,실제 잽·보디 공격을 늦게 읽을 위험,normal guard; uncertainty remains,상황 의존적 / 성공률 미측정,biomechanical inference,"[""S04"", ""S05""]",기초 동작 또는 물리 원리의 근거; 이 전체 연쇄의 직접 검증 아님,N20,"[""startup"", ""extension / displacement"", ""impact attempt / evade"", ""recovery pending""]",미확정: 다음 방어·타이밍 분기에 따름,,
E0270,N20_S9,N20_S10,INTERCEPT,B,counter,"{""distance"": ""long"", ""timing"": ""A 어깨 과회전·멈춤 창에 선제 직선 / 같은 손 재사용은 회수·지지면 확보가 전제"", ""stance"": ""OO"", ""foot_position"": ""neutral"", ""ring_position"": ""center"", ""positional_requirement"": ""머리·표적·손·지지면의 실제 경로가 겹치는지 확인; 진입 필요 시 표시한 거리 변경 스텝 완료"", ""physical"": ""리치·키·속도·피로에 따라 창이 달라짐""}",long → long,centerline aligned → centerline aligned,머리가 라인에 남으면 동시 피격,자기 extension와 상대 startup 겹침,상황 의존적 / 성공률 미측정,biomechanical inference,"[""S01"", ""S06""]",기초 동작 또는 물리 원리의 근거; 이 전체 연쇄의 직접 검증 아님,N20,"[""startup"", ""extension / displacement"", ""impact attempt / evade"", ""recovery pending""]",미확정: 다음 방어·타이밍 분기에 따름,,
E0271,N20_S10,N20_S11,PARRY,A,defensive response,"{""distance"": ""long"", ""timing"": ""실제 직선을 작은 이동으로 / 같은 손 재사용은 회수·지지면 확보가 전제"", ""stance"": ""OO"", ""foot_position"": ""neutral"", ""ring_position"": ""center"", ""positional_requirement"": ""머리·표적·손·지지면의 실제 경로가 겹치는지 확인; 진입 필요 시 표시한 거리 변경 스텝 완료"", ""physical"": ""리치·키·속도·피로에 따라 창이 달라짐""}",long → long,centerline aligned → centerline aligned,반복 타이밍과 복귀를 읽힐 수 있음; 자동 빈틈 아님,parry hand slightly displaced; 복귀 가능,상황 의존적 / 성공률 미측정,coaching consensus,"[""S01"", ""S02"", ""S16""]",기초 관계의 복수 코칭 근거,N20,"[""startup"", ""extension / displacement"", ""impact attempt / evade"", ""recovery pending""]",미확정: 다음 방어·타이밍 분기에 따름,,
E0272,N20_S11,N20_S12,CJ,A,counter,"{""distance"": ""long"", ""timing"": ""반대 손 잽 도달 / 같은 손 재사용은 회수·지지면 확보가 전제"", ""stance"": ""OO"", ""foot_position"": ""neutral"", ""ring_position"": ""center"", ""positional_requirement"": ""머리·표적·손·지지면의 실제 경로가 겹치는지 확인; 진입 필요 시 표시한 거리 변경 스텝 완료"", ""physical"": ""리치·키·속도·피로에 따라 창이 달라짐""}",long → long,centerline aligned → centerline aligned,상대의 두 번째 공격에 다시 읽힘,lead extension/recovery; 즉시 방어 필요,상황 의존적 / 성공률 미측정,biomechanical inference,"[""S11"", ""S16""]",기초 동작 또는 물리 원리의 근거; 이 전체 연쇄의 직접 검증 아님,N20,"[""startup"", ""extension / displacement"", ""impact attempt / evade"", ""recovery pending""]",미확정: 다음 방어·타이밍 분기에 따름,,
E0273,N20_S12,N20_S13,BACK,B,range transition / angle creation,"{""distance"": ""long"", ""timing"": ""사거리 이탈 공간 존재 / 같은 손 재사용은 회수·지지면 확보가 전제"", ""stance"": ""OO"", ""foot_position"": ""neutral"", ""ring_position"": ""center"", ""positional_requirement"": ""머리·표적·손·지지면의 실제 경로가 겹치는지 확인; 진입 필요 시 표시한 거리 변경 스텝 완료"", ""physical"": ""리치·키·속도·피로에 따라 창이 달라짐""}",long → outside,centerline aligned → centerline aligned,추격·로프·전진 반격에 새 스텝 필요,range 증가; rear space 소비,상황 의존적 / 성공률 미측정,biomechanical inference,"[""S01"", ""S06""]",기초 동작 또는 물리 원리의 근거; 이 전체 연쇄의 직접 검증 아님,N20,"[""startup"", ""extension / displacement"", ""impact attempt / evade"", ""recovery pending""]",미확정: 다음 방어·타이밍 분기에 따름,,
E0274,N20_S13,N20_S14,RESET,A,range transition / angle creation,"{""distance"": ""outside"", ""timing"": ""양쪽 준비 복귀 / 같은 손 재사용은 회수·지지면 확보가 전제"", ""stance"": ""OO"", ""foot_position"": ""neutral"", ""ring_position"": ""center"", ""positional_requirement"": ""머리·표적·손·지지면의 실제 경로가 겹치는지 확인; 진입 필요 시 표시한 거리 변경 스텝 완료"", ""physical"": ""리치·키·속도·피로에 따라 창이 달라짐""}",outside → outside,centerline aligned → centerline aligned,시간 비용; 상대가 계속 치면 완료 불가,neutral phases and guard only when window secured,상황 의존적 / 성공률 미측정,biomechanical inference,"[""S06""]",기초 동작 또는 물리 원리의 근거; 이 전체 연쇄의 직접 검증 아님,N20,"[""startup"", ""extension / displacement"", ""impact attempt / evade"", ""recovery pending""]",미확정: 다음 방어·타이밍 분기에 따름,,
E0275,N21_S0,N21_S1,STEPF,A,feint response / setup,"{""distance"": ""long"", ""timing"": ""진입 단서로 B의 후퇴 성향 탐색 / 같은 손 재사용은 회수·지지면 확보가 전제"", ""stance"": ""OO"", ""foot_position"": ""neutral"", ""ring_position"": ""center"", ""positional_requirement"": ""머리·표적·손·지지면의 실제 경로가 겹치는지 확인; 진입 필요 시 표시한 거리 변경 스텝 완료"", ""physical"": ""리치·키·속도·피로에 따라 창이 달라짐""}",long → long,centerline aligned → centerline aligned,상대가 선점·실제 발이 묶임,distance cue; actual range may stay,상황 의존적 / 성공률 미측정,biomechanical inference,"[""S14""]",기초 동작 또는 물리 원리의 근거; 이 전체 연쇄의 직접 검증 아님,N21,"[""startup"", ""extension / displacement"", ""impact attempt / evade"", ""recovery pending""]",미확정: 다음 방어·타이밍 분기에 따름,,
E0276,N21_S1,N21_S2,BACK,B,range transition / angle creation,"{""distance"": ""long"", ""timing"": ""B가 실제 발 후퇴 / 같은 손 재사용은 회수·지지면 확보가 전제"", ""stance"": ""OO"", ""foot_position"": ""neutral"", ""ring_position"": ""center"", ""positional_requirement"": ""머리·표적·손·지지면의 실제 경로가 겹치는지 확인; 진입 필요 시 표시한 거리 변경 스텝 완료"", ""physical"": ""리치·키·속도·피로에 따라 창이 달라짐""}",long → outside,centerline aligned → centerline aligned,추격·로프·전진 반격에 새 스텝 필요,range 증가; rear space 소비,상황 의존적 / 성공률 미측정,biomechanical inference,"[""S01"", ""S06""]",기초 동작 또는 물리 원리의 근거; 이 전체 연쇄의 직접 검증 아님,N21,"[""startup"", ""extension / displacement"", ""impact attempt / evade"", ""recovery pending""]",미확정: 다음 방어·타이밍 분기에 따름,,
E0277,N21_S2,N21_S3,PRESS,A,range transition / angle creation,"{""distance"": ""outside"", ""timing"": ""A가 균형 있는 발로 출구 선점; 아직 펀치 미도달 / 같은 손 재사용은 회수·지지면 확보가 전제"", ""stance"": ""OO"", ""foot_position"": ""neutral"", ""ring_position"": ""center"", ""positional_requirement"": ""머리·표적·손·지지면의 실제 경로가 겹치는지 확인; 진입 필요 시 표시한 거리 변경 스텝 완료"", ""physical"": ""리치·키·속도·피로에 따라 창이 달라짐""}",outside → long,centerline aligned → centerline aligned,직선 추격·스텝 중 인터셉트,opponent ring space reduced only if cut succeeds,상황 의존적 / 성공률 미측정,biomechanical inference,"[""S06""]",기초 동작 또는 물리 원리의 근거; 이 전체 연쇄의 직접 검증 아님,N21,"[""startup"", ""extension / displacement"", ""impact attempt / evade"", ""recovery pending""]",미확정: 다음 방어·타이밍 분기에 따름,,
E0278,N21_S3,N21_S4,CJ,B,counter,"{""distance"": ""long"", ""timing"": ""A 도착 스텝에 잽 선점 / 같은 손 재사용은 회수·지지면 확보가 전제"", ""stance"": ""OO"", ""foot_position"": ""neutral"", ""ring_position"": ""center"", ""positional_requirement"": ""머리·표적·손·지지면의 실제 경로가 겹치는지 확인; 진입 필요 시 표시한 거리 변경 스텝 완료"", ""physical"": ""리치·키·속도·피로에 따라 창이 달라짐""}",long → long,centerline aligned → centerline aligned,상대의 두 번째 공격에 다시 읽힘,lead extension/recovery; 즉시 방어 필요,상황 의존적 / 성공률 미측정,biomechanical inference,"[""S11"", ""S16""]",기초 동작 또는 물리 원리의 근거; 이 전체 연쇄의 직접 검증 아님,N21,"[""startup"", ""extension / displacement"", ""impact attempt / evade"", ""recovery pending""]",미확정: 다음 방어·타이밍 분기에 따름,,
E0279,N21_S4,N21_S5,CATCH,A,defensive response,"{""distance"": ""long"", ""timing"": ""작게 받아 발 간격 유지 / 같은 손 재사용은 회수·지지면 확보가 전제"", ""stance"": ""OO"", ""foot_position"": ""neutral"", ""ring_position"": ""center"", ""positional_requirement"": ""머리·표적·손·지지면의 실제 경로가 겹치는지 확인; 진입 필요 시 표시한 거리 변경 스텝 완료"", ""physical"": ""리치·키·속도·피로에 따라 창이 달라짐""}",long → long,centerline aligned → centerline aligned,큰 도달·글러브가 얼굴로 밀림·페인트 반응,받는 손 작은 이동; free hand available,상황 의존적 / 성공률 미측정,coaching consensus,"[""S02"", ""S11""]",기초 관계의 복수 코칭 근거,N21,"[""startup"", ""extension / displacement"", ""impact attempt / evade"", ""recovery pending""]",미확정: 다음 방어·타이밍 분기에 따름,,
E0280,N21_S5,N21_S6,JAB,A,attack / continuation,"{""distance"": ""long"", ""timing"": ""B 잽 회수 창에 도달 / 같은 손 재사용은 회수·지지면 확보가 전제"", ""stance"": ""OO"", ""foot_position"": ""neutral"", ""ring_position"": ""center"", ""positional_requirement"": ""머리·표적·손·지지면의 실제 경로가 겹치는지 확인; 진입 필요 시 표시한 거리 변경 스텝 완료"", ""physical"": ""리치·키·속도·피로에 따라 창이 달라짐""}",long → long,centerline aligned → centerline aligned,앞손 복귀 동안 같은 쪽 가드가 비며 단조로운 타이밍을 읽힐 수 있음,앞손 extension/recovery; 머리는 설계에 따라 center 또는 off-line,상황 의존적 / 성공률 미측정,biomechanical inference,"[""S01"", ""S02""]",기초 동작 또는 물리 원리의 근거; 이 전체 연쇄의 직접 검증 아님,N21,"[""startup"", ""extension / displacement"", ""impact attempt / evade"", ""recovery pending""]",미확정: 다음 방어·타이밍 분기에 따름,,
E0281,N21_S6,N21_S7,LAT,B,range transition / angle creation,"{""distance"": ""long"", ""timing"": ""직선 후퇴 대신 옆 출구 / 같은 손 재사용은 회수·지지면 확보가 전제"", ""stance"": ""OO"", ""foot_position"": ""neutral"", ""ring_position"": ""center"", ""positional_requirement"": ""머리·표적·손·지지면의 실제 경로가 겹치는지 확인; 진입 필요 시 표시한 거리 변경 스텝 완료"", ""physical"": ""리치·키·속도·피로에 따라 창이 달라짐""}",long → long,centerline aligned → off-line candidate; opponent may reorient,원형 훅·링 커팅·발 교차,head line과 상대 bearing 변경,상황 의존적 / 성공률 미측정,biomechanical inference,"[""S06""]",기초 동작 또는 물리 원리의 근거; 이 전체 연쇄의 직접 검증 아님,N21,"[""startup"", ""extension / displacement"", ""impact attempt / evade"", ""recovery pending""]",미확정: 다음 방어·타이밍 분기에 따름,,
E0282,N21_S7,N21_S8,RESET,A,range transition / angle creation,"{""distance"": ""long"", ""timing"": ""출구 선점을 놓쳤으면 추격 중단 / 같은 손 재사용은 회수·지지면 확보가 전제"", ""stance"": ""OO"", ""foot_position"": ""angle candidate"", ""ring_position"": ""center"", ""positional_requirement"": ""머리·표적·손·지지면의 실제 경로가 겹치는지 확인; 진입 필요 시 표시한 거리 변경 스텝 완료"", ""physical"": ""리치·키·속도·피로에 따라 창이 달라짐""}",long → long,off-line candidate; opponent may reorient → centerline aligned,시간 비용; 상대가 계속 치면 완료 불가,neutral phases and guard only when window secured,상황 의존적 / 성공률 미측정,biomechanical inference,"[""S06""]",기초 동작 또는 물리 원리의 근거; 이 전체 연쇄의 직접 검증 아님,N21,"[""startup"", ""extension / displacement"", ""impact attempt / evade"", ""recovery pending""]",미확정: 다음 방어·타이밍 분기에 따름,,
E0283,N21_S1,N21_S9,READ,B,feint response / setup,"{""distance"": ""long"", ""timing"": ""후퇴하지 않고 지지면 유지 / 같은 손 재사용은 회수·지지면 확보가 전제"", ""stance"": ""OO"", ""foot_position"": ""neutral"", ""ring_position"": ""center"", ""positional_requirement"": ""머리·표적·손·지지면의 실제 경로가 겹치는지 확인; 진입 필요 시 표시한 거리 변경 스텝 완료"", ""physical"": ""리치·키·속도·피로에 따라 창이 달라짐""}",long → long,centerline aligned → centerline aligned,실제 잽·보디 공격을 늦게 읽을 위험,normal guard; uncertainty remains,상황 의존적 / 성공률 미측정,biomechanical inference,"[""S04"", ""S05""]",기초 동작 또는 물리 원리의 근거; 이 전체 연쇄의 직접 검증 아님,N21,"[""startup"", ""extension / displacement"", ""impact attempt / evade"", ""recovery pending""]",미확정: 다음 방어·타이밍 분기에 따름,,
E0284,N21_S9,N21_S10,INTERCEPT,B,counter,"{""distance"": ""long"", ""timing"": ""A가 실제로 걸어들어올 때만 선제 직선 / 같은 손 재사용은 회수·지지면 확보가 전제"", ""stance"": ""OO"", ""foot_position"": ""neutral"", ""ring_position"": ""center"", ""positional_requirement"": ""머리·표적·손·지지면의 실제 경로가 겹치는지 확인; 진입 필요 시 표시한 거리 변경 스텝 완료"", ""physical"": ""리치·키·속도·피로에 따라 창이 달라짐""}",long → long,centerline aligned → centerline aligned,머리가 라인에 남으면 동시 피격,자기 extension와 상대 startup 겹침,상황 의존적 / 성공률 미측정,biomechanical inference,"[""S01"", ""S06""]",기초 동작 또는 물리 원리의 근거; 이 전체 연쇄의 직접 검증 아님,N21,"[""startup"", ""extension / displacement"", ""impact attempt / evade"", ""recovery pending""]",미확정: 다음 방어·타이밍 분기에 따름,,
E0285,N21_S10,N21_S11,SSTEP,A,defensive response,"{""distance"": ""long"", ""timing"": ""몸통과 발을 궤도 밖으로 / 같은 손 재사용은 회수·지지면 확보가 전제"", ""stance"": ""OO"", ""foot_position"": ""neutral"", ""ring_position"": ""center"", ""positional_requirement"": ""머리·표적·손·지지면의 실제 경로가 겹치는지 확인; 진입 필요 시 표시한 거리 변경 스텝 완료"", ""physical"": ""리치·키·속도·피로에 따라 창이 달라짐""}",long → mid,centerline aligned → head off punching line; body angle not automatic,스텝 시간·발 충돌·각도 추적 허용,head outside; 상대적 거리·발 위치 변경,상황 의존적 / 성공률 미측정,biomechanical inference,"[""S06"", ""S07""]",기초 동작 또는 물리 원리의 근거; 이 전체 연쇄의 직접 검증 아님,N21,"[""startup"", ""extension / displacement"", ""impact attempt / evade"", ""recovery pending""]",미확정: 다음 방어·타이밍 분기에 따름,,
E0286,N21_S11,N21_S12,CH,A,counter,"{""distance"": ""mid"", ""timing"": ""새 측면 표적과 사거리 / 같은 손 재사용은 회수·지지면 확보가 전제"", ""stance"": ""OO"", ""foot_position"": ""neutral"", ""ring_position"": ""center"", ""positional_requirement"": ""머리·표적·손·지지면의 실제 경로가 겹치는지 확인; 진입 필요 시 표시한 거리 변경 스텝 완료"", ""physical"": ""리치·키·속도·피로에 따라 창이 달라짐""}",mid → mid,head off punching line; body angle not automatic → head off punching line; body angle not automatic,"짧은 사거리, 반대 손 카운터",lead recovery; 회전 momentum,상황 의존적 / 성공률 미측정,biomechanical inference,"[""S03"", ""S16""]",기초 동작 또는 물리 원리의 근거; 이 전체 연쇄의 직접 검증 아님,N21,"[""startup"", ""extension / displacement"", ""impact attempt / evade"", ""recovery pending""]",미확정: 다음 방어·타이밍 분기에 따름,,
E0287,N21_S12,N21_S13,HG,B,defensive response,"{""distance"": ""mid"", ""timing"": ""측면 가드 압축 / 같은 손 재사용은 회수·지지면 확보가 전제"", ""stance"": ""OO"", ""foot_position"": ""neutral"", ""ring_position"": ""center"", ""positional_requirement"": ""머리·표적·손·지지면의 실제 경로가 겹치는지 확인; 진입 필요 시 표시한 거리 변경 스텝 완료"", ""physical"": ""리치·키·속도·피로에 따라 창이 달라짐""}",mid → mid,head off punching line; body angle not automatic → head off punching line; body angle not automatic,시야·보디·기동성 제한; 충격 전달 가능,guard high; body exposed는 팔꿈치 위치 의존,상황 의존적 / 성공률 미측정,biomechanical inference,"[""S01"", ""S02""]",기초 동작 또는 물리 원리의 근거; 이 전체 연쇄의 직접 검증 아님,N21,"[""startup"", ""extension / displacement"", ""impact attempt / evade"", ""recovery pending""]",미확정: 다음 방어·타이밍 분기에 따름,,
E0288,N21_S13,N21_S14,EXIT,B,range transition / angle creation,"{""distance"": ""mid"", ""timing"": ""옆 출구 확보 / 같은 손 재사용은 회수·지지면 확보가 전제"", ""stance"": ""OO"", ""foot_position"": ""neutral"", ""ring_position"": ""center"", ""positional_requirement"": ""머리·표적·손·지지면의 실제 경로가 겹치는지 확인; 진입 필요 시 표시한 거리 변경 스텝 완료"", ""physical"": ""리치·키·속도·피로에 따라 창이 달라짐""}",mid → mid,head off punching line; body angle not automatic → off-line candidate; opponent may reorient,상대 훅·링 커팅·뒤돌기 금지,angle changes then guard/range reset,상황 의존적 / 성공률 미측정,biomechanical inference,"[""S06""]",기초 동작 또는 물리 원리의 근거; 이 전체 연쇄의 직접 검증 아님,N21,"[""startup"", ""extension / displacement"", ""impact attempt / evade"", ""recovery pending""]",미확정: 다음 방어·타이밍 분기에 따름,,
E0289,N21_S14,N21_S15,RESET,A,range transition / angle creation,"{""distance"": ""mid"", ""timing"": ""서로 재정렬 / 같은 손 재사용은 회수·지지면 확보가 전제"", ""stance"": ""OO"", ""foot_position"": ""angle candidate"", ""ring_position"": ""center"", ""positional_requirement"": ""머리·표적·손·지지면의 실제 경로가 겹치는지 확인; 진입 필요 시 표시한 거리 변경 스텝 완료"", ""physical"": ""리치·키·속도·피로에 따라 창이 달라짐""}",mid → mid,off-line candidate; opponent may reorient → centerline aligned,시간 비용; 상대가 계속 치면 완료 불가,neutral phases and guard only when window secured,상황 의존적 / 성공률 미측정,biomechanical inference,"[""S06""]",기초 동작 또는 물리 원리의 근거; 이 전체 연쇄의 직접 검증 아님,N21,"[""startup"", ""extension / displacement"", ""impact attempt / evade"", ""recovery pending""]",미확정: 다음 방어·타이밍 분기에 따름,,
E0290,N22_S0,N22_S1,PROBE,A,feint response / setup,"{""distance"": ""long"", ""timing"": ""앞손으로 B 방어 박자 기록 / 같은 손 재사용은 회수·지지면 확보가 전제"", ""stance"": ""OO"", ""foot_position"": ""neutral"", ""ring_position"": ""center"", ""positional_requirement"": ""머리·표적·손·지지면의 실제 경로가 겹치는지 확인; 진입 필요 시 표시한 거리 변경 스텝 완료"", ""physical"": ""리치·키·속도·피로에 따라 창이 달라짐""}",long → long,centerline aligned → centerline aligned,습관 노출·강한 카운터; 반드시 안전하지 않음,information recorded; 실전 잽과 연속체,상황 의존적 / 성공률 미측정,biomechanical inference,"[""S06"", ""S22""]",기초 동작 또는 물리 원리의 근거; 이 전체 연쇄의 직접 검증 아님,N22,"[""startup"", ""extension / displacement"", ""impact attempt / evade"", ""recovery pending""]",미확정: 다음 방어·타이밍 분기에 따름,,
E0291,N22_S1,N22_S2,PARRY,B,defensive response,"{""distance"": ""long"", ""timing"": ""일정 박자 작은 패리 / 같은 손 재사용은 회수·지지면 확보가 전제"", ""stance"": ""OO"", ""foot_position"": ""neutral"", ""ring_position"": ""center"", ""positional_requirement"": ""머리·표적·손·지지면의 실제 경로가 겹치는지 확인; 진입 필요 시 표시한 거리 변경 스텝 완료"", ""physical"": ""리치·키·속도·피로에 따라 창이 달라짐""}",long → long,centerline aligned → centerline aligned,반복 타이밍과 복귀를 읽힐 수 있음; 자동 빈틈 아님,parry hand slightly displaced; 복귀 가능,상황 의존적 / 성공률 미측정,coaching consensus,"[""S01"", ""S02"", ""S16""]",기초 관계의 복수 코칭 근거,N22,"[""startup"", ""extension / displacement"", ""impact attempt / evade"", ""recovery pending""]",미확정: 다음 방어·타이밍 분기에 따름,,
E0292,N22_S2,N22_S3,RHYTHM,A,feint response / setup,"{""distance"": ""long"", ""timing"": ""가드 복구 후 다음 공격을 한 박자 지연 / 같은 손 재사용은 회수·지지면 확보가 전제"", ""stance"": ""OO"", ""foot_position"": ""neutral"", ""ring_position"": ""center"", ""positional_requirement"": ""머리·표적·손·지지면의 실제 경로가 겹치는지 확인; 진입 필요 시 표시한 거리 변경 스텝 완료"", ""physical"": ""리치·키·속도·피로에 따라 창이 달라짐""}",long → long,centerline aligned → centerline aligned,멈춘 박자에 선제 공격 허용,timing expectation changes; physical state not forced,상황 의존적 / 성공률 미측정,biomechanical inference,"[""S06"", ""S05""]",기초 동작 또는 물리 원리의 근거; 이 전체 연쇄의 직접 검증 아님,N22,"[""startup"", ""extension / displacement"", ""impact attempt / evade"", ""recovery pending""]",미확정: 다음 방어·타이밍 분기에 따름,,
E0293,N22_S3,N22_S4,WIDE,B,defensive response,"{""distance"": ""long"", ""timing"": ""B가 옛 박자에 조기 패리 / 같은 손 재사용은 회수·지지면 확보가 전제"", ""stance"": ""OO"", ""foot_position"": ""neutral"", ""ring_position"": ""center"", ""positional_requirement"": ""머리·표적·손·지지면의 실제 경로가 겹치는지 확인; 진입 필요 시 표시한 거리 변경 스텝 완료"", ""physical"": ""리치·키·속도·피로에 따라 창이 달라짐""}",long → long,centerline aligned → centerline aligned,손 측면·중앙 공백; 페인트 비용,guard parry-displaced; window until hand returns,상황 의존적 / 성공률 미측정,coaching consensus,"[""S02"", ""S16""]",기초 관계의 복수 코칭 근거,N22,"[""startup"", ""extension / displacement"", ""impact attempt / evade"", ""recovery pending""]",미확정: 다음 방어·타이밍 분기에 따름,,
E0294,N22_S4,N22_S5,CROSS,A,attack / continuation,"{""distance"": ""long"", ""timing"": ""B 패리 손 복귀 전 열린 실제 직선 통로 / 같은 손 재사용은 회수·지지면 확보가 전제"", ""stance"": ""OO"", ""foot_position"": ""neutral"", ""ring_position"": ""center"", ""positional_requirement"": ""머리·표적·손·지지면의 실제 경로가 겹치는지 확인; 진입 필요 시 표시한 거리 변경 스텝 완료"", ""physical"": ""리치·키·속도·피로에 따라 창이 달라짐""}",long → long,centerline aligned → centerline aligned,뒷손 가드 이탈과 회전 회수 구간,몸통 회전; rear arm recovery; 하중은 변형 의존,상황 의존적 / 성공률 미측정,biomechanical inference,"[""S03""]",기초 동작 또는 물리 원리의 근거; 이 전체 연쇄의 직접 검증 아님,N22,"[""startup"", ""extension / displacement"", ""impact attempt / evade"", ""recovery pending""]",미확정: 다음 방어·타이밍 분기에 따름,,
E0295,N22_S5,N22_S6,SOUT,B,defensive response,"{""distance"": ""long"", ""timing"": ""새 궤도를 보고 팔 바깥 머리 이동 / 같은 손 재사용은 회수·지지면 확보가 전제"", ""stance"": ""OO"", ""foot_position"": ""neutral"", ""ring_position"": ""center"", ""positional_requirement"": ""머리·표적·손·지지면의 실제 경로가 겹치는지 확인; 진입 필요 시 표시한 거리 변경 스텝 완료"", ""physical"": ""리치·키·속도·피로에 따라 창이 달라짐""}",long → long,centerline aligned → head off punching line; body angle not automatic,다음 펀치 재조준·훅·균형 손실,head outside incoming punch; 발각도 자동 우위 아님,상황 의존적 / 성공률 미측정,coaching consensus,"[""S02"", ""S07"", ""S16""]",기초 관계의 복수 코칭 근거,N22,"[""startup"", ""extension / displacement"", ""impact attempt / evade"", ""recovery pending""]",미확정: 다음 방어·타이밍 분기에 따름,,
E0296,N22_S6,N22_S7,DELAY,B,counter,"{""distance"": ""long"", ""timing"": ""A 다음 훅을 경계해 반격 한 박자 보류 / 같은 손 재사용은 회수·지지면 확보가 전제"", ""stance"": ""OO"", ""foot_position"": ""neutral"", ""ring_position"": ""center"", ""positional_requirement"": ""머리·표적·손·지지면의 실제 경로가 겹치는지 확인; 진입 필요 시 표시한 거리 변경 스텝 완료"", ""physical"": ""리치·키·속도·피로에 따라 창이 달라짐""}",long → long,head off punching line; body angle not automatic → head off punching line; body angle not automatic,기다림 중 콤비네이션·퇴로 상실,ready 상태 유지; 다음 extension 선택,상황 의존적 / 성공률 미측정,biomechanical inference,"[""S06""]",기초 동작 또는 물리 원리의 근거; 이 전체 연쇄의 직접 검증 아님,N22,"[""startup"", ""extension / displacement"", ""impact attempt / evade"", ""recovery pending""]",미확정: 다음 방어·타이밍 분기에 따름,,
E0297,N22_S7,N22_S8,LH,A,attack / continuation,"{""distance"": ""long"", ""timing"": ""B가 훅 사거리 안에 머물고 A 균형 / 같은 손 재사용은 회수·지지면 확보가 전제"", ""stance"": ""OO"", ""foot_position"": ""neutral"", ""ring_position"": ""center"", ""positional_requirement"": ""머리·표적·손·지지면의 실제 경로가 겹치는지 확인; 진입 필요 시 표시한 거리 변경 스텝 완료"", ""physical"": ""리치·키·속도·피로에 따라 창이 달라짐""}",long → mid,head off punching line; body angle not automatic → head off punching line; body angle not automatic,넓게 돌면 직선 인터셉트와 반대 훅에 노출,lead arm recovery; 반대 회전 또는 피벗 준비 가능,상황 의존적 / 성공률 미측정,biomechanical inference,"[""S03""]",기초 동작 또는 물리 원리의 근거; 이 전체 연쇄의 직접 검증 아님,N22,"[""startup"", ""extension / displacement"", ""impact attempt / evade"", ""recovery pending""]",미확정: 다음 방어·타이밍 분기에 따름,,
E0298,N22_S8,N22_S9,ROLL,B,defensive response,"{""distance"": ""mid"", ""timing"": ""훅 아래 옆 이동 / 같은 손 재사용은 회수·지지면 확보가 전제"", ""stance"": ""OO"", ""foot_position"": ""neutral"", ""ring_position"": ""center"", ""positional_requirement"": ""머리·표적·손·지지면의 실제 경로가 겹치는지 확인; 진입 필요 시 표시한 거리 변경 스텝 완료"", ""physical"": ""리치·키·속도·피로에 따라 창이 달라짐""}",mid → mid,head off punching line; body angle not automatic → head off punching line; body angle not automatic,반복 경로·허리 굽힘·다음 낮은 공격,low→side head; 회전·하중은 출구 의존,상황 의존적 / 성공률 미측정,coaching consensus,"[""S01"", ""S08"", ""S16""]",기초 관계의 복수 코칭 근거,N22,"[""startup"", ""extension / displacement"", ""impact attempt / evade"", ""recovery pending""]",미확정: 다음 방어·타이밍 분기에 따름,,
E0299,N22_S9,N22_S10,CH,B,counter,"{""distance"": ""mid"", ""timing"": ""A 훅 회수 창 / 같은 손 재사용은 회수·지지면 확보가 전제"", ""stance"": ""OO"", ""foot_position"": ""neutral"", ""ring_position"": ""center"", ""positional_requirement"": ""머리·표적·손·지지면의 실제 경로가 겹치는지 확인; 진입 필요 시 표시한 거리 변경 스텝 완료"", ""physical"": ""리치·키·속도·피로에 따라 창이 달라짐""}",mid → mid,head off punching line; body angle not automatic → head off punching line; body angle not automatic,"짧은 사거리, 반대 손 카운터",lead recovery; 회전 momentum,상황 의존적 / 성공률 미측정,biomechanical inference,"[""S03"", ""S16""]",기초 동작 또는 물리 원리의 근거; 이 전체 연쇄의 직접 검증 아님,N22,"[""startup"", ""extension / displacement"", ""impact attempt / evade"", ""recovery pending""]",미확정: 다음 방어·타이밍 분기에 따름,,
E0300,N22_S10,N22_S11,EXIT,A,range transition / angle creation,"{""distance"": ""mid"", ""timing"": ""짧은 가드와 출구 / 같은 손 재사용은 회수·지지면 확보가 전제"", ""stance"": ""OO"", ""foot_position"": ""neutral"", ""ring_position"": ""center"", ""positional_requirement"": ""머리·표적·손·지지면의 실제 경로가 겹치는지 확인; 진입 필요 시 표시한 거리 변경 스텝 완료"", ""physical"": ""리치·키·속도·피로에 따라 창이 달라짐""}",mid → mid,head off punching line; body angle not automatic → off-line candidate; opponent may reorient,상대 훅·링 커팅·뒤돌기 금지,angle changes then guard/range reset,상황 의존적 / 성공률 미측정,biomechanical inference,"[""S06""]",기초 동작 또는 물리 원리의 근거; 이 전체 연쇄의 직접 검증 아님,N22,"[""startup"", ""extension / displacement"", ""impact attempt / evade"", ""recovery pending""]",미확정: 다음 방어·타이밍 분기에 따름,,
E0301,N22_S11,N22_S12,RESET,B,range transition / angle creation,"{""distance"": ""mid"", ""timing"": ""재지향 / 같은 손 재사용은 회수·지지면 확보가 전제"", ""stance"": ""OO"", ""foot_position"": ""angle candidate"", ""ring_position"": ""center"", ""positional_requirement"": ""머리·표적·손·지지면의 실제 경로가 겹치는지 확인; 진입 필요 시 표시한 거리 변경 스텝 완료"", ""physical"": ""리치·키·속도·피로에 따라 창이 달라짐""}",mid → mid,off-line candidate; opponent may reorient → centerline aligned,시간 비용; 상대가 계속 치면 완료 불가,neutral phases and guard only when window secured,상황 의존적 / 성공률 미측정,biomechanical inference,"[""S06""]",기초 동작 또는 물리 원리의 근거; 이 전체 연쇄의 직접 검증 아님,N22,"[""startup"", ""extension / displacement"", ""impact attempt / evade"", ""recovery pending""]",미확정: 다음 방어·타이밍 분기에 따름,,
E0302,N22_S0,N22_S13,TEMPO,A,feint response / setup,"{""distance"": ""long"", ""timing"": ""공격 빈도를 높이되 가드 회복 가능한 구간 / 같은 손 재사용은 회수·지지면 확보가 전제"", ""stance"": ""OO"", ""foot_position"": ""neutral"", ""ring_position"": ""center"", ""positional_requirement"": ""머리·표적·손·지지면의 실제 경로가 겹치는지 확인; 진입 필요 시 표시한 거리 변경 스텝 완료"", ""physical"": ""리치·키·속도·피로에 따라 창이 달라짐""}",long → long,centerline aligned → centerline aligned,피로·정확도·가드 회복 비용,pace changes; fatigue context,상황 의존적 / 성공률 미측정,biomechanical inference,"[""S06"", ""S15""]",기초 동작 또는 물리 원리의 근거; 이 전체 연쇄의 직접 검증 아님,N22,"[""startup"", ""extension / displacement"", ""impact attempt / evade"", ""recovery pending""]",미확정: 다음 방어·타이밍 분기에 따름,,
E0303,N22_S13,N22_S14,COMBO,A,attack / continuation,"{""distance"": ""long"", ""timing"": ""짧은 머리–보디 연계 / 같은 손 재사용은 회수·지지면 확보가 전제"", ""stance"": ""OO"", ""foot_position"": ""neutral"", ""ring_position"": ""center"", ""positional_requirement"": ""머리·표적·손·지지면의 실제 경로가 겹치는지 확인; 진입 필요 시 표시한 거리 변경 스텝 완료"", ""physical"": ""리치·키·속도·피로에 따라 창이 달라짐""}",long → mid,centerline aligned → centerline aligned,고정 순서로 계속하면 인터셉트·각도 탈출 허용,연속 startup/extension/recovery가 겹침,상황 의존적 / 성공률 미측정,biomechanical inference,"[""S06""]",기초 동작 또는 물리 원리의 근거; 이 전체 연쇄의 직접 검증 아님,N22,"[""startup"", ""extension / displacement"", ""impact attempt / evade"", ""recovery pending""]",미확정: 다음 방어·타이밍 분기에 따름,,
E0304,N22_S14,N22_S15,HG,B,defensive response,"{""distance"": ""mid"", ""timing"": ""첫 머리 공격 방어 / 같은 손 재사용은 회수·지지면 확보가 전제"", ""stance"": ""OO"", ""foot_position"": ""neutral"", ""ring_position"": ""center"", ""positional_requirement"": ""머리·표적·손·지지면의 실제 경로가 겹치는지 확인; 진입 필요 시 표시한 거리 변경 스텝 완료"", ""physical"": ""리치·키·속도·피로에 따라 창이 달라짐""}",mid → mid,centerline aligned → centerline aligned,시야·보디·기동성 제한; 충격 전달 가능,guard high; body exposed는 팔꿈치 위치 의존,상황 의존적 / 성공률 미측정,biomechanical inference,"[""S01"", ""S02""]",기초 동작 또는 물리 원리의 근거; 이 전체 연쇄의 직접 검증 아님,N22,"[""startup"", ""extension / displacement"", ""impact attempt / evade"", ""recovery pending""]",미확정: 다음 방어·타이밍 분기에 따름,,
E0305,N22_S15,N22_S16,INTERCEPT,B,counter,"{""distance"": ""mid"", ""timing"": ""콤비네이션 사이 분명한 startup 틈 / 같은 손 재사용은 회수·지지면 확보가 전제"", ""stance"": ""OO"", ""foot_position"": ""neutral"", ""ring_position"": ""center"", ""positional_requirement"": ""머리·표적·손·지지면의 실제 경로가 겹치는지 확인; 진입 필요 시 표시한 거리 변경 스텝 완료"", ""physical"": ""리치·키·속도·피로에 따라 창이 달라짐""}",mid → mid,centerline aligned → centerline aligned,머리가 라인에 남으면 동시 피격,자기 extension와 상대 startup 겹침,상황 의존적 / 성공률 미측정,biomechanical inference,"[""S01"", ""S06""]",기초 동작 또는 물리 원리의 근거; 이 전체 연쇄의 직접 검증 아님,N22,"[""startup"", ""extension / displacement"", ""impact attempt / evade"", ""recovery pending""]",미확정: 다음 방어·타이밍 분기에 따름,,
E0306,N22_S16,N22_S17,SOUT,A,defensive response,"{""distance"": ""mid"", ""timing"": ""B 직선 밖으로 회피 / 같은 손 재사용은 회수·지지면 확보가 전제"", ""stance"": ""OO"", ""foot_position"": ""neutral"", ""ring_position"": ""center"", ""positional_requirement"": ""머리·표적·손·지지면의 실제 경로가 겹치는지 확인; 진입 필요 시 표시한 거리 변경 스텝 완료"", ""physical"": ""리치·키·속도·피로에 따라 창이 달라짐""}",mid → mid,centerline aligned → head off punching line; body angle not automatic,다음 펀치 재조준·훅·균형 손실,head outside incoming punch; 발각도 자동 우위 아님,상황 의존적 / 성공률 미측정,coaching consensus,"[""S02"", ""S07"", ""S16""]",기초 관계의 복수 코칭 근거,N22,"[""startup"", ""extension / displacement"", ""impact attempt / evade"", ""recovery pending""]",미확정: 다음 방어·타이밍 분기에 따름,,
E0307,N22_S17,N22_S18,RESET,A,range transition / angle creation,"{""distance"": ""mid"", ""timing"": ""피로·균형 때문에 템포를 낮추고 교환 종료 / 같은 손 재사용은 회수·지지면 확보가 전제"", ""stance"": ""OO"", ""foot_position"": ""neutral"", ""ring_position"": ""center"", ""positional_requirement"": ""머리·표적·손·지지면의 실제 경로가 겹치는지 확인; 진입 필요 시 표시한 거리 변경 스텝 완료"", ""physical"": ""리치·키·속도·피로에 따라 창이 달라짐""}",mid → mid,head off punching line; body angle not automatic → centerline aligned,시간 비용; 상대가 계속 치면 완료 불가,neutral phases and guard only when window secured,상황 의존적 / 성공률 미측정,biomechanical inference,"[""S06""]",기초 동작 또는 물리 원리의 근거; 이 전체 연쇄의 직접 검증 아님,N22,"[""startup"", ""extension / displacement"", ""impact attempt / evade"", ""recovery pending""]",미확정: 다음 방어·타이밍 분기에 따름,,
E0308,N23_S0,N23_S1,RU,A,attack / continuation,"{""distance"": ""pocket"", ""timing"": ""가까운 상승 공격 / 같은 손 재사용은 회수·지지면 확보가 전제"", ""stance"": ""OO"", ""foot_position"": ""neutral"", ""ring_position"": ""center"", ""positional_requirement"": ""머리·표적·손·지지면의 실제 경로가 겹치는지 확인; 진입 필요 시 표시한 거리 변경 스텝 완료"", ""physical"": ""리치·키·속도·피로에 따라 창이 달라짐""}",pocket → pocket,centerline aligned → centerline aligned,준비 때 손을 내리면 훅·직선에 노출,rear arm recovery; 상승·회전 운동,상황 의존적 / 성공률 미측정,biomechanical inference,"[""S03""]",기초 동작 또는 물리 원리의 근거; 이 전체 연쇄의 직접 검증 아님,N23,"[""startup"", ""extension / displacement"", ""impact attempt / evade"", ""recovery pending""]",미확정: 다음 방어·타이밍 분기에 따름,,
E0309,N23_S1,N23_S2,SMOTHER,B,defensive response,"{""distance"": ""pocket"", ""timing"": ""완전 궤도 전 A 팔·몸 사이 거리 압축 / 같은 손 재사용은 회수·지지면 확보가 전제"", ""stance"": ""OO"", ""foot_position"": ""neutral"", ""ring_position"": ""center"", ""positional_requirement"": ""머리·표적·손·지지면의 실제 경로가 겹치는지 확인; 진입 필요 시 표시한 거리 변경 스텝 완료"", ""physical"": ""리치·키·속도·피로에 따라 창이 달라짐""}",pocket → clinch,centerline aligned → centerline aligned,짧은 훅·어퍼컷·머리 충돌·위치 상실,range pocket/clinch; short punches remain,상황 의존적 / 성공률 미측정,biomechanical inference,"[""S06"", ""S17""]",기초 동작 또는 물리 원리의 근거; 이 전체 연쇄의 직접 검증 아님,N23,"[""startup"", ""extension / displacement"", ""impact attempt / evade"", ""recovery pending""]",미확정: 다음 방어·타이밍 분기에 따름,,
E0310,N23_S2,N23_S3,FRAME,A,defensive response,"{""distance"": ""clinch"", ""timing"": ""순간 접촉으로 분리 여지; 밀거나 잡은 채 치지 않음 / 같은 손 재사용은 회수·지지면 확보가 전제"", ""stance"": ""OO"", ""foot_position"": ""neutral"", ""ring_position"": ""center"", ""positional_requirement"": ""머리·표적·손·지지면의 실제 경로가 겹치는지 확인; 진입 필요 시 표시한 거리 변경 스텝 완료"", ""physical"": ""리치·키·속도·피로에 따라 창이 달라짐""}",clinch → clinch,centerline aligned → centerline aligned,손 가드 이탈·밀기/지속 시야 차단 반칙 가능,contact; 규칙 허용 범위 조건,상황 의존적 / 성공률 미측정,biomechanical inference,"[""S17""]",기초 동작 또는 물리 원리의 근거; 이 전체 연쇄의 직접 검증 아님,N23,"[""startup"", ""extension / displacement"", ""impact attempt / evade"", ""recovery pending""]",미확정: 다음 방어·타이밍 분기에 따름,,
E0311,N23_S3,N23_S4,RESET,A,range transition / angle creation,"{""distance"": ""clinch"", ""timing"": ""접촉이 합법 해제되고 짧은 공격 공간·양쪽 가드 복구 / 같은 손 재사용은 회수·지지면 확보가 전제"", ""stance"": ""OO"", ""foot_position"": ""neutral"", ""ring_position"": ""center"", ""positional_requirement"": ""머리·표적·손·지지면의 실제 경로가 겹치는지 확인; 진입 필요 시 표시한 거리 변경 스텝 완료"", ""physical"": ""리치·키·속도·피로에 따라 창이 달라짐""}",clinch → pocket,centerline aligned → centerline aligned,시간 비용; 상대가 계속 치면 완료 불가,neutral phases and guard only when window secured,상황 의존적 / 성공률 미측정,biomechanical inference,"[""S06""]",기초 동작 또는 물리 원리의 근거; 이 전체 연쇄의 직접 검증 아님,N23,"[""startup"", ""extension / displacement"", ""impact attempt / evade"", ""recovery pending""]",미확정: 다음 방어·타이밍 분기에 따름,,
E0312,N23_S4,N23_S5,LU,A,attack / continuation,"{""distance"": ""pocket"", ""timing"": ""분리 후 자유 앞손 중앙 통로 / 같은 손 재사용은 회수·지지면 확보가 전제"", ""stance"": ""OO"", ""foot_position"": ""neutral"", ""ring_position"": ""center"", ""positional_requirement"": ""머리·표적·손·지지면의 실제 경로가 겹치는지 확인; 진입 필요 시 표시한 거리 변경 스텝 완료"", ""physical"": ""리치·키·속도·피로에 따라 창이 달라짐""}",pocket → pocket,centerline aligned → centerline aligned,먼 거리에서 뜨는 궤적·앞손 가드 이탈,lead arm recovery; 상승·회전 운동,상황 의존적 / 성공률 미측정,biomechanical inference,"[""S03""]",기초 동작 또는 물리 원리의 근거; 이 전체 연쇄의 직접 검증 아님,N23,"[""startup"", ""extension / displacement"", ""impact attempt / evade"", ""recovery pending""]",미확정: 다음 방어·타이밍 분기에 따름,,
E0313,N23_S5,N23_S6,BLOCK,B,defensive response,"{""distance"": ""pocket"", ""timing"": ""짧은 중앙 방어 / 같은 손 재사용은 회수·지지면 확보가 전제"", ""stance"": ""OO"", ""foot_position"": ""neutral"", ""ring_position"": ""center"", ""positional_requirement"": ""머리·표적·손·지지면의 실제 경로가 겹치는지 확인; 진입 필요 시 표시한 거리 변경 스텝 완료"", ""physical"": ""리치·키·속도·피로에 따라 창이 달라짐""}",pocket → pocket,centerline aligned → centerline aligned,충격·다른 표적 열림·고정 방어 읽힘,지정 표적 cover; 반대 표적은 조건부 공백,상황 의존적 / 성공률 미측정,biomechanical inference,"[""S01"", ""S02""]",기초 동작 또는 물리 원리의 근거; 이 전체 연쇄의 직접 검증 아님,N23,"[""startup"", ""extension / displacement"", ""impact attempt / evade"", ""recovery pending""]",미확정: 다음 방어·타이밍 분기에 따름,,
E0314,N23_S6,N23_S7,PIVOT,B,range transition / angle creation,"{""distance"": ""pocket"", ""timing"": ""축발·출구 확보 / 같은 손 재사용은 회수·지지면 확보가 전제"", ""stance"": ""OO"", ""foot_position"": ""neutral"", ""ring_position"": ""center"", ""positional_requirement"": ""머리·표적·손·지지면의 실제 경로가 겹치는지 확인; 진입 필요 시 표시한 거리 변경 스텝 완료"", ""physical"": ""리치·키·속도·피로에 따라 창이 달라짐""}",pocket → pocket,centerline aligned → off-line candidate; opponent may reorient,축발 막힘·과회전·상대가 같이 돌기,relative angle conditional; range 거의 유지,상황 의존적 / 성공률 미측정,biomechanical inference,"[""S06""]",기초 동작 또는 물리 원리의 근거; 이 전체 연쇄의 직접 검증 아님,N23,"[""startup"", ""extension / displacement"", ""impact attempt / evade"", ""recovery pending""]",미확정: 다음 방어·타이밍 분기에 따름,,
E0315,N23_S7,N23_S8,EXIT,B,range transition / angle creation,"{""distance"": ""pocket"", ""timing"": ""상대 궤도 밖으로 / 같은 손 재사용은 회수·지지면 확보가 전제"", ""stance"": ""OO"", ""foot_position"": ""angle candidate"", ""ring_position"": ""center"", ""positional_requirement"": ""머리·표적·손·지지면의 실제 경로가 겹치는지 확인; 진입 필요 시 표시한 거리 변경 스텝 완료"", ""physical"": ""리치·키·속도·피로에 따라 창이 달라짐""}",pocket → pocket,off-line candidate; opponent may reorient → off-line candidate; opponent may reorient,상대 훅·링 커팅·뒤돌기 금지,angle changes then guard/range reset,상황 의존적 / 성공률 미측정,biomechanical inference,"[""S06""]",기초 동작 또는 물리 원리의 근거; 이 전체 연쇄의 직접 검증 아님,N23,"[""startup"", ""extension / displacement"", ""impact attempt / evade"", ""recovery pending""]",미확정: 다음 방어·타이밍 분기에 따름,,
E0316,N23_S8,N23_S9,RESET,A,range transition / angle creation,"{""distance"": ""pocket"", ""timing"": ""상대와 재지향 / 같은 손 재사용은 회수·지지면 확보가 전제"", ""stance"": ""OO"", ""foot_position"": ""angle candidate"", ""ring_position"": ""center"", ""positional_requirement"": ""머리·표적·손·지지면의 실제 경로가 겹치는지 확인; 진입 필요 시 표시한 거리 변경 스텝 완료"", ""physical"": ""리치·키·속도·피로에 따라 창이 달라짐""}",pocket → pocket,off-line candidate; opponent may reorient → centerline aligned,시간 비용; 상대가 계속 치면 완료 불가,neutral phases and guard only when window secured,상황 의존적 / 성공률 미측정,biomechanical inference,"[""S06""]",기초 동작 또는 물리 원리의 근거; 이 전체 연쇄의 직접 검증 아님,N23,"[""startup"", ""extension / displacement"", ""impact attempt / evade"", ""recovery pending""]",미확정: 다음 방어·타이밍 분기에 따름,,
E0317,N23_S2,N23_S10,CLINCH,A,defensive response,"{""distance"": ""clinch"", ""timing"": ""팔이 얽혀 자유 타격 공간 없음 / 같은 손 재사용은 회수·지지면 확보가 전제"", ""stance"": ""OO"", ""foot_position"": ""neutral"", ""ring_position"": ""center"", ""positional_requirement"": ""머리·표적·손·지지면의 실제 경로가 겹치는지 확인; 진입 필요 시 표시한 거리 변경 스텝 완료"", ""physical"": ""리치·키·속도·피로에 따라 창이 달라짐""}",clinch → clinch,centerline aligned → centerline aligned,짧은 자유손·심판 break·홀딩 반칙,range clinch; arms restricted; no holding-and-hitting,상황 의존적 / 성공률 미측정,biomechanical inference,"[""S17""]",기초 동작 또는 물리 원리의 근거; 이 전체 연쇄의 직접 검증 아님,N23,"[""startup"", ""extension / displacement"", ""impact attempt / evade"", ""recovery pending""]",미확정: 다음 방어·타이밍 분기에 따름,,
E0318,N23_S10,N23_S11,BREAK,B,range transition / angle creation,"{""distance"": ""clinch"", ""timing"": ""심판 지시에 분리; 재개까지 타격 없음 / 같은 손 재사용은 회수·지지면 확보가 전제"", ""stance"": ""OO"", ""foot_position"": ""neutral"", ""ring_position"": ""center"", ""positional_requirement"": ""머리·표적·손·지지면의 실제 경로가 겹치는지 확인; 진입 필요 시 표시한 거리 변경 스텝 완료"", ""physical"": ""리치·키·속도·피로에 따라 창이 달라짐""}",clinch → long,centerline aligned → centerline aligned,주도권·공간이 바뀜; break 중 공격 금지,range long; both neutral on restart,상황 의존적 / 성공률 미측정,biomechanical inference,"[""S17""]",기초 동작 또는 물리 원리의 근거; 이 전체 연쇄의 직접 검증 아님,N23,"[""startup"", ""extension / displacement"", ""impact attempt / evade"", ""recovery pending""]",미확정: 다음 방어·타이밍 분기에 따름,,
E0319,N23_S11,N23_S12,JAB,A,attack / continuation,"{""distance"": ""long"", ""timing"": ""재개 후 새 롱 레인지 앞손 / 같은 손 재사용은 회수·지지면 확보가 전제"", ""stance"": ""OO"", ""foot_position"": ""neutral"", ""ring_position"": ""center"", ""positional_requirement"": ""머리·표적·손·지지면의 실제 경로가 겹치는지 확인; 진입 필요 시 표시한 거리 변경 스텝 완료"", ""physical"": ""리치·키·속도·피로에 따라 창이 달라짐""}",long → long,centerline aligned → centerline aligned,앞손 복귀 동안 같은 쪽 가드가 비며 단조로운 타이밍을 읽힐 수 있음,앞손 extension/recovery; 머리는 설계에 따라 center 또는 off-line,상황 의존적 / 성공률 미측정,biomechanical inference,"[""S01"", ""S02""]",기초 동작 또는 물리 원리의 근거; 이 전체 연쇄의 직접 검증 아님,N23,"[""startup"", ""extension / displacement"", ""impact attempt / evade"", ""recovery pending""]",미확정: 다음 방어·타이밍 분기에 따름,,
E0320,N23_S12,N23_S13,PARRY,B,defensive response,"{""distance"": ""long"", ""timing"": ""실제 신전에 작은 방어 / 같은 손 재사용은 회수·지지면 확보가 전제"", ""stance"": ""OO"", ""foot_position"": ""neutral"", ""ring_position"": ""center"", ""positional_requirement"": ""머리·표적·손·지지면의 실제 경로가 겹치는지 확인; 진입 필요 시 표시한 거리 변경 스텝 완료"", ""physical"": ""리치·키·속도·피로에 따라 창이 달라짐""}",long → long,centerline aligned → centerline aligned,반복 타이밍과 복귀를 읽힐 수 있음; 자동 빈틈 아님,parry hand slightly displaced; 복귀 가능,상황 의존적 / 성공률 미측정,coaching consensus,"[""S01"", ""S02"", ""S16""]",기초 관계의 복수 코칭 근거,N23,"[""startup"", ""extension / displacement"", ""impact attempt / evade"", ""recovery pending""]",미확정: 다음 방어·타이밍 분기에 따름,,
E0321,N23_S13,N23_S14,CJ,B,counter,"{""distance"": ""long"", ""timing"": ""A 회수 창에 반대 앞손 도달 / 같은 손 재사용은 회수·지지면 확보가 전제"", ""stance"": ""OO"", ""foot_position"": ""neutral"", ""ring_position"": ""center"", ""positional_requirement"": ""머리·표적·손·지지면의 실제 경로가 겹치는지 확인; 진입 필요 시 표시한 거리 변경 스텝 완료"", ""physical"": ""리치·키·속도·피로에 따라 창이 달라짐""}",long → long,centerline aligned → centerline aligned,상대의 두 번째 공격에 다시 읽힘,lead extension/recovery; 즉시 방어 필요,상황 의존적 / 성공률 미측정,biomechanical inference,"[""S11"", ""S16""]",기초 동작 또는 물리 원리의 근거; 이 전체 연쇄의 직접 검증 아님,N23,"[""startup"", ""extension / displacement"", ""impact attempt / evade"", ""recovery pending""]",미확정: 다음 방어·타이밍 분기에 따름,,
E0322,N23_S14,N23_S15,BACK,A,range transition / angle creation,"{""distance"": ""long"", ""timing"": ""중앙의 뒤 공간 / 같은 손 재사용은 회수·지지면 확보가 전제"", ""stance"": ""OO"", ""foot_position"": ""neutral"", ""ring_position"": ""center"", ""positional_requirement"": ""머리·표적·손·지지면의 실제 경로가 겹치는지 확인; 진입 필요 시 표시한 거리 변경 스텝 완료"", ""physical"": ""리치·키·속도·피로에 따라 창이 달라짐""}",long → outside,centerline aligned → centerline aligned,추격·로프·전진 반격에 새 스텝 필요,range 증가; rear space 소비,상황 의존적 / 성공률 미측정,biomechanical inference,"[""S01"", ""S06""]",기초 동작 또는 물리 원리의 근거; 이 전체 연쇄의 직접 검증 아님,N23,"[""startup"", ""extension / displacement"", ""impact attempt / evade"", ""recovery pending""]",미확정: 다음 방어·타이밍 분기에 따름,,
E0323,N23_S15,N23_S16,RESET,B,range transition / angle creation,"{""distance"": ""outside"", ""timing"": ""추격을 보류 / 같은 손 재사용은 회수·지지면 확보가 전제"", ""stance"": ""OO"", ""foot_position"": ""neutral"", ""ring_position"": ""center"", ""positional_requirement"": ""머리·표적·손·지지면의 실제 경로가 겹치는지 확인; 진입 필요 시 표시한 거리 변경 스텝 완료"", ""physical"": ""리치·키·속도·피로에 따라 창이 달라짐""}",outside → outside,centerline aligned → centerline aligned,시간 비용; 상대가 계속 치면 완료 불가,neutral phases and guard only when window secured,상황 의존적 / 성공률 미측정,biomechanical inference,"[""S06""]",기초 동작 또는 물리 원리의 근거; 이 전체 연쇄의 직접 검증 아님,N23,"[""startup"", ""extension / displacement"", ""impact attempt / evade"", ""recovery pending""]",미확정: 다음 방어·타이밍 분기에 따름,,
E0324,N24_S0,N24_S1,SHOVEL,A,attack / continuation,"{""distance"": ""pocket"", ""timing"": ""팔꿈치 바깥과 중앙 사이 합법 보디 사선 / 같은 손 재사용은 회수·지지면 확보가 전제"", ""stance"": ""OO"", ""foot_position"": ""neutral"", ""ring_position"": ""center"", ""positional_requirement"": ""머리·표적·손·지지면의 실제 경로가 겹치는지 확인; 진입 필요 시 표시한 거리 변경 스텝 완료"", ""physical"": ""리치·키·속도·피로에 따라 창이 달라짐""}",pocket → pocket,centerline aligned → centerline aligned,각도·높이 틀리면 팔꿈치에 막힘,사선 회전; 보디·머리 표적 분기,상황 의존적 / 성공률 미측정,biomechanical inference,"[""S03""]",기초 동작 또는 물리 원리의 근거; 이 전체 연쇄의 직접 검증 아님,N24,"[""startup"", ""extension / displacement"", ""impact attempt / evade"", ""recovery pending""]",미확정: 다음 방어·타이밍 분기에 따름,,
E0325,N24_S1,N24_S2,ELBOW,B,defensive response,"{""distance"": ""pocket"", ""timing"": ""몸통 회전·팔꿈치로 사선 차단 / 같은 손 재사용은 회수·지지면 확보가 전제"", ""stance"": ""OO"", ""foot_position"": ""neutral"", ""ring_position"": ""center"", ""positional_requirement"": ""머리·표적·손·지지면의 실제 경로가 겹치는지 확인; 진입 필요 시 표시한 거리 변경 스텝 완료"", ""physical"": ""리치·키·속도·피로에 따라 창이 달라짐""}",pocket → pocket,centerline aligned → centerline aligned,같은 쪽 머리 가드가 실제로 내려가면 head opening,guard elbow-tucked; 머리 가드 하강은 별도 분기,상황 의존적 / 성공률 미측정,coaching consensus,"[""S01"", ""S16""]",기초 관계의 복수 코칭 근거,N24,"[""startup"", ""extension / displacement"", ""impact attempt / evade"", ""recovery pending""]",미확정: 다음 방어·타이밍 분기에 따름,,
E0326,N24_S2,N24_S3,LU,A,attack / continuation,"{""distance"": ""pocket"", ""timing"": ""B가 팔을 아래로 옮겨 중앙 머리 통로가 실제 열릴 때 / 같은 손 재사용은 회수·지지면 확보가 전제"", ""stance"": ""OO"", ""foot_position"": ""neutral"", ""ring_position"": ""center"", ""positional_requirement"": ""머리·표적·손·지지면의 실제 경로가 겹치는지 확인; 진입 필요 시 표시한 거리 변경 스텝 완료"", ""physical"": ""리치·키·속도·피로에 따라 창이 달라짐""}",pocket → pocket,centerline aligned → centerline aligned,먼 거리에서 뜨는 궤적·앞손 가드 이탈,lead arm recovery; 상승·회전 운동,상황 의존적 / 성공률 미측정,biomechanical inference,"[""S03""]",기초 동작 또는 물리 원리의 근거; 이 전체 연쇄의 직접 검증 아님,N24,"[""startup"", ""extension / displacement"", ""impact attempt / evade"", ""recovery pending""]",미확정: 다음 방어·타이밍 분기에 따름,,
E0327,N24_S3,N24_S4,SOUT,B,defensive response,"{""distance"": ""pocket"", ""timing"": ""짧은 상승 통로의 옆으로 / 같은 손 재사용은 회수·지지면 확보가 전제"", ""stance"": ""OO"", ""foot_position"": ""neutral"", ""ring_position"": ""center"", ""positional_requirement"": ""머리·표적·손·지지면의 실제 경로가 겹치는지 확인; 진입 필요 시 표시한 거리 변경 스텝 완료"", ""physical"": ""리치·키·속도·피로에 따라 창이 달라짐""}",pocket → pocket,centerline aligned → head off punching line; body angle not automatic,다음 펀치 재조준·훅·균형 손실,head outside incoming punch; 발각도 자동 우위 아님,상황 의존적 / 성공률 미측정,coaching consensus,"[""S02"", ""S07"", ""S16""]",기초 관계의 복수 코칭 근거,N24,"[""startup"", ""extension / displacement"", ""impact attempt / evade"", ""recovery pending""]",미확정: 다음 방어·타이밍 분기에 따름,,
E0328,N24_S4,N24_S5,CH,B,counter,"{""distance"": ""pocket"", ""timing"": ""A 앞손 회수 전 머리 측면 / 같은 손 재사용은 회수·지지면 확보가 전제"", ""stance"": ""OO"", ""foot_position"": ""neutral"", ""ring_position"": ""center"", ""positional_requirement"": ""머리·표적·손·지지면의 실제 경로가 겹치는지 확인; 진입 필요 시 표시한 거리 변경 스텝 완료"", ""physical"": ""리치·키·속도·피로에 따라 창이 달라짐""}",pocket → pocket,head off punching line; body angle not automatic → head off punching line; body angle not automatic,"짧은 사거리, 반대 손 카운터",lead recovery; 회전 momentum,상황 의존적 / 성공률 미측정,biomechanical inference,"[""S03"", ""S16""]",기초 동작 또는 물리 원리의 근거; 이 전체 연쇄의 직접 검증 아님,N24,"[""startup"", ""extension / displacement"", ""impact attempt / evade"", ""recovery pending""]",미확정: 다음 방어·타이밍 분기에 따름,,
E0329,N24_S5,N24_S6,ROLL,A,defensive response,"{""distance"": ""pocket"", ""timing"": ""높은 훅 아래 옆 이동 / 같은 손 재사용은 회수·지지면 확보가 전제"", ""stance"": ""OO"", ""foot_position"": ""neutral"", ""ring_position"": ""center"", ""positional_requirement"": ""머리·표적·손·지지면의 실제 경로가 겹치는지 확인; 진입 필요 시 표시한 거리 변경 스텝 완료"", ""physical"": ""리치·키·속도·피로에 따라 창이 달라짐""}",pocket → pocket,head off punching line; body angle not automatic → head off punching line; body angle not automatic,반복 경로·허리 굽힘·다음 낮은 공격,low→side head; 회전·하중은 출구 의존,상황 의존적 / 성공률 미측정,coaching consensus,"[""S01"", ""S08"", ""S16""]",기초 관계의 복수 코칭 근거,N24,"[""startup"", ""extension / displacement"", ""impact attempt / evade"", ""recovery pending""]",미확정: 다음 방어·타이밍 분기에 따름,,
E0330,N24_S6,N24_S7,CB,A,counter,"{""distance"": ""pocket"", ""timing"": ""롤 출구에서 보디 도달 / 같은 손 재사용은 회수·지지면 확보가 전제"", ""stance"": ""OO"", ""foot_position"": ""neutral"", ""ring_position"": ""center"", ""positional_requirement"": ""머리·표적·손·지지면의 실제 경로가 겹치는지 확인; 진입 필요 시 표시한 거리 변경 스텝 완료"", ""physical"": ""리치·키·속도·피로에 따라 창이 달라짐""}",pocket → pocket,head off punching line; body angle not automatic → head off punching line; body angle not automatic,머리를 맞교환 라인에 두면 위험,low head 선택; 공격팔 회수,상황 의존적 / 성공률 미측정,biomechanical inference,"[""S16"", ""S10""]",기초 동작 또는 물리 원리의 근거; 이 전체 연쇄의 직접 검증 아님,N24,"[""startup"", ""extension / displacement"", ""impact attempt / evade"", ""recovery pending""]",미확정: 다음 방어·타이밍 분기에 따름,,
E0331,N24_S7,N24_S8,EXIT,B,range transition / angle creation,"{""distance"": ""pocket"", ""timing"": ""가드를 복구하며 옆으로 / 같은 손 재사용은 회수·지지면 확보가 전제"", ""stance"": ""OO"", ""foot_position"": ""neutral"", ""ring_position"": ""center"", ""positional_requirement"": ""머리·표적·손·지지면의 실제 경로가 겹치는지 확인; 진입 필요 시 표시한 거리 변경 스텝 완료"", ""physical"": ""리치·키·속도·피로에 따라 창이 달라짐""}",pocket → pocket,head off punching line; body angle not automatic → off-line candidate; opponent may reorient,상대 훅·링 커팅·뒤돌기 금지,angle changes then guard/range reset,상황 의존적 / 성공률 미측정,biomechanical inference,"[""S06""]",기초 동작 또는 물리 원리의 근거; 이 전체 연쇄의 직접 검증 아님,N24,"[""startup"", ""extension / displacement"", ""impact attempt / evade"", ""recovery pending""]",미확정: 다음 방어·타이밍 분기에 따름,,
E0332,N24_S8,N24_S9,RESET,A,range transition / angle creation,"{""distance"": ""pocket"", ""timing"": ""짧은 교환을 종료 / 같은 손 재사용은 회수·지지면 확보가 전제"", ""stance"": ""OO"", ""foot_position"": ""angle candidate"", ""ring_position"": ""center"", ""positional_requirement"": ""머리·표적·손·지지면의 실제 경로가 겹치는지 확인; 진입 필요 시 표시한 거리 변경 스텝 완료"", ""physical"": ""리치·키·속도·피로에 따라 창이 달라짐""}",pocket → pocket,off-line candidate; opponent may reorient → centerline aligned,시간 비용; 상대가 계속 치면 완료 불가,neutral phases and guard only when window secured,상황 의존적 / 성공률 미측정,biomechanical inference,"[""S06""]",기초 동작 또는 물리 원리의 근거; 이 전체 연쇄의 직접 검증 아님,N24,"[""startup"", ""extension / displacement"", ""impact attempt / evade"", ""recovery pending""]",미확정: 다음 방어·타이밍 분기에 따름,,
E0333,N25_S0,N25_S1,JAB,A,attack / continuation,"{""distance"": ""long"", ""timing"": ""롱 레인지의 앞손 startup / 같은 손 재사용은 회수·지지면 확보가 전제"", ""stance"": ""OO"", ""foot_position"": ""neutral"", ""ring_position"": ""center"", ""positional_requirement"": ""머리·표적·손·지지면의 실제 경로가 겹치는지 확인; 진입 필요 시 표시한 거리 변경 스텝 완료"", ""physical"": ""리치·키·속도·피로에 따라 창이 달라짐""}",long → long,centerline aligned → centerline aligned,앞손 복귀 동안 같은 쪽 가드가 비며 단조로운 타이밍을 읽힐 수 있음,앞손 extension/recovery; 머리는 설계에 따라 center 또는 off-line,상황 의존적 / 성공률 미측정,biomechanical inference,"[""S01"", ""S02""]",기초 동작 또는 물리 원리의 근거; 이 전체 연쇄의 직접 검증 아님,N25,"[""startup"", ""extension / displacement"", ""impact attempt / evade"", ""recovery pending""]",미확정: 다음 방어·타이밍 분기에 따름,,
E0334,N25_S1,N25_S2,SPLIT,B,counter,"{""distance"": ""long"", ""timing"": ""머리를 A 잽 궤도 밖으로 두며 짧은 직선을 동시에 겹침 / 같은 손 재사용은 회수·지지면 확보가 전제"", ""stance"": ""OO"", ""foot_position"": ""neutral"", ""ring_position"": ""center"", ""positional_requirement"": ""머리·표적·손·지지면의 실제 경로가 겹치는지 확인; 진입 필요 시 표시한 거리 변경 스텝 완료"", ""physical"": ""리치·키·속도·피로에 따라 창이 달라짐""}",long → mid,centerline aligned → centerline aligned,교환 위험; 같은 이름에 여러 궤적 존재,head off-line; range 감소 가능,상황 의존적 / 성공률 미측정,biomechanical inference,"[""S01"", ""S07""]",기초 동작 또는 물리 원리의 근거; 이 전체 연쇄의 직접 검증 아님,N25,"[""startup"", ""extension / displacement"", ""impact attempt / evade"", ""recovery pending""]",미확정: 다음 방어·타이밍 분기에 따름,,
E0335,N25_S2,N25_S3,PARRY,A,defensive response,"{""distance"": ""mid"", ""timing"": ""B 실제 직선 면을 작게 비킴; A 잽은 중단·회수 필요 / 같은 손 재사용은 회수·지지면 확보가 전제"", ""stance"": ""OO"", ""foot_position"": ""neutral"", ""ring_position"": ""center"", ""positional_requirement"": ""머리·표적·손·지지면의 실제 경로가 겹치는지 확인; 진입 필요 시 표시한 거리 변경 스텝 완료"", ""physical"": ""리치·키·속도·피로에 따라 창이 달라짐""}",mid → mid,centerline aligned → centerline aligned,반복 타이밍과 복귀를 읽힐 수 있음; 자동 빈틈 아님,parry hand slightly displaced; 복귀 가능,상황 의존적 / 성공률 미측정,coaching consensus,"[""S01"", ""S02"", ""S16""]",기초 관계의 복수 코칭 근거,N25,"[""startup"", ""extension / displacement"", ""impact attempt / evade"", ""recovery pending""]",미확정: 다음 방어·타이밍 분기에 따름,,
E0336,N25_S3,N25_S4,LH,A,attack / continuation,"{""distance"": ""mid"", ""timing"": ""앞손 회수 완료 후 중거리 측면 표적 / 같은 손 재사용은 회수·지지면 확보가 전제"", ""stance"": ""OO"", ""foot_position"": ""neutral"", ""ring_position"": ""center"", ""positional_requirement"": ""머리·표적·손·지지면의 실제 경로가 겹치는지 확인; 진입 필요 시 표시한 거리 변경 스텝 완료"", ""physical"": ""리치·키·속도·피로에 따라 창이 달라짐""}",mid → mid,centerline aligned → centerline aligned,넓게 돌면 직선 인터셉트와 반대 훅에 노출,lead arm recovery; 반대 회전 또는 피벗 준비 가능,상황 의존적 / 성공률 미측정,biomechanical inference,"[""S03""]",기초 동작 또는 물리 원리의 근거; 이 전체 연쇄의 직접 검증 아님,N25,"[""startup"", ""extension / displacement"", ""impact attempt / evade"", ""recovery pending""]",미확정: 다음 방어·타이밍 분기에 따름,,
E0337,N25_S4,N25_S5,ROLL,B,defensive response,"{""distance"": ""mid"", ""timing"": ""높은 훅 아래 옆 이동 / 같은 손 재사용은 회수·지지면 확보가 전제"", ""stance"": ""OO"", ""foot_position"": ""neutral"", ""ring_position"": ""center"", ""positional_requirement"": ""머리·표적·손·지지면의 실제 경로가 겹치는지 확인; 진입 필요 시 표시한 거리 변경 스텝 완료"", ""physical"": ""리치·키·속도·피로에 따라 창이 달라짐""}",mid → mid,centerline aligned → centerline aligned,반복 경로·허리 굽힘·다음 낮은 공격,low→side head; 회전·하중은 출구 의존,상황 의존적 / 성공률 미측정,coaching consensus,"[""S01"", ""S08"", ""S16""]",기초 관계의 복수 코칭 근거,N25,"[""startup"", ""extension / displacement"", ""impact attempt / evade"", ""recovery pending""]",미확정: 다음 방어·타이밍 분기에 따름,,
E0338,N25_S5,N25_S6,CB,B,counter,"{""distance"": ""mid"", ""timing"": ""A 훅 회수 전에 합법 보디 도달 / 같은 손 재사용은 회수·지지면 확보가 전제"", ""stance"": ""OO"", ""foot_position"": ""neutral"", ""ring_position"": ""center"", ""positional_requirement"": ""머리·표적·손·지지면의 실제 경로가 겹치는지 확인; 진입 필요 시 표시한 거리 변경 스텝 완료"", ""physical"": ""리치·키·속도·피로에 따라 창이 달라짐""}",mid → mid,centerline aligned → centerline aligned,머리를 맞교환 라인에 두면 위험,low head 선택; 공격팔 회수,상황 의존적 / 성공률 미측정,biomechanical inference,"[""S16"", ""S10""]",기초 동작 또는 물리 원리의 근거; 이 전체 연쇄의 직접 검증 아님,N25,"[""startup"", ""extension / displacement"", ""impact attempt / evade"", ""recovery pending""]",미확정: 다음 방어·타이밍 분기에 따름,,
E0339,N25_S6,N25_S7,ELBOW,A,defensive response,"{""distance"": ""mid"", ""timing"": ""보디 면 차단 / 같은 손 재사용은 회수·지지면 확보가 전제"", ""stance"": ""OO"", ""foot_position"": ""neutral"", ""ring_position"": ""center"", ""positional_requirement"": ""머리·표적·손·지지면의 실제 경로가 겹치는지 확인; 진입 필요 시 표시한 거리 변경 스텝 완료"", ""physical"": ""리치·키·속도·피로에 따라 창이 달라짐""}",mid → mid,centerline aligned → centerline aligned,같은 쪽 머리 가드가 실제로 내려가면 head opening,guard elbow-tucked; 머리 가드 하강은 별도 분기,상황 의존적 / 성공률 미측정,coaching consensus,"[""S01"", ""S16""]",기초 관계의 복수 코칭 근거,N25,"[""startup"", ""extension / displacement"", ""impact attempt / evade"", ""recovery pending""]",미확정: 다음 방어·타이밍 분기에 따름,,
E0340,N25_S7,N25_S8,EXIT,A,range transition / angle creation,"{""distance"": ""mid"", ""timing"": ""가드 복귀하며 옆 탈출 / 같은 손 재사용은 회수·지지면 확보가 전제"", ""stance"": ""OO"", ""foot_position"": ""neutral"", ""ring_position"": ""center"", ""positional_requirement"": ""머리·표적·손·지지면의 실제 경로가 겹치는지 확인; 진입 필요 시 표시한 거리 변경 스텝 완료"", ""physical"": ""리치·키·속도·피로에 따라 창이 달라짐""}",mid → mid,centerline aligned → off-line candidate; opponent may reorient,상대 훅·링 커팅·뒤돌기 금지,angle changes then guard/range reset,상황 의존적 / 성공률 미측정,biomechanical inference,"[""S06""]",기초 동작 또는 물리 원리의 근거; 이 전체 연쇄의 직접 검증 아님,N25,"[""startup"", ""extension / displacement"", ""impact attempt / evade"", ""recovery pending""]",미확정: 다음 방어·타이밍 분기에 따름,,
E0341,N25_S8,N25_S9,RESET,B,range transition / angle creation,"{""distance"": ""mid"", ""timing"": ""각도·거리 재설정 / 같은 손 재사용은 회수·지지면 확보가 전제"", ""stance"": ""OO"", ""foot_position"": ""angle candidate"", ""ring_position"": ""center"", ""positional_requirement"": ""머리·표적·손·지지면의 실제 경로가 겹치는지 확인; 진입 필요 시 표시한 거리 변경 스텝 완료"", ""physical"": ""리치·키·속도·피로에 따라 창이 달라짐""}",mid → mid,off-line candidate; opponent may reorient → centerline aligned,시간 비용; 상대가 계속 치면 완료 불가,neutral phases and guard only when window secured,상황 의존적 / 성공률 미측정,biomechanical inference,"[""S06""]",기초 동작 또는 물리 원리의 근거; 이 전체 연쇄의 직접 검증 아님,N25,"[""startup"", ""extension / displacement"", ""impact attempt / evade"", ""recovery pending""]",미확정: 다음 방어·타이밍 분기에 따름,,
E0342,N25_S0,N25_S10,JF,A,feint response / setup,"{""distance"": ""long"", ""timing"": ""동시 반격을 자주 택하는 B에 잽 준비 단서 / 같은 손 재사용은 회수·지지면 확보가 전제"", ""stance"": ""OO"", ""foot_position"": ""neutral"", ""ring_position"": ""center"", ""positional_requirement"": ""머리·표적·손·지지면의 실제 경로가 겹치는지 확인; 진입 필요 시 표시한 거리 변경 스텝 완료"", ""physical"": ""리치·키·속도·피로에 따라 창이 달라짐""}",long → long,centerline aligned → centerline aligned,반응 없음·실제 카운터·타이밍 비용,belief update; 상대 반응은 분기,상황 의존적 / 성공률 미측정,coaching consensus,"[""S01"", ""S14"", ""S05""]",기초 관계의 복수 코칭 근거,N25,"[""startup"", ""extension / displacement"", ""impact attempt / evade"", ""recovery pending""]",미확정: 다음 방어·타이밍 분기에 따름,,
E0343,N25_S10,N25_S11,SPLIT,B,counter,"{""distance"": ""long"", ""timing"": ""B가 실공격으로 오인하고 직선 진입 / 같은 손 재사용은 회수·지지면 확보가 전제"", ""stance"": ""OO"", ""foot_position"": ""neutral"", ""ring_position"": ""center"", ""positional_requirement"": ""머리·표적·손·지지면의 실제 경로가 겹치는지 확인; 진입 필요 시 표시한 거리 변경 스텝 완료"", ""physical"": ""리치·키·속도·피로에 따라 창이 달라짐""}",long → mid,centerline aligned → centerline aligned,교환 위험; 같은 이름에 여러 궤적 존재,head off-line; range 감소 가능,상황 의존적 / 성공률 미측정,biomechanical inference,"[""S01"", ""S07""]",기초 동작 또는 물리 원리의 근거; 이 전체 연쇄의 직접 검증 아님,N25,"[""startup"", ""extension / displacement"", ""impact attempt / evade"", ""recovery pending""]",미확정: 다음 방어·타이밍 분기에 따름,,
E0344,N25_S11,N25_S12,SOUT,A,defensive response,"{""distance"": ""mid"", ""timing"": ""B 진입 직선 궤도 밖으로 작은 머리 이동 / 같은 손 재사용은 회수·지지면 확보가 전제"", ""stance"": ""OO"", ""foot_position"": ""neutral"", ""ring_position"": ""center"", ""positional_requirement"": ""머리·표적·손·지지면의 실제 경로가 겹치는지 확인; 진입 필요 시 표시한 거리 변경 스텝 완료"", ""physical"": ""리치·키·속도·피로에 따라 창이 달라짐""}",mid → mid,centerline aligned → head off punching line; body angle not automatic,다음 펀치 재조준·훅·균형 손실,head outside incoming punch; 발각도 자동 우위 아님,상황 의존적 / 성공률 미측정,coaching consensus,"[""S02"", ""S07"", ""S16""]",기초 관계의 복수 코칭 근거,N25,"[""startup"", ""extension / displacement"", ""impact attempt / evade"", ""recovery pending""]",미확정: 다음 방어·타이밍 분기에 따름,,
E0345,N25_S12,N25_S13,CH,A,counter,"{""distance"": ""mid"", ""timing"": ""B 앞손 또는 뒷손 회수 창에 측면 도달 / 같은 손 재사용은 회수·지지면 확보가 전제"", ""stance"": ""OO"", ""foot_position"": ""neutral"", ""ring_position"": ""center"", ""positional_requirement"": ""머리·표적·손·지지면의 실제 경로가 겹치는지 확인; 진입 필요 시 표시한 거리 변경 스텝 완료"", ""physical"": ""리치·키·속도·피로에 따라 창이 달라짐""}",mid → mid,head off punching line; body angle not automatic → head off punching line; body angle not automatic,"짧은 사거리, 반대 손 카운터",lead recovery; 회전 momentum,상황 의존적 / 성공률 미측정,biomechanical inference,"[""S03"", ""S16""]",기초 동작 또는 물리 원리의 근거; 이 전체 연쇄의 직접 검증 아님,N25,"[""startup"", ""extension / displacement"", ""impact attempt / evade"", ""recovery pending""]",미확정: 다음 방어·타이밍 분기에 따름,,
E0346,N25_S13,N25_S14,BLOCK,B,defensive response,"{""distance"": ""mid"", ""timing"": ""B가 진입 균형을 유지해 측면 가드 회복 / 같은 손 재사용은 회수·지지면 확보가 전제"", ""stance"": ""OO"", ""foot_position"": ""neutral"", ""ring_position"": ""center"", ""positional_requirement"": ""머리·표적·손·지지면의 실제 경로가 겹치는지 확인; 진입 필요 시 표시한 거리 변경 스텝 완료"", ""physical"": ""리치·키·속도·피로에 따라 창이 달라짐""}",mid → mid,head off punching line; body angle not automatic → head off punching line; body angle not automatic,충격·다른 표적 열림·고정 방어 읽힘,지정 표적 cover; 반대 표적은 조건부 공백,상황 의존적 / 성공률 미측정,biomechanical inference,"[""S01"", ""S02""]",기초 동작 또는 물리 원리의 근거; 이 전체 연쇄의 직접 검증 아님,N25,"[""startup"", ""extension / displacement"", ""impact attempt / evade"", ""recovery pending""]",미확정: 다음 방어·타이밍 분기에 따름,,
E0347,N25_S14,N25_S15,EXIT,B,range transition / angle creation,"{""distance"": ""mid"", ""timing"": ""반격 없이 각도 탈출 / 같은 손 재사용은 회수·지지면 확보가 전제"", ""stance"": ""OO"", ""foot_position"": ""neutral"", ""ring_position"": ""center"", ""positional_requirement"": ""머리·표적·손·지지면의 실제 경로가 겹치는지 확인; 진입 필요 시 표시한 거리 변경 스텝 완료"", ""physical"": ""리치·키·속도·피로에 따라 창이 달라짐""}",mid → mid,head off punching line; body angle not automatic → off-line candidate; opponent may reorient,상대 훅·링 커팅·뒤돌기 금지,angle changes then guard/range reset,상황 의존적 / 성공률 미측정,biomechanical inference,"[""S06""]",기초 동작 또는 물리 원리의 근거; 이 전체 연쇄의 직접 검증 아님,N25,"[""startup"", ""extension / displacement"", ""impact attempt / evade"", ""recovery pending""]",미확정: 다음 방어·타이밍 분기에 따름,,
E0348,N25_S15,N25_S16,RESET,A,range transition / angle creation,"{""distance"": ""mid"", ""timing"": ""새 교환 전 재정렬 / 같은 손 재사용은 회수·지지면 확보가 전제"", ""stance"": ""OO"", ""foot_position"": ""angle candidate"", ""ring_position"": ""center"", ""positional_requirement"": ""머리·표적·손·지지면의 실제 경로가 겹치는지 확인; 진입 필요 시 표시한 거리 변경 스텝 완료"", ""physical"": ""리치·키·속도·피로에 따라 창이 달라짐""}",mid → mid,off-line candidate; opponent may reorient → centerline aligned,시간 비용; 상대가 계속 치면 완료 불가,neutral phases and guard only when window secured,상황 의존적 / 성공률 미측정,biomechanical inference,"[""S06""]",기초 동작 또는 물리 원리의 근거; 이 전체 연쇄의 직접 검증 아님,N25,"[""startup"", ""extension / displacement"", ""impact attempt / evade"", ""recovery pending""]",미확정: 다음 방어·타이밍 분기에 따름,,
E0349,N26_S0,N26_S1,JAB,A,attack / continuation,"{""distance"": ""long"", ""timing"": ""B 끝거리 머리 잽 / 같은 손 재사용은 회수·지지면 확보가 전제"", ""stance"": ""OO"", ""foot_position"": ""neutral"", ""ring_position"": ""center"", ""positional_requirement"": ""머리·표적·손·지지면의 실제 경로가 겹치는지 확인; 진입 필요 시 표시한 거리 변경 스텝 완료"", ""physical"": ""리치·키·속도·피로에 따라 창이 달라짐""}",long → long,centerline aligned → centerline aligned,앞손 복귀 동안 같은 쪽 가드가 비며 단조로운 타이밍을 읽힐 수 있음,앞손 extension/recovery; 머리는 설계에 따라 center 또는 off-line,상황 의존적 / 성공률 미측정,biomechanical inference,"[""S01"", ""S02""]",기초 동작 또는 물리 원리의 근거; 이 전체 연쇄의 직접 검증 아님,N26,"[""startup"", ""extension / displacement"", ""impact attempt / evade"", ""recovery pending""]",미확정: 다음 방어·타이밍 분기에 따름,,
E0350,N26_S1,N26_S2,SWAY,B,defensive response,"{""distance"": ""long"", ""timing"": ""작은 풀보다 큰 상체 후퇴; 지지면 여유 필요 / 같은 손 재사용은 회수·지지면 확보가 전제"", ""stance"": ""OO"", ""foot_position"": ""neutral"", ""ring_position"": ""center"", ""positional_requirement"": ""머리·표적·손·지지면의 실제 경로가 겹치는지 확인; 진입 필요 시 표시한 거리 변경 스텝 완료"", ""physical"": ""리치·키·속도·피로에 따라 창이 달라짐""}",long → long,centerline aligned → centerline aligned,지지면 밖 중심·느린 전진 복귀·보디 노출,rearward; balance conditional; 큰 운동거리,상황 의존적 / 성공률 미측정,biomechanical inference,"[""S01""]",기초 동작 또는 물리 원리의 근거; 이 전체 연쇄의 직접 검증 아님,N26,"[""startup"", ""extension / displacement"", ""impact attempt / evade"", ""recovery pending""]",미확정: 다음 방어·타이밍 분기에 따름,,
E0351,N26_S2,N26_S3,LEVEL,A,feint response / setup,"{""distance"": ""long"", ""timing"": ""B 머리를 추격하지 않고 무릎으로 보디 높이 준비 / 같은 손 재사용은 회수·지지면 확보가 전제"", ""stance"": ""OO"", ""foot_position"": ""neutral"", ""ring_position"": ""center"", ""positional_requirement"": ""머리·표적·손·지지면의 실제 경로가 겹치는지 확인; 진입 필요 시 표시한 거리 변경 스텝 완료"", ""physical"": ""리치·키·속도·피로에 따라 창이 달라짐""}",long → long,centerline aligned → centerline aligned,시야·앞발 하중·상승 공격 위험,head low; weight variant-dependent,상황 의존적 / 성공률 미측정,biomechanical inference,"[""S10""]",기초 동작 또는 물리 원리의 근거; 이 전체 연쇄의 직접 검증 아님,N26,"[""startup"", ""extension / displacement"", ""impact attempt / evade"", ""recovery pending""]",미확정: 다음 방어·타이밍 분기에 따름,,
E0352,N26_S3,N26_S4,BJAB,A,attack / continuation,"{""distance"": ""long"", ""timing"": ""A 지지면 유지·B 몸통의 실제 사거리 / 같은 손 재사용은 회수·지지면 확보가 전제"", ""stance"": ""OO"", ""foot_position"": ""neutral"", ""ring_position"": ""center"", ""positional_requirement"": ""머리·표적·손·지지면의 실제 경로가 겹치는지 확인; 진입 필요 시 표시한 거리 변경 스텝 완료"", ""physical"": ""리치·키·속도·피로에 따라 창이 달라짐""}",long → long,centerline aligned → centerline aligned,머리가 전방 low에 머물면 위쪽 카운터에 접근,low head; 앞손 회수; 보디 표적 라인,상황 의존적 / 성공률 미측정,biomechanical inference,"[""S01"", ""S10""]",기초 동작 또는 물리 원리의 근거; 이 전체 연쇄의 직접 검증 아님,N26,"[""startup"", ""extension / displacement"", ""impact attempt / evade"", ""recovery pending""]",미확정: 다음 방어·타이밍 분기에 따름,,
E0353,N26_S4,N26_S5,BACK,B,range transition / angle creation,"{""distance"": ""long"", ""timing"": ""더 기울이기 대신 발 후퇴로 몸통도 이동 / 같은 손 재사용은 회수·지지면 확보가 전제"", ""stance"": ""OO"", ""foot_position"": ""neutral"", ""ring_position"": ""center"", ""positional_requirement"": ""머리·표적·손·지지면의 실제 경로가 겹치는지 확인; 진입 필요 시 표시한 거리 변경 스텝 완료"", ""physical"": ""리치·키·속도·피로에 따라 창이 달라짐""}",long → long,centerline aligned → centerline aligned,추격·로프·전진 반격에 새 스텝 필요,range 증가; rear space 소비,상황 의존적 / 성공률 미측정,biomechanical inference,"[""S01"", ""S06""]",기초 동작 또는 물리 원리의 근거; 이 전체 연쇄의 직접 검증 아님,N26,"[""startup"", ""extension / displacement"", ""impact attempt / evade"", ""recovery pending""]",미확정: 다음 방어·타이밍 분기에 따름,,
E0354,N26_S5,N26_S6,CJ,B,counter,"{""distance"": ""long"", ""timing"": ""A 낮은 머리 복귀 창과 사거리 / 같은 손 재사용은 회수·지지면 확보가 전제"", ""stance"": ""OO"", ""foot_position"": ""neutral"", ""ring_position"": ""center"", ""positional_requirement"": ""머리·표적·손·지지면의 실제 경로가 겹치는지 확인; 진입 필요 시 표시한 거리 변경 스텝 완료"", ""physical"": ""리치·키·속도·피로에 따라 창이 달라짐""}",long → long,centerline aligned → centerline aligned,상대의 두 번째 공격에 다시 읽힘,lead extension/recovery; 즉시 방어 필요,상황 의존적 / 성공률 미측정,biomechanical inference,"[""S11"", ""S16""]",기초 동작 또는 물리 원리의 근거; 이 전체 연쇄의 직접 검증 아님,N26,"[""startup"", ""extension / displacement"", ""impact attempt / evade"", ""recovery pending""]",미확정: 다음 방어·타이밍 분기에 따름,,
E0355,N26_S6,N26_S7,SSTEP,A,defensive response,"{""distance"": ""long"", ""timing"": ""B 직선 바깥으로 머리·발 위치 이동 / 같은 손 재사용은 회수·지지면 확보가 전제"", ""stance"": ""OO"", ""foot_position"": ""neutral"", ""ring_position"": ""center"", ""positional_requirement"": ""머리·표적·손·지지면의 실제 경로가 겹치는지 확인; 진입 필요 시 표시한 거리 변경 스텝 완료"", ""physical"": ""리치·키·속도·피로에 따라 창이 달라짐""}",long → mid,centerline aligned → head off punching line; body angle not automatic,스텝 시간·발 충돌·각도 추적 허용,head outside; 상대적 거리·발 위치 변경,상황 의존적 / 성공률 미측정,biomechanical inference,"[""S06"", ""S07""]",기초 동작 또는 물리 원리의 근거; 이 전체 연쇄의 직접 검증 아님,N26,"[""startup"", ""extension / displacement"", ""impact attempt / evade"", ""recovery pending""]",미확정: 다음 방어·타이밍 분기에 따름,,
E0356,N26_S7,N26_S8,CH,A,counter,"{""distance"": ""mid"", ""timing"": ""지지면 회복 뒤 짧은 훅 사거리 / 같은 손 재사용은 회수·지지면 확보가 전제"", ""stance"": ""OO"", ""foot_position"": ""neutral"", ""ring_position"": ""center"", ""positional_requirement"": ""머리·표적·손·지지면의 실제 경로가 겹치는지 확인; 진입 필요 시 표시한 거리 변경 스텝 완료"", ""physical"": ""리치·키·속도·피로에 따라 창이 달라짐""}",mid → mid,head off punching line; body angle not automatic → head off punching line; body angle not automatic,"짧은 사거리, 반대 손 카운터",lead recovery; 회전 momentum,상황 의존적 / 성공률 미측정,biomechanical inference,"[""S03"", ""S16""]",기초 동작 또는 물리 원리의 근거; 이 전체 연쇄의 직접 검증 아님,N26,"[""startup"", ""extension / displacement"", ""impact attempt / evade"", ""recovery pending""]",미확정: 다음 방어·타이밍 분기에 따름,,
E0357,N26_S8,N26_S9,BLOCK,B,defensive response,"{""distance"": ""mid"", ""timing"": ""측면 가드 유지 / 같은 손 재사용은 회수·지지면 확보가 전제"", ""stance"": ""OO"", ""foot_position"": ""neutral"", ""ring_position"": ""center"", ""positional_requirement"": ""머리·표적·손·지지면의 실제 경로가 겹치는지 확인; 진입 필요 시 표시한 거리 변경 스텝 완료"", ""physical"": ""리치·키·속도·피로에 따라 창이 달라짐""}",mid → mid,head off punching line; body angle not automatic → head off punching line; body angle not automatic,충격·다른 표적 열림·고정 방어 읽힘,지정 표적 cover; 반대 표적은 조건부 공백,상황 의존적 / 성공률 미측정,biomechanical inference,"[""S01"", ""S02""]",기초 동작 또는 물리 원리의 근거; 이 전체 연쇄의 직접 검증 아님,N26,"[""startup"", ""extension / displacement"", ""impact attempt / evade"", ""recovery pending""]",미확정: 다음 방어·타이밍 분기에 따름,,
E0358,N26_S9,N26_S10,EXIT,B,range transition / angle creation,"{""distance"": ""mid"", ""timing"": ""옆 퇴로 존재 / 같은 손 재사용은 회수·지지면 확보가 전제"", ""stance"": ""OO"", ""foot_position"": ""neutral"", ""ring_position"": ""center"", ""positional_requirement"": ""머리·표적·손·지지면의 실제 경로가 겹치는지 확인; 진입 필요 시 표시한 거리 변경 스텝 완료"", ""physical"": ""리치·키·속도·피로에 따라 창이 달라짐""}",mid → mid,head off punching line; body angle not automatic → off-line candidate; opponent may reorient,상대 훅·링 커팅·뒤돌기 금지,angle changes then guard/range reset,상황 의존적 / 성공률 미측정,biomechanical inference,"[""S06""]",기초 동작 또는 물리 원리의 근거; 이 전체 연쇄의 직접 검증 아님,N26,"[""startup"", ""extension / displacement"", ""impact attempt / evade"", ""recovery pending""]",미확정: 다음 방어·타이밍 분기에 따름,,
E0359,N26_S10,N26_S11,RESET,A,range transition / angle creation,"{""distance"": ""mid"", ""timing"": ""높이·각도·가드 복구 / 같은 손 재사용은 회수·지지면 확보가 전제"", ""stance"": ""OO"", ""foot_position"": ""angle candidate"", ""ring_position"": ""center"", ""positional_requirement"": ""머리·표적·손·지지면의 실제 경로가 겹치는지 확인; 진입 필요 시 표시한 거리 변경 스텝 완료"", ""physical"": ""리치·키·속도·피로에 따라 창이 달라짐""}",mid → mid,off-line candidate; opponent may reorient → centerline aligned,시간 비용; 상대가 계속 치면 완료 불가,neutral phases and guard only when window secured,상황 의존적 / 성공률 미측정,biomechanical inference,"[""S06""]",기초 동작 또는 물리 원리의 근거; 이 전체 연쇄의 직접 검증 아님,N26,"[""startup"", ""extension / displacement"", ""impact attempt / evade"", ""recovery pending""]",미확정: 다음 방어·타이밍 분기에 따름,,
E0360,N27_S0,N27_S1,PRESS,A,range transition / angle creation,"{""distance"": ""long"", ""timing"": ""B는 near ropes; 뒤 공간이 아직 조금 남음 / 같은 손 재사용은 회수·지지면 확보가 전제"", ""stance"": ""OO"", ""foot_position"": ""neutral"", ""ring_position"": ""near ropes"", ""positional_requirement"": ""머리·표적·손·지지면의 실제 경로가 겹치는지 확인; 진입 필요 시 표시한 거리 변경 스텝 완료"", ""physical"": ""리치·키·속도·피로에 따라 창이 달라짐""}",long → long,centerline aligned → centerline aligned,직선 추격·스텝 중 인터셉트,opponent ring space reduced only if cut succeeds,상황 의존적 / 성공률 미측정,biomechanical inference,"[""S06""]",기초 동작 또는 물리 원리의 근거; 이 전체 연쇄의 직접 검증 아님,N27,"[""startup"", ""extension / displacement"", ""impact attempt / evade"", ""recovery pending""]",미확정: 다음 방어·타이밍 분기에 따름,,
E0361,N27_S1,N27_S2,BACK,B,range transition / angle creation,"{""distance"": ""long"", ""timing"": ""짧은 후퇴는 가능하지만 로프까지 퇴로를 소비 / 같은 손 재사용은 회수·지지면 확보가 전제"", ""stance"": ""OO"", ""foot_position"": ""neutral"", ""ring_position"": ""near ropes"", ""positional_requirement"": ""머리·표적·손·지지면의 실제 경로가 겹치는지 확인; 진입 필요 시 표시한 거리 변경 스텝 완료"", ""physical"": ""리치·키·속도·피로에 따라 창이 달라짐""}",long → long,centerline aligned → centerline aligned,추격·로프·전진 반격에 새 스텝 필요,range 증가; rear space 소비,상황 의존적 / 성공률 미측정,biomechanical inference,"[""S01"", ""S06""]",기초 동작 또는 물리 원리의 근거; 이 전체 연쇄의 직접 검증 아님,N27,"[""startup"", ""extension / displacement"", ""impact attempt / evade"", ""recovery pending""]",미확정: 다음 방어·타이밍 분기에 따름,,
E0362,N27_S2,N27_S3,JAB,A,attack / continuation,"{""distance"": ""long"", ""timing"": ""B 뒤 퇴로가 닫힌 상태의 머리 위협 / 같은 손 재사용은 회수·지지면 확보가 전제"", ""stance"": ""OO"", ""foot_position"": ""neutral"", ""ring_position"": ""ropes"", ""positional_requirement"": ""머리·표적·손·지지면의 실제 경로가 겹치는지 확인; 진입 필요 시 표시한 거리 변경 스텝 완료"", ""physical"": ""리치·키·속도·피로에 따라 창이 달라짐""}",long → long,centerline aligned → centerline aligned,앞손 복귀 동안 같은 쪽 가드가 비며 단조로운 타이밍을 읽힐 수 있음,앞손 extension/recovery; 머리는 설계에 따라 center 또는 off-line,상황 의존적 / 성공률 미측정,biomechanical inference,"[""S01"", ""S02""]",기초 동작 또는 물리 원리의 근거; 이 전체 연쇄의 직접 검증 아님,N27,"[""startup"", ""extension / displacement"", ""impact attempt / evade"", ""recovery pending""]",미확정: 다음 방어·타이밍 분기에 따름,,
E0363,N27_S3,N27_S4,CATCH,B,defensive response,"{""distance"": ""long"", ""timing"": ""뒤로 물러서지 않고 작은 글러브 방어 / 같은 손 재사용은 회수·지지면 확보가 전제"", ""stance"": ""OO"", ""foot_position"": ""neutral"", ""ring_position"": ""ropes"", ""positional_requirement"": ""머리·표적·손·지지면의 실제 경로가 겹치는지 확인; 진입 필요 시 표시한 거리 변경 스텝 완료"", ""physical"": ""리치·키·속도·피로에 따라 창이 달라짐""}",long → long,centerline aligned → centerline aligned,큰 도달·글러브가 얼굴로 밀림·페인트 반응,받는 손 작은 이동; free hand available,상황 의존적 / 성공률 미측정,coaching consensus,"[""S02"", ""S11""]",기초 관계의 복수 코칭 근거,N27,"[""startup"", ""extension / displacement"", ""impact attempt / evade"", ""recovery pending""]",미확정: 다음 방어·타이밍 분기에 따름,,
E0364,N27_S4,N27_S5,CJ,B,counter,"{""distance"": ""long"", ""timing"": ""A 앞손 회수 창의 짧은 반격 / 같은 손 재사용은 회수·지지면 확보가 전제"", ""stance"": ""OO"", ""foot_position"": ""neutral"", ""ring_position"": ""ropes"", ""positional_requirement"": ""머리·표적·손·지지면의 실제 경로가 겹치는지 확인; 진입 필요 시 표시한 거리 변경 스텝 완료"", ""physical"": ""리치·키·속도·피로에 따라 창이 달라짐""}",long → long,centerline aligned → centerline aligned,상대의 두 번째 공격에 다시 읽힘,lead extension/recovery; 즉시 방어 필요,상황 의존적 / 성공률 미측정,biomechanical inference,"[""S11"", ""S16""]",기초 동작 또는 물리 원리의 근거; 이 전체 연쇄의 직접 검증 아님,N27,"[""startup"", ""extension / displacement"", ""impact attempt / evade"", ""recovery pending""]",미확정: 다음 방어·타이밍 분기에 따름,,
E0365,N27_S5,N27_S6,PARRY,A,defensive response,"{""distance"": ""long"", ""timing"": ""실제 잽에 작은 방어 / 같은 손 재사용은 회수·지지면 확보가 전제"", ""stance"": ""OO"", ""foot_position"": ""neutral"", ""ring_position"": ""ropes"", ""positional_requirement"": ""머리·표적·손·지지면의 실제 경로가 겹치는지 확인; 진입 필요 시 표시한 거리 변경 스텝 완료"", ""physical"": ""리치·키·속도·피로에 따라 창이 달라짐""}",long → long,centerline aligned → centerline aligned,반복 타이밍과 복귀를 읽힐 수 있음; 자동 빈틈 아님,parry hand slightly displaced; 복귀 가능,상황 의존적 / 성공률 미측정,coaching consensus,"[""S01"", ""S02"", ""S16""]",기초 관계의 복수 코칭 근거,N27,"[""startup"", ""extension / displacement"", ""impact attempt / evade"", ""recovery pending""]",미확정: 다음 방어·타이밍 분기에 따름,,
E0366,N27_S6,N27_S7,EXIT,B,range transition / angle creation,"{""distance"": ""long"", ""timing"": ""A 패리 중 옆 출구·가드 복구 시간 확보 / 같은 손 재사용은 회수·지지면 확보가 전제"", ""stance"": ""OO"", ""foot_position"": ""neutral"", ""ring_position"": ""ropes"", ""positional_requirement"": ""머리·표적·손·지지면의 실제 경로가 겹치는지 확인; 진입 필요 시 표시한 거리 변경 스텝 완료"", ""physical"": ""리치·키·속도·피로에 따라 창이 달라짐""}",long → long,centerline aligned → off-line candidate; opponent may reorient,상대 훅·링 커팅·뒤돌기 금지,angle changes then guard/range reset,상황 의존적 / 성공률 미측정,biomechanical inference,"[""S06""]",기초 동작 또는 물리 원리의 근거; 이 전체 연쇄의 직접 검증 아님,N27,"[""startup"", ""extension / displacement"", ""impact attempt / evade"", ""recovery pending""]",미확정: 다음 방어·타이밍 분기에 따름,,
E0367,N27_S7,N27_S8,RESET,A,range transition / angle creation,"{""distance"": ""long"", ""timing"": ""B 탈출 뒤 서로 재지향 / 같은 손 재사용은 회수·지지면 확보가 전제"", ""stance"": ""OO"", ""foot_position"": ""angle candidate"", ""ring_position"": ""center"", ""positional_requirement"": ""머리·표적·손·지지면의 실제 경로가 겹치는지 확인; 진입 필요 시 표시한 거리 변경 스텝 완료"", ""physical"": ""리치·키·속도·피로에 따라 창이 달라짐""}",long → long,off-line candidate; opponent may reorient → centerline aligned,시간 비용; 상대가 계속 치면 완료 불가,neutral phases and guard only when window secured,상황 의존적 / 성공률 미측정,biomechanical inference,"[""S06""]",기초 동작 또는 물리 원리의 근거; 이 전체 연쇄의 직접 검증 아님,N27,"[""startup"", ""extension / displacement"", ""impact attempt / evade"", ""recovery pending""]",미확정: 다음 방어·타이밍 분기에 따름,,
E0368,N27_S1,N27_S9,LAT,B,range transition / angle creation,"{""distance"": ""long"", ""timing"": ""로프 도착 전에 옆 출구 선택 / 같은 손 재사용은 회수·지지면 확보가 전제"", ""stance"": ""OO"", ""foot_position"": ""neutral"", ""ring_position"": ""near ropes"", ""positional_requirement"": ""머리·표적·손·지지면의 실제 경로가 겹치는지 확인; 진입 필요 시 표시한 거리 변경 스텝 완료"", ""physical"": ""리치·키·속도·피로에 따라 창이 달라짐""}",long → long,centerline aligned → off-line candidate; opponent may reorient,원형 훅·링 커팅·발 교차,head line과 상대 bearing 변경,상황 의존적 / 성공률 미측정,biomechanical inference,"[""S06""]",기초 동작 또는 물리 원리의 근거; 이 전체 연쇄의 직접 검증 아님,N27,"[""startup"", ""extension / displacement"", ""impact attempt / evade"", ""recovery pending""]",미확정: 다음 방어·타이밍 분기에 따름,,
E0369,N27_S9,N27_S10,LH,A,attack / continuation,"{""distance"": ""long"", ""timing"": ""작은 진입으로 훅 사거리; B 출구 예상이 맞을 때 / 같은 손 재사용은 회수·지지면 확보가 전제"", ""stance"": ""OO"", ""foot_position"": ""angle candidate"", ""ring_position"": ""near ropes"", ""positional_requirement"": ""머리·표적·손·지지면의 실제 경로가 겹치는지 확인; 진입 필요 시 표시한 거리 변경 스텝 완료"", ""physical"": ""리치·키·속도·피로에 따라 창이 달라짐""}",long → mid,off-line candidate; opponent may reorient → off-line candidate; opponent may reorient,넓게 돌면 직선 인터셉트와 반대 훅에 노출,lead arm recovery; 반대 회전 또는 피벗 준비 가능,상황 의존적 / 성공률 미측정,biomechanical inference,"[""S03""]",기초 동작 또는 물리 원리의 근거; 이 전체 연쇄의 직접 검증 아님,N27,"[""startup"", ""extension / displacement"", ""impact attempt / evade"", ""recovery pending""]",미확정: 다음 방어·타이밍 분기에 따름,,
E0370,N27_S10,N27_S11,ROLL,B,defensive response,"{""distance"": ""mid"", ""timing"": ""높은 훅 아래 옆 이동 / 같은 손 재사용은 회수·지지면 확보가 전제"", ""stance"": ""OO"", ""foot_position"": ""angle candidate"", ""ring_position"": ""near ropes"", ""positional_requirement"": ""머리·표적·손·지지면의 실제 경로가 겹치는지 확인; 진입 필요 시 표시한 거리 변경 스텝 완료"", ""physical"": ""리치·키·속도·피로에 따라 창이 달라짐""}",mid → mid,off-line candidate; opponent may reorient → off-line candidate; opponent may reorient,반복 경로·허리 굽힘·다음 낮은 공격,low→side head; 회전·하중은 출구 의존,상황 의존적 / 성공률 미측정,coaching consensus,"[""S01"", ""S08"", ""S16""]",기초 관계의 복수 코칭 근거,N27,"[""startup"", ""extension / displacement"", ""impact attempt / evade"", ""recovery pending""]",미확정: 다음 방어·타이밍 분기에 따름,,
E0371,N27_S11,N27_S12,CH,B,counter,"{""distance"": ""mid"", ""timing"": ""A 훅 회수 중 짧은 반격 / 같은 손 재사용은 회수·지지면 확보가 전제"", ""stance"": ""OO"", ""foot_position"": ""angle candidate"", ""ring_position"": ""near ropes"", ""positional_requirement"": ""머리·표적·손·지지면의 실제 경로가 겹치는지 확인; 진입 필요 시 표시한 거리 변경 스텝 완료"", ""physical"": ""리치·키·속도·피로에 따라 창이 달라짐""}",mid → mid,off-line candidate; opponent may reorient → off-line candidate; opponent may reorient,"짧은 사거리, 반대 손 카운터",lead recovery; 회전 momentum,상황 의존적 / 성공률 미측정,biomechanical inference,"[""S03"", ""S16""]",기초 동작 또는 물리 원리의 근거; 이 전체 연쇄의 직접 검증 아님,N27,"[""startup"", ""extension / displacement"", ""impact attempt / evade"", ""recovery pending""]",미확정: 다음 방어·타이밍 분기에 따름,,
E0372,N27_S12,N27_S13,BLOCK,A,defensive response,"{""distance"": ""mid"", ""timing"": ""측면 가드 회수 / 같은 손 재사용은 회수·지지면 확보가 전제"", ""stance"": ""OO"", ""foot_position"": ""angle candidate"", ""ring_position"": ""near ropes"", ""positional_requirement"": ""머리·표적·손·지지면의 실제 경로가 겹치는지 확인; 진입 필요 시 표시한 거리 변경 스텝 완료"", ""physical"": ""리치·키·속도·피로에 따라 창이 달라짐""}",mid → mid,off-line candidate; opponent may reorient → off-line candidate; opponent may reorient,충격·다른 표적 열림·고정 방어 읽힘,지정 표적 cover; 반대 표적은 조건부 공백,상황 의존적 / 성공률 미측정,biomechanical inference,"[""S01"", ""S02""]",기초 동작 또는 물리 원리의 근거; 이 전체 연쇄의 직접 검증 아님,N27,"[""startup"", ""extension / displacement"", ""impact attempt / evade"", ""recovery pending""]",미확정: 다음 방어·타이밍 분기에 따름,,
E0373,N27_S13,N27_S14,EXIT,B,range transition / angle creation,"{""distance"": ""mid"", ""timing"": ""남은 빈 출구로 중앙 복귀 / 같은 손 재사용은 회수·지지면 확보가 전제"", ""stance"": ""OO"", ""foot_position"": ""angle candidate"", ""ring_position"": ""near ropes"", ""positional_requirement"": ""머리·표적·손·지지면의 실제 경로가 겹치는지 확인; 진입 필요 시 표시한 거리 변경 스텝 완료"", ""physical"": ""리치·키·속도·피로에 따라 창이 달라짐""}",mid → mid,off-line candidate; opponent may reorient → off-line candidate; opponent may reorient,상대 훅·링 커팅·뒤돌기 금지,angle changes then guard/range reset,상황 의존적 / 성공률 미측정,biomechanical inference,"[""S06""]",기초 동작 또는 물리 원리의 근거; 이 전체 연쇄의 직접 검증 아님,N27,"[""startup"", ""extension / displacement"", ""impact attempt / evade"", ""recovery pending""]",미확정: 다음 방어·타이밍 분기에 따름,,
E0374,N27_S14,N27_S15,RESET,A,range transition / angle creation,"{""distance"": ""mid"", ""timing"": ""상대와 재정렬 / 같은 손 재사용은 회수·지지면 확보가 전제"", ""stance"": ""OO"", ""foot_position"": ""angle candidate"", ""ring_position"": ""center"", ""positional_requirement"": ""머리·표적·손·지지면의 실제 경로가 겹치는지 확인; 진입 필요 시 표시한 거리 변경 스텝 완료"", ""physical"": ""리치·키·속도·피로에 따라 창이 달라짐""}",mid → mid,off-line candidate; opponent may reorient → centerline aligned,시간 비용; 상대가 계속 치면 완료 불가,neutral phases and guard only when window secured,상황 의존적 / 성공률 미측정,biomechanical inference,"[""S06""]",기초 동작 또는 물리 원리의 근거; 이 전체 연쇄의 직접 검증 아님,N27,"[""startup"", ""extension / displacement"", ""impact attempt / evade"", ""recovery pending""]",미확정: 다음 방어·타이밍 분기에 따름,,
E0375,N01_S17,N01_S0,RESET,both,escape / reset loop,"{""distance"": ""mid"", ""timing"": ""양쪽이 공격을 보류하고 가드·발·높이를 회복한 경우에만 다음 교환 시작; 즉시 연결 아님"", ""stance"": ""OO"", ""foot_position"": ""neutral"", ""ring_position"": ""center""}",mid → long,합의된 재정렬 창 → 시작 기하,재설정이 상대 계속 공격에 차단되면 연결 사용 불가,같은 주제의 다른 분기 선택,조건부 준비 연결,biomechanical inference,"[""S06""]",,N01,,,True,
E0376,N01_S8,N01_S0,RESET,both,escape / reset loop,"{""distance"": ""long"", ""timing"": ""양쪽이 공격을 보류하고 가드·발·높이를 회복한 경우에만 다음 교환 시작; 즉시 연결 아님"", ""stance"": ""OO"", ""foot_position"": ""neutral"", ""ring_position"": ""center""}",long → long,합의된 재정렬 창 → 시작 기하,재설정이 상대 계속 공격에 차단되면 연결 사용 불가,같은 주제의 다른 분기 선택,조건부 준비 연결,biomechanical inference,"[""S06""]",,N01,,,True,
E0377,N01_S24,N01_S0,RESET,both,escape / reset loop,"{""distance"": ""outside"", ""timing"": ""양쪽이 공격을 보류하고 가드·발·높이를 회복한 경우에만 다음 교환 시작; 즉시 연결 아님"", ""stance"": ""OO"", ""foot_position"": ""neutral"", ""ring_position"": ""center""}",outside → long,합의된 재정렬 창 → 시작 기하,재설정이 상대 계속 공격에 차단되면 연결 사용 불가,같은 주제의 다른 분기 선택,조건부 준비 연결,biomechanical inference,"[""S06""]",,N01,,,True,
E0378,N01_S0,N02_S0,RESET,both,conditional scenario bridge,"{""distance"": ""long"", ""timing"": ""중립 준비 시간에 필요한 거리 스텝·상대 bearing 재설정 완료; 교환 내부 반격 아님"", ""stance"": ""OO"", ""foot_position"": ""neutral"", ""ring_position"": ""center""}",long → long,reorientation completed,준비 중 선제 공격이 들어오면 새 분기를 사용,더블 잽–재조준–인터셉트,조건부 준비 연결,biomechanical inference,"[""S06""]",,N01,,,True,True
E0379,N01_S0,N03_S0,RESET,both,conditional scenario bridge,"{""distance"": ""long"", ""timing"": ""중립 준비 시간에 필요한 거리 스텝·상대 bearing 재설정 완료; 교환 내부 반격 아님"", ""stance"": ""OO"", ""foot_position"": ""neutral"", ""ring_position"": ""center""}",long → long,reorientation completed,준비 중 선제 공격이 들어오면 새 분기를 사용,보디 잽–높이 페인트,조건부 준비 연결,biomechanical inference,"[""S06""]",,N01,,,True,True
E0380,N01_S0,N10_S0,RESET,both,conditional scenario bridge,"{""distance"": ""long"", ""timing"": ""중립 준비 시간에 필요한 거리 스텝·상대 bearing 재설정 완료; 교환 내부 반격 아님"", ""stance"": ""OO"", ""foot_position"": ""neutral"", ""ring_position"": ""center""}",long → mid,reorientation completed,준비 중 선제 공격이 들어오면 새 분기를 사용,하이 가드–혼합 표적–탈출,조건부 준비 연결,biomechanical inference,"[""S06""]",,N01,,,True,True
E0381,N01_S0,N16_S0,RESET,both,conditional scenario bridge,"{""distance"": ""long"", ""timing"": ""중립 준비 시간에 필요한 거리 스텝·상대 bearing 재설정 완료; 교환 내부 반격 아님"", ""stance"": ""OO"", ""foot_position"": ""neutral"", ""ring_position"": ""center""}",long → long,reorientation completed,준비 중 선제 공격이 들어오면 새 분기를 사용,중앙 링: 거리 함정,조건부 준비 연결,biomechanical inference,"[""S06""]",,N01,,,True,True
E0382,N01_S0,N19_S0,RESET,both,conditional scenario bridge,"{""distance"": ""long"", ""timing"": ""중립 준비 시간에 필요한 거리 스텝·상대 bearing 재설정 완료; 교환 내부 반격 아님"", ""stance"": ""OO"", ""foot_position"": ""neutral"", ""ring_position"": ""center""}",long → long,reorientation completed,준비 중 선제 공격이 들어오면 새 분기를 사용,페인트–반격 유도–재카운터,조건부 준비 연결,biomechanical inference,"[""S06""]",,N01,,,True,True
E0383,N01_S0,N21_S0,RESET,both,conditional scenario bridge,"{""distance"": ""long"", ""timing"": ""중립 준비 시간에 필요한 거리 스텝·상대 bearing 재설정 완료; 교환 내부 반격 아님"", ""stance"": ""OO"", ""foot_position"": ""neutral"", ""ring_position"": ""center""}",long → long,reorientation completed,준비 중 선제 공격이 들어오면 새 분기를 사용,스텝 페인트–후퇴–링 커팅,조건부 준비 연결,biomechanical inference,"[""S06""]",,N01,,,True,True
E0384,N01_S0,N22_S0,RESET,both,conditional scenario bridge,"{""distance"": ""long"", ""timing"": ""중립 준비 시간에 필요한 거리 스텝·상대 bearing 재설정 완료; 교환 내부 반격 아님"", ""stance"": ""OO"", ""foot_position"": ""neutral"", ""ring_position"": ""center""}",long → long,reorientation completed,준비 중 선제 공격이 들어오면 새 분기를 사용,리듬·템포–지연 반격,조건부 준비 연결,biomechanical inference,"[""S06""]",,N01,,,True,True
E0385,N01_S0,N25_S0,RESET,both,conditional scenario bridge,"{""distance"": ""long"", ""timing"": ""중립 준비 시간에 필요한 거리 스텝·상대 bearing 재설정 완료; 교환 내부 반격 아님"", ""stance"": ""OO"", ""foot_position"": ""neutral"", ""ring_position"": ""center""}",long → long,reorientation completed,준비 중 선제 공격이 들어오면 새 분기를 사용,스플릿 엔트리: 동시에 치는 방어,조건부 준비 연결,biomechanical inference,"[""S06""]",,N01,,,True,True
E0386,N02_S18,N02_S0,RESET,both,escape / reset loop,"{""distance"": ""long"", ""timing"": ""양쪽이 공격을 보류하고 가드·발·높이를 회복한 경우에만 다음 교환 시작; 즉시 연결 아님"", ""stance"": ""OO"", ""foot_position"": ""neutral"", ""ring_position"": ""center""}",long → long,합의된 재정렬 창 → 시작 기하,재설정이 상대 계속 공격에 차단되면 연결 사용 불가,같은 주제의 다른 분기 선택,조건부 준비 연결,biomechanical inference,"[""S06""]",,N02,,,True,
E0387,N02_S9,N02_S0,RESET,both,escape / reset loop,"{""distance"": ""mid"", ""timing"": ""양쪽이 공격을 보류하고 가드·발·높이를 회복한 경우에만 다음 교환 시작; 즉시 연결 아님"", ""stance"": ""OO"", ""foot_position"": ""neutral"", ""ring_position"": ""center""}",mid → long,합의된 재정렬 창 → 시작 기하,재설정이 상대 계속 공격에 차단되면 연결 사용 불가,같은 주제의 다른 분기 선택,조건부 준비 연결,biomechanical inference,"[""S06""]",,N02,,,True,
E0388,N02_S0,N01_S0,RESET,both,conditional scenario bridge,"{""distance"": ""long"", ""timing"": ""중립 준비 시간에 필요한 거리 스텝·상대 bearing 재설정 완료; 교환 내부 반격 아님"", ""stance"": ""OO"", ""foot_position"": ""neutral"", ""ring_position"": ""center""}",long → long,reorientation completed,준비 중 선제 공격이 들어오면 새 분기를 사용,잽–패리: 작은 방어와 과반응,조건부 준비 연결,biomechanical inference,"[""S06""]",,N02,,,True,True
E0389,N02_S0,N04_S0,RESET,both,conditional scenario bridge,"{""distance"": ""long"", ""timing"": ""중립 준비 시간에 필요한 거리 스텝·상대 bearing 재설정 완료; 교환 내부 반격 아님"", ""stance"": ""OO"", ""foot_position"": ""neutral"", ""ring_position"": ""center""}",long → mid,reorientation completed,준비 중 선제 공격이 들어오면 새 분기를 사용,크로스–슬립–후속 훅,조건부 준비 연결,biomechanical inference,"[""S06""]",,N02,,,True,True
E0390,N02_S0,N05_S0,RESET,both,conditional scenario bridge,"{""distance"": ""long"", ""timing"": ""중립 준비 시간에 필요한 거리 스텝·상대 bearing 재설정 완료; 교환 내부 반격 아님"", ""stance"": ""OO"", ""foot_position"": ""neutral"", ""ring_position"": ""center""}",long → long,reorientation completed,준비 중 선제 공격이 들어오면 새 분기를 사용,풀 카운터–추격–재카운터,조건부 준비 연결,biomechanical inference,"[""S06""]",,N02,,,True,True
E0391,N02_S0,N08_S0,RESET,both,conditional scenario bridge,"{""distance"": ""long"", ""timing"": ""중립 준비 시간에 필요한 거리 스텝·상대 bearing 재설정 완료; 교환 내부 반격 아님"", ""stance"": ""OO"", ""foot_position"": ""neutral"", ""ring_position"": ""center""}",long → pocket,reorientation completed,준비 중 선제 공격이 들어오면 새 분기를 사용,어퍼컷–덕의 반례,조건부 준비 연결,biomechanical inference,"[""S06""]",,N02,,,True,True
E0392,N02_S0,N12_S0,RESET,both,conditional scenario bridge,"{""distance"": ""long"", ""timing"": ""중립 준비 시간에 필요한 거리 스텝·상대 bearing 재설정 완료; 교환 내부 반격 아님"", ""stance"": ""OO"", ""foot_position"": ""neutral"", ""ring_position"": ""center""}",long → long,reorientation completed,준비 중 선제 공격이 들어오면 새 분기를 사용,정지 슬립·스텝 슬립·피벗 슬립,조건부 준비 연결,biomechanical inference,"[""S06""]",,N02,,,True,True
E0393,N02_S0,N25_S0,RESET,both,conditional scenario bridge,"{""distance"": ""long"", ""timing"": ""중립 준비 시간에 필요한 거리 스텝·상대 bearing 재설정 완료; 교환 내부 반격 아님"", ""stance"": ""OO"", ""foot_position"": ""neutral"", ""ring_position"": ""center""}",long → long,reorientation completed,준비 중 선제 공격이 들어오면 새 분기를 사용,스플릿 엔트리: 동시에 치는 방어,조건부 준비 연결,biomechanical inference,"[""S06""]",,N02,,,True,True
E0394,N03_S15,N03_S0,RESET,both,escape / reset loop,"{""distance"": ""mid"", ""timing"": ""양쪽이 공격을 보류하고 가드·발·높이를 회복한 경우에만 다음 교환 시작; 즉시 연결 아님"", ""stance"": ""OO"", ""foot_position"": ""neutral"", ""ring_position"": ""center""}",mid → long,합의된 재정렬 창 → 시작 기하,재설정이 상대 계속 공격에 차단되면 연결 사용 불가,같은 주제의 다른 분기 선택,조건부 준비 연결,biomechanical inference,"[""S06""]",,N03,,,True,
E0395,N03_S7,N03_S0,RESET,both,escape / reset loop,"{""distance"": ""long"", ""timing"": ""양쪽이 공격을 보류하고 가드·발·높이를 회복한 경우에만 다음 교환 시작; 즉시 연결 아님"", ""stance"": ""OO"", ""foot_position"": ""neutral"", ""ring_position"": ""center""}",long → long,합의된 재정렬 창 → 시작 기하,재설정이 상대 계속 공격에 차단되면 연결 사용 불가,같은 주제의 다른 분기 선택,조건부 준비 연결,biomechanical inference,"[""S06""]",,N03,,,True,
E0396,N03_S0,N01_S0,RESET,both,conditional scenario bridge,"{""distance"": ""long"", ""timing"": ""중립 준비 시간에 필요한 거리 스텝·상대 bearing 재설정 완료; 교환 내부 반격 아님"", ""stance"": ""OO"", ""foot_position"": ""neutral"", ""ring_position"": ""center""}",long → long,reorientation completed,준비 중 선제 공격이 들어오면 새 분기를 사용,잽–패리: 작은 방어와 과반응,조건부 준비 연결,biomechanical inference,"[""S06""]",,N03,,,True,True
E0397,N03_S0,N10_S0,RESET,both,conditional scenario bridge,"{""distance"": ""long"", ""timing"": ""중립 준비 시간에 필요한 거리 스텝·상대 bearing 재설정 완료; 교환 내부 반격 아님"", ""stance"": ""OO"", ""foot_position"": ""neutral"", ""ring_position"": ""center""}",long → mid,reorientation completed,준비 중 선제 공격이 들어오면 새 분기를 사용,하이 가드–혼합 표적–탈출,조건부 준비 연결,biomechanical inference,"[""S06""]",,N03,,,True,True
E0398,N03_S0,N21_S0,RESET,both,conditional scenario bridge,"{""distance"": ""long"", ""timing"": ""중립 준비 시간에 필요한 거리 스텝·상대 bearing 재설정 완료; 교환 내부 반격 아님"", ""stance"": ""OO"", ""foot_position"": ""neutral"", ""ring_position"": ""center""}",long → long,reorientation completed,준비 중 선제 공격이 들어오면 새 분기를 사용,스텝 페인트–후퇴–링 커팅,조건부 준비 연결,biomechanical inference,"[""S06""]",,N03,,,True,True
E0399,N04_S17,N04_S0,RESET,both,escape / reset loop,"{""distance"": ""mid"", ""timing"": ""양쪽이 공격을 보류하고 가드·발·높이를 회복한 경우에만 다음 교환 시작; 즉시 연결 아님"", ""stance"": ""OO"", ""foot_position"": ""neutral"", ""ring_position"": ""center""}",mid → mid,합의된 재정렬 창 → 시작 기하,재설정이 상대 계속 공격에 차단되면 연결 사용 불가,같은 주제의 다른 분기 선택,조건부 준비 연결,biomechanical inference,"[""S06""]",,N04,,,True,
E0400,N04_S10,N04_S0,RESET,both,escape / reset loop,"{""distance"": ""long"", ""timing"": ""양쪽이 공격을 보류하고 가드·발·높이를 회복한 경우에만 다음 교환 시작; 즉시 연결 아님"", ""stance"": ""OO"", ""foot_position"": ""neutral"", ""ring_position"": ""center""}",long → mid,합의된 재정렬 창 → 시작 기하,재설정이 상대 계속 공격에 차단되면 연결 사용 불가,같은 주제의 다른 분기 선택,조건부 준비 연결,biomechanical inference,"[""S06""]",,N04,,,True,
E0401,N04_S0,N02_S0,RESET,both,conditional scenario bridge,"{""distance"": ""mid"", ""timing"": ""중립 준비 시간에 필요한 거리 스텝·상대 bearing 재설정 완료; 교환 내부 반격 아님"", ""stance"": ""OO"", ""foot_position"": ""neutral"", ""ring_position"": ""center""}",mid → long,reorientation completed,준비 중 선제 공격이 들어오면 새 분기를 사용,더블 잽–재조준–인터셉트,조건부 준비 연결,biomechanical inference,"[""S06""]",,N04,,,True,True
E0402,N04_S0,N05_S0,RESET,both,conditional scenario bridge,"{""distance"": ""mid"", ""timing"": ""중립 준비 시간에 필요한 거리 스텝·상대 bearing 재설정 완료; 교환 내부 반격 아님"", ""stance"": ""OO"", ""foot_position"": ""neutral"", ""ring_position"": ""center""}",mid → long,reorientation completed,준비 중 선제 공격이 들어오면 새 분기를 사용,풀 카운터–추격–재카운터,조건부 준비 연결,biomechanical inference,"[""S06""]",,N04,,,True,True
E0403,N04_S0,N07_S0,RESET,both,conditional scenario bridge,"{""distance"": ""mid"", ""timing"": ""중립 준비 시간에 필요한 거리 스텝·상대 bearing 재설정 완료; 교환 내부 반격 아님"", ""stance"": ""OO"", ""foot_position"": ""neutral"", ""ring_position"": ""center""}",mid → mid,reorientation completed,준비 중 선제 공격이 들어오면 새 분기를 사용,뒷손 훅–직선 선점,조건부 준비 연결,biomechanical inference,"[""S06""]",,N04,,,True,True
E0404,N04_S0,N08_S0,RESET,both,conditional scenario bridge,"{""distance"": ""mid"", ""timing"": ""중립 준비 시간에 필요한 거리 스텝·상대 bearing 재설정 완료; 교환 내부 반격 아님"", ""stance"": ""OO"", ""foot_position"": ""neutral"", ""ring_position"": ""center""}",mid → pocket,reorientation completed,준비 중 선제 공격이 들어오면 새 분기를 사용,어퍼컷–덕의 반례,조건부 준비 연결,biomechanical inference,"[""S06""]",,N04,,,True,True
E0405,N04_S0,N19_S0,RESET,both,conditional scenario bridge,"{""distance"": ""mid"", ""timing"": ""중립 준비 시간에 필요한 거리 스텝·상대 bearing 재설정 완료; 교환 내부 반격 아님"", ""stance"": ""OO"", ""foot_position"": ""neutral"", ""ring_position"": ""center""}",mid → long,reorientation completed,준비 중 선제 공격이 들어오면 새 분기를 사용,페인트–반격 유도–재카운터,조건부 준비 연결,biomechanical inference,"[""S06""]",,N04,,,True,True
E0406,N04_S0,N22_S0,RESET,both,conditional scenario bridge,"{""distance"": ""mid"", ""timing"": ""중립 준비 시간에 필요한 거리 스텝·상대 bearing 재설정 완료; 교환 내부 반격 아님"", ""stance"": ""OO"", ""foot_position"": ""neutral"", ""ring_position"": ""center""}",mid → long,reorientation completed,준비 중 선제 공격이 들어오면 새 분기를 사용,리듬·템포–지연 반격,조건부 준비 연결,biomechanical inference,"[""S06""]",,N04,,,True,True
E0407,N04_S0,N25_S0,RESET,both,conditional scenario bridge,"{""distance"": ""mid"", ""timing"": ""중립 준비 시간에 필요한 거리 스텝·상대 bearing 재설정 완료; 교환 내부 반격 아님"", ""stance"": ""OO"", ""foot_position"": ""neutral"", ""ring_position"": ""center""}",mid → long,reorientation completed,준비 중 선제 공격이 들어오면 새 분기를 사용,스플릿 엔트리: 동시에 치는 방어,조건부 준비 연결,biomechanical inference,"[""S06""]",,N04,,,True,True
E0408,N05_S16,N05_S0,RESET,both,escape / reset loop,"{""distance"": ""long"", ""timing"": ""양쪽이 공격을 보류하고 가드·발·높이를 회복한 경우에만 다음 교환 시작; 즉시 연결 아님"", ""stance"": ""OO"", ""foot_position"": ""angle candidate"", ""ring_position"": ""center""}",long → long,합의된 재정렬 창 → 시작 기하,재설정이 상대 계속 공격에 차단되면 연결 사용 불가,같은 주제의 다른 분기 선택,조건부 준비 연결,biomechanical inference,"[""S06""]",,N05,,,True,
E0409,N05_S8,N05_S0,RESET,both,escape / reset loop,"{""distance"": ""long"", ""timing"": ""양쪽이 공격을 보류하고 가드·발·높이를 회복한 경우에만 다음 교환 시작; 즉시 연결 아님"", ""stance"": ""OO"", ""foot_position"": ""neutral"", ""ring_position"": ""center""}",long → long,합의된 재정렬 창 → 시작 기하,재설정이 상대 계속 공격에 차단되면 연결 사용 불가,같은 주제의 다른 분기 선택,조건부 준비 연결,biomechanical inference,"[""S06""]",,N05,,,True,
E0410,N05_S0,N02_S0,RESET,both,conditional scenario bridge,"{""distance"": ""long"", ""timing"": ""중립 준비 시간에 필요한 거리 스텝·상대 bearing 재설정 완료; 교환 내부 반격 아님"", ""stance"": ""OO"", ""foot_position"": ""neutral"", ""ring_position"": ""center""}",long → long,reorientation completed,준비 중 선제 공격이 들어오면 새 분기를 사용,더블 잽–재조준–인터셉트,조건부 준비 연결,biomechanical inference,"[""S06""]",,N05,,,True,True
E0411,N05_S0,N04_S0,RESET,both,conditional scenario bridge,"{""distance"": ""long"", ""timing"": ""중립 준비 시간에 필요한 거리 스텝·상대 bearing 재설정 완료; 교환 내부 반격 아님"", ""stance"": ""OO"", ""foot_position"": ""neutral"", ""ring_position"": ""center""}",long → mid,reorientation completed,준비 중 선제 공격이 들어오면 새 분기를 사용,크로스–슬립–후속 훅,조건부 준비 연결,biomechanical inference,"[""S06""]",,N05,,,True,True
E0412,N05_S0,N07_S0,RESET,both,conditional scenario bridge,"{""distance"": ""long"", ""timing"": ""중립 준비 시간에 필요한 거리 스텝·상대 bearing 재설정 완료; 교환 내부 반격 아님"", ""stance"": ""OO"", ""foot_position"": ""neutral"", ""ring_position"": ""center""}",long → mid,reorientation completed,준비 중 선제 공격이 들어오면 새 분기를 사용,뒷손 훅–직선 선점,조건부 준비 연결,biomechanical inference,"[""S06""]",,N05,,,True,True
E0413,N05_S0,N08_S0,RESET,both,conditional scenario bridge,"{""distance"": ""long"", ""timing"": ""중립 준비 시간에 필요한 거리 스텝·상대 bearing 재설정 완료; 교환 내부 반격 아님"", ""stance"": ""OO"", ""foot_position"": ""neutral"", ""ring_position"": ""center""}",long → pocket,reorientation completed,준비 중 선제 공격이 들어오면 새 분기를 사용,어퍼컷–덕의 반례,조건부 준비 연결,biomechanical inference,"[""S06""]",,N05,,,True,True
E0414,N05_S0,N19_S0,RESET,both,conditional scenario bridge,"{""distance"": ""long"", ""timing"": ""중립 준비 시간에 필요한 거리 스텝·상대 bearing 재설정 완료; 교환 내부 반격 아님"", ""stance"": ""OO"", ""foot_position"": ""neutral"", ""ring_position"": ""center""}",long → long,reorientation completed,준비 중 선제 공격이 들어오면 새 분기를 사용,페인트–반격 유도–재카운터,조건부 준비 연결,biomechanical inference,"[""S06""]",,N05,,,True,True
E0415,N05_S0,N22_S0,RESET,both,conditional scenario bridge,"{""distance"": ""long"", ""timing"": ""중립 준비 시간에 필요한 거리 스텝·상대 bearing 재설정 완료; 교환 내부 반격 아님"", ""stance"": ""OO"", ""foot_position"": ""neutral"", ""ring_position"": ""center""}",long → long,reorientation completed,준비 중 선제 공격이 들어오면 새 분기를 사용,리듬·템포–지연 반격,조건부 준비 연결,biomechanical inference,"[""S06""]",,N05,,,True,True
E0416,N05_S0,N25_S0,RESET,both,conditional scenario bridge,"{""distance"": ""long"", ""timing"": ""중립 준비 시간에 필요한 거리 스텝·상대 bearing 재설정 완료; 교환 내부 반격 아님"", ""stance"": ""OO"", ""foot_position"": ""neutral"", ""ring_position"": ""center""}",long → long,reorientation completed,준비 중 선제 공격이 들어오면 새 분기를 사용,스플릿 엔트리: 동시에 치는 방어,조건부 준비 연결,biomechanical inference,"[""S06""]",,N05,,,True,True
E0417,N06_S14,N06_S0,RESET,both,escape / reset loop,"{""distance"": ""long"", ""timing"": ""양쪽이 공격을 보류하고 가드·발·높이를 회복한 경우에만 다음 교환 시작; 즉시 연결 아님"", ""stance"": ""OO"", ""foot_position"": ""neutral"", ""ring_position"": ""center""}",long → pocket,합의된 재정렬 창 → 시작 기하,재설정이 상대 계속 공격에 차단되면 연결 사용 불가,같은 주제의 다른 분기 선택,조건부 준비 연결,biomechanical inference,"[""S06""]",,N06,,,True,
E0418,N06_S8,N06_S0,RESET,both,escape / reset loop,"{""distance"": ""pocket"", ""timing"": ""양쪽이 공격을 보류하고 가드·발·높이를 회복한 경우에만 다음 교환 시작; 즉시 연결 아님"", ""stance"": ""OO"", ""foot_position"": ""neutral"", ""ring_position"": ""center""}",pocket → pocket,합의된 재정렬 창 → 시작 기하,재설정이 상대 계속 공격에 차단되면 연결 사용 불가,같은 주제의 다른 분기 선택,조건부 준비 연결,biomechanical inference,"[""S06""]",,N06,,,True,
E0419,N06_S0,N08_S0,RESET,both,conditional scenario bridge,"{""distance"": ""pocket"", ""timing"": ""중립 준비 시간에 필요한 거리 스텝·상대 bearing 재설정 완료; 교환 내부 반격 아님"", ""stance"": ""OO"", ""foot_position"": ""neutral"", ""ring_position"": ""center""}",pocket → pocket,reorientation completed,준비 중 선제 공격이 들어오면 새 분기를 사용,어퍼컷–덕의 반례,조건부 준비 연결,biomechanical inference,"[""S06""]",,N06,,,True,True
E0420,N06_S0,N20_S0,RESET,both,conditional scenario bridge,"{""distance"": ""pocket"", ""timing"": ""중립 준비 시간에 필요한 거리 스텝·상대 bearing 재설정 완료; 교환 내부 반격 아님"", ""stance"": ""OO"", ""foot_position"": ""neutral"", ""ring_position"": ""center""}",pocket → long,reorientation completed,준비 중 선제 공격이 들어오면 새 분기를 사용,어깨 페인트–슬립 유도,조건부 준비 연결,biomechanical inference,"[""S06""]",,N06,,,True,True
E0421,N07_S9,N07_S0,RESET,both,escape / reset loop,"{""distance"": ""mid"", ""timing"": ""양쪽이 공격을 보류하고 가드·발·높이를 회복한 경우에만 다음 교환 시작; 즉시 연결 아님"", ""stance"": ""OO"", ""foot_position"": ""neutral"", ""ring_position"": ""center""}",mid → mid,합의된 재정렬 창 → 시작 기하,재설정이 상대 계속 공격에 차단되면 연결 사용 불가,같은 주제의 다른 분기 선택,조건부 준비 연결,biomechanical inference,"[""S06""]",,N07,,,True,
E0422,N07_S0,N04_S0,RESET,both,conditional scenario bridge,"{""distance"": ""mid"", ""timing"": ""중립 준비 시간에 필요한 거리 스텝·상대 bearing 재설정 완료; 교환 내부 반격 아님"", ""stance"": ""OO"", ""foot_position"": ""neutral"", ""ring_position"": ""center""}",mid → mid,reorientation completed,준비 중 선제 공격이 들어오면 새 분기를 사용,크로스–슬립–후속 훅,조건부 준비 연결,biomechanical inference,"[""S06""]",,N07,,,True,True
E0423,N07_S0,N05_S0,RESET,both,conditional scenario bridge,"{""distance"": ""mid"", ""timing"": ""중립 준비 시간에 필요한 거리 스텝·상대 bearing 재설정 완료; 교환 내부 반격 아님"", ""stance"": ""OO"", ""foot_position"": ""neutral"", ""ring_position"": ""center""}",mid → long,reorientation completed,준비 중 선제 공격이 들어오면 새 분기를 사용,풀 카운터–추격–재카운터,조건부 준비 연결,biomechanical inference,"[""S06""]",,N07,,,True,True
E0424,N07_S0,N19_S0,RESET,both,conditional scenario bridge,"{""distance"": ""mid"", ""timing"": ""중립 준비 시간에 필요한 거리 스텝·상대 bearing 재설정 완료; 교환 내부 반격 아님"", ""stance"": ""OO"", ""foot_position"": ""neutral"", ""ring_position"": ""center""}",mid → long,reorientation completed,준비 중 선제 공격이 들어오면 새 분기를 사용,페인트–반격 유도–재카운터,조건부 준비 연결,biomechanical inference,"[""S06""]",,N07,,,True,True
E0425,N07_S0,N22_S0,RESET,both,conditional scenario bridge,"{""distance"": ""mid"", ""timing"": ""중립 준비 시간에 필요한 거리 스텝·상대 bearing 재설정 완료; 교환 내부 반격 아님"", ""stance"": ""OO"", ""foot_position"": ""neutral"", ""ring_position"": ""center""}",mid → long,reorientation completed,준비 중 선제 공격이 들어오면 새 분기를 사용,리듬·템포–지연 반격,조건부 준비 연결,biomechanical inference,"[""S06""]",,N07,,,True,True
E0426,N07_S0,N25_S0,RESET,both,conditional scenario bridge,"{""distance"": ""mid"", ""timing"": ""중립 준비 시간에 필요한 거리 스텝·상대 bearing 재설정 완료; 교환 내부 반격 아님"", ""stance"": ""OO"", ""foot_position"": ""neutral"", ""ring_position"": ""center""}",mid → long,reorientation completed,준비 중 선제 공격이 들어오면 새 분기를 사용,스플릿 엔트리: 동시에 치는 방어,조건부 준비 연결,biomechanical inference,"[""S06""]",,N07,,,True,True
E0427,N08_S6,N08_S0,RESET,both,escape / reset loop,"{""distance"": ""long"", ""timing"": ""양쪽이 공격을 보류하고 가드·발·높이를 회복한 경우에만 다음 교환 시작; 즉시 연결 아님"", ""stance"": ""OO"", ""foot_position"": ""neutral"", ""ring_position"": ""center""}",long → pocket,합의된 재정렬 창 → 시작 기하,재설정이 상대 계속 공격에 차단되면 연결 사용 불가,같은 주제의 다른 분기 선택,조건부 준비 연결,biomechanical inference,"[""S06""]",,N08,,,True,
E0428,N08_S12,N08_S0,RESET,both,escape / reset loop,"{""distance"": ""mid"", ""timing"": ""양쪽이 공격을 보류하고 가드·발·높이를 회복한 경우에만 다음 교환 시작; 즉시 연결 아님"", ""stance"": ""OO"", ""foot_position"": ""neutral"", ""ring_position"": ""center""}",mid → pocket,합의된 재정렬 창 → 시작 기하,재설정이 상대 계속 공격에 차단되면 연결 사용 불가,같은 주제의 다른 분기 선택,조건부 준비 연결,biomechanical inference,"[""S06""]",,N08,,,True,
E0429,N08_S0,N02_S0,RESET,both,conditional scenario bridge,"{""distance"": ""pocket"", ""timing"": ""중립 준비 시간에 필요한 거리 스텝·상대 bearing 재설정 완료; 교환 내부 반격 아님"", ""stance"": ""OO"", ""foot_position"": ""neutral"", ""ring_position"": ""center""}",pocket → long,reorientation completed,준비 중 선제 공격이 들어오면 새 분기를 사용,더블 잽–재조준–인터셉트,조건부 준비 연결,biomechanical inference,"[""S06""]",,N08,,,True,True
E0430,N08_S0,N04_S0,RESET,both,conditional scenario bridge,"{""distance"": ""pocket"", ""timing"": ""중립 준비 시간에 필요한 거리 스텝·상대 bearing 재설정 완료; 교환 내부 반격 아님"", ""stance"": ""OO"", ""foot_position"": ""neutral"", ""ring_position"": ""center""}",pocket → mid,reorientation completed,준비 중 선제 공격이 들어오면 새 분기를 사용,크로스–슬립–후속 훅,조건부 준비 연결,biomechanical inference,"[""S06""]",,N08,,,True,True
E0431,N08_S0,N05_S0,RESET,both,conditional scenario bridge,"{""distance"": ""pocket"", ""timing"": ""중립 준비 시간에 필요한 거리 스텝·상대 bearing 재설정 완료; 교환 내부 반격 아님"", ""stance"": ""OO"", ""foot_position"": ""neutral"", ""ring_position"": ""center""}",pocket → long,reorientation completed,준비 중 선제 공격이 들어오면 새 분기를 사용,풀 카운터–추격–재카운터,조건부 준비 연결,biomechanical inference,"[""S06""]",,N08,,,True,True
E0432,N08_S0,N06_S0,RESET,both,conditional scenario bridge,"{""distance"": ""pocket"", ""timing"": ""중립 준비 시간에 필요한 거리 스텝·상대 bearing 재설정 완료; 교환 내부 반격 아님"", ""stance"": ""OO"", ""foot_position"": ""neutral"", ""ring_position"": ""center""}",pocket → pocket,reorientation completed,준비 중 선제 공격이 들어오면 새 분기를 사용,훅–롤–어퍼컷 함정,조건부 준비 연결,biomechanical inference,"[""S06""]",,N08,,,True,True
E0433,N09_S8,N09_S0,RESET,both,escape / reset loop,"{""distance"": ""pocket"", ""timing"": ""양쪽이 공격을 보류하고 가드·발·높이를 회복한 경우에만 다음 교환 시작; 즉시 연결 아님"", ""stance"": ""OO"", ""foot_position"": ""neutral"", ""ring_position"": ""center""}",pocket → pocket,합의된 재정렬 창 → 시작 기하,재설정이 상대 계속 공격에 차단되면 연결 사용 불가,같은 주제의 다른 분기 선택,조건부 준비 연결,biomechanical inference,"[""S06""]",,N09,,,True,
E0434,N09_S15,N09_S0,RESET,both,escape / reset loop,"{""distance"": ""long"", ""timing"": ""양쪽이 공격을 보류하고 가드·발·높이를 회복한 경우에만 다음 교환 시작; 즉시 연결 아님"", ""stance"": ""OO"", ""foot_position"": ""neutral"", ""ring_position"": ""center""}",long → pocket,합의된 재정렬 창 → 시작 기하,재설정이 상대 계속 공격에 차단되면 연결 사용 불가,같은 주제의 다른 분기 선택,조건부 준비 연결,biomechanical inference,"[""S06""]",,N09,,,True,
E0435,N09_S0,N10_S0,RESET,both,conditional scenario bridge,"{""distance"": ""pocket"", ""timing"": ""중립 준비 시간에 필요한 거리 스텝·상대 bearing 재설정 완료; 교환 내부 반격 아님"", ""stance"": ""OO"", ""foot_position"": ""neutral"", ""ring_position"": ""center""}",pocket → mid,reorientation completed,준비 중 선제 공격이 들어오면 새 분기를 사용,하이 가드–혼합 표적–탈출,조건부 준비 연결,biomechanical inference,"[""S06""]",,N09,,,True,True
E0436,N09_S0,N11_S0,RESET,both,conditional scenario bridge,"{""distance"": ""pocket"", ""timing"": ""중립 준비 시간에 필요한 거리 스텝·상대 bearing 재설정 완료; 교환 내부 반격 아님"", ""stance"": ""OO"", ""foot_position"": ""neutral"", ""ring_position"": ""center""}",pocket → mid,reorientation completed,준비 중 선제 공격이 들어오면 새 분기를 사용,셸–오버핸드–보디–회전,조건부 준비 연결,biomechanical inference,"[""S06""]",,N09,,,True,True
E0437,N09_S0,N24_S0,RESET,both,conditional scenario bridge,"{""distance"": ""pocket"", ""timing"": ""중립 준비 시간에 필요한 거리 스텝·상대 bearing 재설정 완료; 교환 내부 반격 아님"", ""stance"": ""OO"", ""foot_position"": ""neutral"", ""ring_position"": ""center""}",pocket → pocket,reorientation completed,준비 중 선제 공격이 들어오면 새 분기를 사용,쇼벨 훅–팔꿈치–어퍼컷,조건부 준비 연결,biomechanical inference,"[""S06""]",,N09,,,True,True
E0438,N10_S9,N10_S0,RESET,both,escape / reset loop,"{""distance"": ""pocket"", ""timing"": ""양쪽이 공격을 보류하고 가드·발·높이를 회복한 경우에만 다음 교환 시작; 즉시 연결 아님"", ""stance"": ""OO"", ""foot_position"": ""neutral"", ""ring_position"": ""center""}",pocket → mid,합의된 재정렬 창 → 시작 기하,재설정이 상대 계속 공격에 차단되면 연결 사용 불가,같은 주제의 다른 분기 선택,조건부 준비 연결,biomechanical inference,"[""S06""]",,N10,,,True,
E0439,N10_S14,N10_S0,RESET,both,escape / reset loop,"{""distance"": ""long"", ""timing"": ""양쪽이 공격을 보류하고 가드·발·높이를 회복한 경우에만 다음 교환 시작; 즉시 연결 아님"", ""stance"": ""OO"", ""foot_position"": ""neutral"", ""ring_position"": ""center""}",long → mid,합의된 재정렬 창 → 시작 기하,재설정이 상대 계속 공격에 차단되면 연결 사용 불가,같은 주제의 다른 분기 선택,조건부 준비 연결,biomechanical inference,"[""S06""]",,N10,,,True,
E0440,N10_S0,N01_S0,RESET,both,conditional scenario bridge,"{""distance"": ""mid"", ""timing"": ""중립 준비 시간에 필요한 거리 스텝·상대 bearing 재설정 완료; 교환 내부 반격 아님"", ""stance"": ""OO"", ""foot_position"": ""neutral"", ""ring_position"": ""center""}",mid → long,reorientation completed,준비 중 선제 공격이 들어오면 새 분기를 사용,잽–패리: 작은 방어와 과반응,조건부 준비 연결,biomechanical inference,"[""S06""]",,N10,,,True,True
E0441,N10_S0,N03_S0,RESET,both,conditional scenario bridge,"{""distance"": ""mid"", ""timing"": ""중립 준비 시간에 필요한 거리 스텝·상대 bearing 재설정 완료; 교환 내부 반격 아님"", ""stance"": ""OO"", ""foot_position"": ""neutral"", ""ring_position"": ""center""}",mid → long,reorientation completed,준비 중 선제 공격이 들어오면 새 분기를 사용,보디 잽–높이 페인트,조건부 준비 연결,biomechanical inference,"[""S06""]",,N10,,,True,True
E0442,N10_S0,N09_S0,RESET,both,conditional scenario bridge,"{""distance"": ""mid"", ""timing"": ""중립 준비 시간에 필요한 거리 스텝·상대 bearing 재설정 완료; 교환 내부 반격 아님"", ""stance"": ""OO"", ""foot_position"": ""neutral"", ""ring_position"": ""center""}",mid → pocket,reorientation completed,준비 중 선제 공격이 들어오면 새 분기를 사용,보디 훅–머리 훅–가드 유지,조건부 준비 연결,biomechanical inference,"[""S06""]",,N10,,,True,True
E0443,N10_S0,N11_S0,RESET,both,conditional scenario bridge,"{""distance"": ""mid"", ""timing"": ""중립 준비 시간에 필요한 거리 스텝·상대 bearing 재설정 완료; 교환 내부 반격 아님"", ""stance"": ""OO"", ""foot_position"": ""neutral"", ""ring_position"": ""center""}",mid → mid,reorientation completed,준비 중 선제 공격이 들어오면 새 분기를 사용,셸–오버핸드–보디–회전,조건부 준비 연결,biomechanical inference,"[""S06""]",,N10,,,True,True
E0444,N10_S0,N24_S0,RESET,both,conditional scenario bridge,"{""distance"": ""mid"", ""timing"": ""중립 준비 시간에 필요한 거리 스텝·상대 bearing 재설정 완료; 교환 내부 반격 아님"", ""stance"": ""OO"", ""foot_position"": ""neutral"", ""ring_position"": ""center""}",mid → pocket,reorientation completed,준비 중 선제 공격이 들어오면 새 분기를 사용,쇼벨 훅–팔꿈치–어퍼컷,조건부 준비 연결,biomechanical inference,"[""S06""]",,N10,,,True,True
E0445,N11_S9,N11_S0,RESET,both,escape / reset loop,"{""distance"": ""pocket"", ""timing"": ""양쪽이 공격을 보류하고 가드·발·높이를 회복한 경우에만 다음 교환 시작; 즉시 연결 아님"", ""stance"": ""OO"", ""foot_position"": ""neutral"", ""ring_position"": ""center""}",pocket → mid,합의된 재정렬 창 → 시작 기하,재설정이 상대 계속 공격에 차단되면 연결 사용 불가,같은 주제의 다른 분기 선택,조건부 준비 연결,biomechanical inference,"[""S06""]",,N11,,,True,
E0446,N11_S0,N09_S0,RESET,both,conditional scenario bridge,"{""distance"": ""mid"", ""timing"": ""중립 준비 시간에 필요한 거리 스텝·상대 bearing 재설정 완료; 교환 내부 반격 아님"", ""stance"": ""OO"", ""foot_position"": ""neutral"", ""ring_position"": ""center""}",mid → pocket,reorientation completed,준비 중 선제 공격이 들어오면 새 분기를 사용,보디 훅–머리 훅–가드 유지,조건부 준비 연결,biomechanical inference,"[""S06""]",,N11,,,True,True
E0447,N11_S0,N10_S0,RESET,both,conditional scenario bridge,"{""distance"": ""mid"", ""timing"": ""중립 준비 시간에 필요한 거리 스텝·상대 bearing 재설정 완료; 교환 내부 반격 아님"", ""stance"": ""OO"", ""foot_position"": ""neutral"", ""ring_position"": ""center""}",mid → mid,reorientation completed,준비 중 선제 공격이 들어오면 새 분기를 사용,하이 가드–혼합 표적–탈출,조건부 준비 연결,biomechanical inference,"[""S06""]",,N11,,,True,True
E0448,N11_S0,N24_S0,RESET,both,conditional scenario bridge,"{""distance"": ""mid"", ""timing"": ""중립 준비 시간에 필요한 거리 스텝·상대 bearing 재설정 완료; 교환 내부 반격 아님"", ""stance"": ""OO"", ""foot_position"": ""neutral"", ""ring_position"": ""center""}",mid → pocket,reorientation completed,준비 중 선제 공격이 들어오면 새 분기를 사용,쇼벨 훅–팔꿈치–어퍼컷,조건부 준비 연결,biomechanical inference,"[""S06""]",,N11,,,True,True
E0449,N12_S12,N12_S0,RESET,both,escape / reset loop,"{""distance"": ""mid"", ""timing"": ""양쪽이 공격을 보류하고 가드·발·높이를 회복한 경우에만 다음 교환 시작; 즉시 연결 아님"", ""stance"": ""OO"", ""foot_position"": ""neutral"", ""ring_position"": ""center""}",mid → long,합의된 재정렬 창 → 시작 기하,재설정이 상대 계속 공격에 차단되면 연결 사용 불가,같은 주제의 다른 분기 선택,조건부 준비 연결,biomechanical inference,"[""S06""]",,N12,,,True,
E0450,N12_S6,N12_S0,RESET,both,escape / reset loop,"{""distance"": ""long"", ""timing"": ""양쪽이 공격을 보류하고 가드·발·높이를 회복한 경우에만 다음 교환 시작; 즉시 연결 아님"", ""stance"": ""OO"", ""foot_position"": ""neutral"", ""ring_position"": ""center""}",long → long,합의된 재정렬 창 → 시작 기하,재설정이 상대 계속 공격에 차단되면 연결 사용 불가,같은 주제의 다른 분기 선택,조건부 준비 연결,biomechanical inference,"[""S06""]",,N12,,,True,
E0451,N12_S0,N02_S0,RESET,both,conditional scenario bridge,"{""distance"": ""long"", ""timing"": ""중립 준비 시간에 필요한 거리 스텝·상대 bearing 재설정 완료; 교환 내부 반격 아님"", ""stance"": ""OO"", ""foot_position"": ""neutral"", ""ring_position"": ""center""}",long → long,reorientation completed,준비 중 선제 공격이 들어오면 새 분기를 사용,더블 잽–재조준–인터셉트,조건부 준비 연결,biomechanical inference,"[""S06""]",,N12,,,True,True
E0452,N12_S0,N21_S0,RESET,both,conditional scenario bridge,"{""distance"": ""long"", ""timing"": ""중립 준비 시간에 필요한 거리 스텝·상대 bearing 재설정 완료; 교환 내부 반격 아님"", ""stance"": ""OO"", ""foot_position"": ""neutral"", ""ring_position"": ""center""}",long → long,reorientation completed,준비 중 선제 공격이 들어오면 새 분기를 사용,스텝 페인트–후퇴–링 커팅,조건부 준비 연결,biomechanical inference,"[""S06""]",,N12,,,True,True
E0453,N12_S0,N26_S0,RESET,both,conditional scenario bridge,"{""distance"": ""long"", ""timing"": ""중립 준비 시간에 필요한 거리 스텝·상대 bearing 재설정 완료; 교환 내부 반격 아님"", ""stance"": ""OO"", ""foot_position"": ""neutral"", ""ring_position"": ""center""}",long → long,reorientation completed,준비 중 선제 공격이 들어오면 새 분기를 사용,큰 스웨이와 실제 높이 변경,조건부 준비 연결,biomechanical inference,"[""S06""]",,N12,,,True,True
E0454,N13_S8,N13_S0,RESET,both,escape / reset loop,"{""distance"": ""mid"", ""timing"": ""양쪽이 공격을 보류하고 가드·발·높이를 회복한 경우에만 다음 교환 시작; 즉시 연결 아님"", ""stance"": ""OS"", ""foot_position"": ""neutral"", ""ring_position"": ""center""}",mid → long,합의된 재정렬 창 → 시작 기하,재설정이 상대 계속 공격에 차단되면 연결 사용 불가,같은 주제의 다른 분기 선택,조건부 준비 연결,biomechanical inference,"[""S06""]",,N13,,,True,
E0455,N13_S14,N13_S0,RESET,both,escape / reset loop,"{""distance"": ""long"", ""timing"": ""양쪽이 공격을 보류하고 가드·발·높이를 회복한 경우에만 다음 교환 시작; 즉시 연결 아님"", ""stance"": ""OS"", ""foot_position"": ""neutral"", ""ring_position"": ""center""}",long → long,합의된 재정렬 창 → 시작 기하,재설정이 상대 계속 공격에 차단되면 연결 사용 불가,같은 주제의 다른 분기 선택,조건부 준비 연결,biomechanical inference,"[""S06""]",,N13,,,True,
E0456,N14_S9,N14_S0,RESET,both,escape / reset loop,"{""distance"": ""long"", ""timing"": ""양쪽이 공격을 보류하고 가드·발·높이를 회복한 경우에만 다음 교환 시작; 즉시 연결 아님"", ""stance"": ""OS"", ""foot_position"": ""neutral"", ""ring_position"": ""center""}",long → long,합의된 재정렬 창 → 시작 기하,재설정이 상대 계속 공격에 차단되면 연결 사용 불가,같은 주제의 다른 분기 선택,조건부 준비 연결,biomechanical inference,"[""S06""]",,N14,,,True,
E0457,N15_S8,N15_S0,RESET,both,escape / reset loop,"{""distance"": ""mid"", ""timing"": ""양쪽이 공격을 보류하고 가드·발·높이를 회복한 경우에만 다음 교환 시작; 즉시 연결 아님"", ""stance"": ""SS"", ""foot_position"": ""neutral"", ""ring_position"": ""center""}",mid → long,합의된 재정렬 창 → 시작 기하,재설정이 상대 계속 공격에 차단되면 연결 사용 불가,같은 주제의 다른 분기 선택,조건부 준비 연결,biomechanical inference,"[""S06""]",,N15,,,True,
E0458,N16_S8,N16_S0,RESET,both,escape / reset loop,"{""distance"": ""long"", ""timing"": ""양쪽이 공격을 보류하고 가드·발·높이를 회복한 경우에만 다음 교환 시작; 즉시 연결 아님"", ""stance"": ""OO"", ""foot_position"": ""neutral"", ""ring_position"": ""center""}",long → long,합의된 재정렬 창 → 시작 기하,재설정이 상대 계속 공격에 차단되면 연결 사용 불가,같은 주제의 다른 분기 선택,조건부 준비 연결,biomechanical inference,"[""S06""]",,N16,,,True,
E0459,N16_S0,N01_S0,RESET,both,conditional scenario bridge,"{""distance"": ""long"", ""timing"": ""중립 준비 시간에 필요한 거리 스텝·상대 bearing 재설정 완료; 교환 내부 반격 아님"", ""stance"": ""OO"", ""foot_position"": ""neutral"", ""ring_position"": ""center""}",long → long,reorientation completed,준비 중 선제 공격이 들어오면 새 분기를 사용,잽–패리: 작은 방어와 과반응,조건부 준비 연결,biomechanical inference,"[""S06""]",,N16,,,True,True
E0460,N16_S0,N19_S0,RESET,both,conditional scenario bridge,"{""distance"": ""long"", ""timing"": ""중립 준비 시간에 필요한 거리 스텝·상대 bearing 재설정 완료; 교환 내부 반격 아님"", ""stance"": ""OO"", ""foot_position"": ""neutral"", ""ring_position"": ""center""}",long → long,reorientation completed,준비 중 선제 공격이 들어오면 새 분기를 사용,페인트–반격 유도–재카운터,조건부 준비 연결,biomechanical inference,"[""S06""]",,N16,,,True,True
E0461,N16_S0,N21_S0,RESET,both,conditional scenario bridge,"{""distance"": ""long"", ""timing"": ""중립 준비 시간에 필요한 거리 스텝·상대 bearing 재설정 완료; 교환 내부 반격 아님"", ""stance"": ""OO"", ""foot_position"": ""neutral"", ""ring_position"": ""center""}",long → long,reorientation completed,준비 중 선제 공격이 들어오면 새 분기를 사용,스텝 페인트–후퇴–링 커팅,조건부 준비 연결,biomechanical inference,"[""S06""]",,N16,,,True,True
E0462,N16_S0,N22_S0,RESET,both,conditional scenario bridge,"{""distance"": ""long"", ""timing"": ""중립 준비 시간에 필요한 거리 스텝·상대 bearing 재설정 완료; 교환 내부 반격 아님"", ""stance"": ""OO"", ""foot_position"": ""neutral"", ""ring_position"": ""center""}",long → long,reorientation completed,준비 중 선제 공격이 들어오면 새 분기를 사용,리듬·템포–지연 반격,조건부 준비 연결,biomechanical inference,"[""S06""]",,N16,,,True,True
E0463,N17_S8,N17_S0,RESET,both,escape / reset loop,"{""distance"": ""long"", ""timing"": ""양쪽이 공격을 보류하고 가드·발·높이를 회복한 경우에만 다음 교환 시작; 즉시 연결 아님"", ""stance"": ""OO"", ""foot_position"": ""neutral"", ""ring_position"": ""center""}",long → long,합의된 재정렬 창 → 시작 기하,재설정이 상대 계속 공격에 차단되면 연결 사용 불가,같은 주제의 다른 분기 선택,조건부 준비 연결,biomechanical inference,"[""S06""]",,N17,,,True,
E0464,N17_S15,N17_S0,RESET,both,escape / reset loop,"{""distance"": ""long"", ""timing"": ""양쪽이 공격을 보류하고 가드·발·높이를 회복한 경우에만 다음 교환 시작; 즉시 연결 아님"", ""stance"": ""OO"", ""foot_position"": ""neutral"", ""ring_position"": ""ropes""}",long → long,합의된 재정렬 창 → 시작 기하,재설정이 상대 계속 공격에 차단되면 연결 사용 불가,같은 주제의 다른 분기 선택,조건부 준비 연결,biomechanical inference,"[""S06""]",,N17,,,True,
E0465,N18_S9,N18_S0,RESET,both,escape / reset loop,"{""distance"": ""mid"", ""timing"": ""양쪽이 공격을 보류하고 가드·발·높이를 회복한 경우에만 다음 교환 시작; 즉시 연결 아님"", ""stance"": ""OO"", ""foot_position"": ""neutral"", ""ring_position"": ""center""}",mid → mid,합의된 재정렬 창 → 시작 기하,재설정이 상대 계속 공격에 차단되면 연결 사용 불가,같은 주제의 다른 분기 선택,조건부 준비 연결,biomechanical inference,"[""S06""]",,N18,,,True,
E0466,N18_S16,N18_S0,RESET,both,escape / reset loop,"{""distance"": ""mid"", ""timing"": ""양쪽이 공격을 보류하고 가드·발·높이를 회복한 경우에만 다음 교환 시작; 즉시 연결 아님"", ""stance"": ""OO"", ""foot_position"": ""neutral"", ""ring_position"": ""center""}",mid → mid,합의된 재정렬 창 → 시작 기하,재설정이 상대 계속 공격에 차단되면 연결 사용 불가,같은 주제의 다른 분기 선택,조건부 준비 연결,biomechanical inference,"[""S06""]",,N18,,,True,
E0467,N19_S15,N19_S0,RESET,both,escape / reset loop,"{""distance"": ""outside"", ""timing"": ""양쪽이 공격을 보류하고 가드·발·높이를 회복한 경우에만 다음 교환 시작; 즉시 연결 아님"", ""stance"": ""OO"", ""foot_position"": ""neutral"", ""ring_position"": ""center""}",outside → long,합의된 재정렬 창 → 시작 기하,재설정이 상대 계속 공격에 차단되면 연결 사용 불가,같은 주제의 다른 분기 선택,조건부 준비 연결,biomechanical inference,"[""S06""]",,N19,,,True,
E0468,N19_S9,N19_S0,RESET,both,escape / reset loop,"{""distance"": ""mid"", ""timing"": ""양쪽이 공격을 보류하고 가드·발·높이를 회복한 경우에만 다음 교환 시작; 즉시 연결 아님"", ""stance"": ""OO"", ""foot_position"": ""neutral"", ""ring_position"": ""center""}",mid → long,합의된 재정렬 창 → 시작 기하,재설정이 상대 계속 공격에 차단되면 연결 사용 불가,같은 주제의 다른 분기 선택,조건부 준비 연결,biomechanical inference,"[""S06""]",,N19,,,True,
E0469,N19_S0,N01_S0,RESET,both,conditional scenario bridge,"{""distance"": ""long"", ""timing"": ""중립 준비 시간에 필요한 거리 스텝·상대 bearing 재설정 완료; 교환 내부 반격 아님"", ""stance"": ""OO"", ""foot_position"": ""neutral"", ""ring_position"": ""center""}",long → long,reorientation completed,준비 중 선제 공격이 들어오면 새 분기를 사용,잽–패리: 작은 방어와 과반응,조건부 준비 연결,biomechanical inference,"[""S06""]",,N19,,,True,True
E0470,N19_S0,N04_S0,RESET,both,conditional scenario bridge,"{""distance"": ""long"", ""timing"": ""중립 준비 시간에 필요한 거리 스텝·상대 bearing 재설정 완료; 교환 내부 반격 아님"", ""stance"": ""OO"", ""foot_position"": ""neutral"", ""ring_position"": ""center""}",long → mid,reorientation completed,준비 중 선제 공격이 들어오면 새 분기를 사용,크로스–슬립–후속 훅,조건부 준비 연결,biomechanical inference,"[""S06""]",,N19,,,True,True
E0471,N19_S0,N05_S0,RESET,both,conditional scenario bridge,"{""distance"": ""long"", ""timing"": ""중립 준비 시간에 필요한 거리 스텝·상대 bearing 재설정 완료; 교환 내부 반격 아님"", ""stance"": ""OO"", ""foot_position"": ""neutral"", ""ring_position"": ""center""}",long → long,reorientation completed,준비 중 선제 공격이 들어오면 새 분기를 사용,풀 카운터–추격–재카운터,조건부 준비 연결,biomechanical inference,"[""S06""]",,N19,,,True,True
E0472,N19_S0,N07_S0,RESET,both,conditional scenario bridge,"{""distance"": ""long"", ""timing"": ""중립 준비 시간에 필요한 거리 스텝·상대 bearing 재설정 완료; 교환 내부 반격 아님"", ""stance"": ""OO"", ""foot_position"": ""neutral"", ""ring_position"": ""center""}",long → mid,reorientation completed,준비 중 선제 공격이 들어오면 새 분기를 사용,뒷손 훅–직선 선점,조건부 준비 연결,biomechanical inference,"[""S06""]",,N19,,,True,True
E0473,N19_S0,N16_S0,RESET,both,conditional scenario bridge,"{""distance"": ""long"", ""timing"": ""중립 준비 시간에 필요한 거리 스텝·상대 bearing 재설정 완료; 교환 내부 반격 아님"", ""stance"": ""OO"", ""foot_position"": ""neutral"", ""ring_position"": ""center""}",long → long,reorientation completed,준비 중 선제 공격이 들어오면 새 분기를 사용,중앙 링: 거리 함정,조건부 준비 연결,biomechanical inference,"[""S06""]",,N19,,,True,True
E0474,N19_S0,N22_S0,RESET,both,conditional scenario bridge,"{""distance"": ""long"", ""timing"": ""중립 준비 시간에 필요한 거리 스텝·상대 bearing 재설정 완료; 교환 내부 반격 아님"", ""stance"": ""OO"", ""foot_position"": ""neutral"", ""ring_position"": ""center""}",long → long,reorientation completed,준비 중 선제 공격이 들어오면 새 분기를 사용,리듬·템포–지연 반격,조건부 준비 연결,biomechanical inference,"[""S06""]",,N19,,,True,True
E0475,N19_S0,N25_S0,RESET,both,conditional scenario bridge,"{""distance"": ""long"", ""timing"": ""중립 준비 시간에 필요한 거리 스텝·상대 bearing 재설정 완료; 교환 내부 반격 아님"", ""stance"": ""OO"", ""foot_position"": ""neutral"", ""ring_position"": ""center""}",long → long,reorientation completed,준비 중 선제 공격이 들어오면 새 분기를 사용,스플릿 엔트리: 동시에 치는 방어,조건부 준비 연결,biomechanical inference,"[""S06""]",,N19,,,True,True
E0476,N20_S14,N20_S0,RESET,both,escape / reset loop,"{""distance"": ""outside"", ""timing"": ""양쪽이 공격을 보류하고 가드·발·높이를 회복한 경우에만 다음 교환 시작; 즉시 연결 아님"", ""stance"": ""OO"", ""foot_position"": ""neutral"", ""ring_position"": ""center""}",outside → long,합의된 재정렬 창 → 시작 기하,재설정이 상대 계속 공격에 차단되면 연결 사용 불가,같은 주제의 다른 분기 선택,조건부 준비 연결,biomechanical inference,"[""S06""]",,N20,,,True,
E0477,N20_S8,N20_S0,RESET,both,escape / reset loop,"{""distance"": ""mid"", ""timing"": ""양쪽이 공격을 보류하고 가드·발·높이를 회복한 경우에만 다음 교환 시작; 즉시 연결 아님"", ""stance"": ""OO"", ""foot_position"": ""neutral"", ""ring_position"": ""center""}",mid → long,합의된 재정렬 창 → 시작 기하,재설정이 상대 계속 공격에 차단되면 연결 사용 불가,같은 주제의 다른 분기 선택,조건부 준비 연결,biomechanical inference,"[""S06""]",,N20,,,True,
E0478,N20_S0,N06_S0,RESET,both,conditional scenario bridge,"{""distance"": ""long"", ""timing"": ""중립 준비 시간에 필요한 거리 스텝·상대 bearing 재설정 완료; 교환 내부 반격 아님"", ""stance"": ""OO"", ""foot_position"": ""neutral"", ""ring_position"": ""center""}",long → pocket,reorientation completed,준비 중 선제 공격이 들어오면 새 분기를 사용,훅–롤–어퍼컷 함정,조건부 준비 연결,biomechanical inference,"[""S06""]",,N20,,,True,True
E0479,N21_S8,N21_S0,RESET,both,escape / reset loop,"{""distance"": ""long"", ""timing"": ""양쪽이 공격을 보류하고 가드·발·높이를 회복한 경우에만 다음 교환 시작; 즉시 연결 아님"", ""stance"": ""OO"", ""foot_position"": ""neutral"", ""ring_position"": ""center""}",long → long,합의된 재정렬 창 → 시작 기하,재설정이 상대 계속 공격에 차단되면 연결 사용 불가,같은 주제의 다른 분기 선택,조건부 준비 연결,biomechanical inference,"[""S06""]",,N21,,,True,
E0480,N21_S15,N21_S0,RESET,both,escape / reset loop,"{""distance"": ""mid"", ""timing"": ""양쪽이 공격을 보류하고 가드·발·높이를 회복한 경우에만 다음 교환 시작; 즉시 연결 아님"", ""stance"": ""OO"", ""foot_position"": ""neutral"", ""ring_position"": ""center""}",mid → long,합의된 재정렬 창 → 시작 기하,재설정이 상대 계속 공격에 차단되면 연결 사용 불가,같은 주제의 다른 분기 선택,조건부 준비 연결,biomechanical inference,"[""S06""]",,N21,,,True,
E0481,N21_S0,N01_S0,RESET,both,conditional scenario bridge,"{""distance"": ""long"", ""timing"": ""중립 준비 시간에 필요한 거리 스텝·상대 bearing 재설정 완료; 교환 내부 반격 아님"", ""stance"": ""OO"", ""foot_position"": ""neutral"", ""ring_position"": ""center""}",long → long,reorientation completed,준비 중 선제 공격이 들어오면 새 분기를 사용,잽–패리: 작은 방어와 과반응,조건부 준비 연결,biomechanical inference,"[""S06""]",,N21,,,True,True
E0482,N21_S0,N03_S0,RESET,both,conditional scenario bridge,"{""distance"": ""long"", ""timing"": ""중립 준비 시간에 필요한 거리 스텝·상대 bearing 재설정 완료; 교환 내부 반격 아님"", ""stance"": ""OO"", ""foot_position"": ""neutral"", ""ring_position"": ""center""}",long → long,reorientation completed,준비 중 선제 공격이 들어오면 새 분기를 사용,보디 잽–높이 페인트,조건부 준비 연결,biomechanical inference,"[""S06""]",,N21,,,True,True
E0483,N21_S0,N12_S0,RESET,both,conditional scenario bridge,"{""distance"": ""long"", ""timing"": ""중립 준비 시간에 필요한 거리 스텝·상대 bearing 재설정 완료; 교환 내부 반격 아님"", ""stance"": ""OO"", ""foot_position"": ""neutral"", ""ring_position"": ""center""}",long → long,reorientation completed,준비 중 선제 공격이 들어오면 새 분기를 사용,정지 슬립·스텝 슬립·피벗 슬립,조건부 준비 연결,biomechanical inference,"[""S06""]",,N21,,,True,True
E0484,N21_S0,N16_S0,RESET,both,conditional scenario bridge,"{""distance"": ""long"", ""timing"": ""중립 준비 시간에 필요한 거리 스텝·상대 bearing 재설정 완료; 교환 내부 반격 아님"", ""stance"": ""OO"", ""foot_position"": ""neutral"", ""ring_position"": ""center""}",long → long,reorientation completed,준비 중 선제 공격이 들어오면 새 분기를 사용,중앙 링: 거리 함정,조건부 준비 연결,biomechanical inference,"[""S06""]",,N21,,,True,True
E0485,N22_S12,N22_S0,RESET,both,escape / reset loop,"{""distance"": ""mid"", ""timing"": ""양쪽이 공격을 보류하고 가드·발·높이를 회복한 경우에만 다음 교환 시작; 즉시 연결 아님"", ""stance"": ""OO"", ""foot_position"": ""neutral"", ""ring_position"": ""center""}",mid → long,합의된 재정렬 창 → 시작 기하,재설정이 상대 계속 공격에 차단되면 연결 사용 불가,같은 주제의 다른 분기 선택,조건부 준비 연결,biomechanical inference,"[""S06""]",,N22,,,True,
E0486,N22_S18,N22_S0,RESET,both,escape / reset loop,"{""distance"": ""mid"", ""timing"": ""양쪽이 공격을 보류하고 가드·발·높이를 회복한 경우에만 다음 교환 시작; 즉시 연결 아님"", ""stance"": ""OO"", ""foot_position"": ""neutral"", ""ring_position"": ""center""}",mid → long,합의된 재정렬 창 → 시작 기하,재설정이 상대 계속 공격에 차단되면 연결 사용 불가,같은 주제의 다른 분기 선택,조건부 준비 연결,biomechanical inference,"[""S06""]",,N22,,,True,
E0487,N22_S0,N01_S0,RESET,both,conditional scenario bridge,"{""distance"": ""long"", ""timing"": ""중립 준비 시간에 필요한 거리 스텝·상대 bearing 재설정 완료; 교환 내부 반격 아님"", ""stance"": ""OO"", ""foot_position"": ""neutral"", ""ring_position"": ""center""}",long → long,reorientation completed,준비 중 선제 공격이 들어오면 새 분기를 사용,잽–패리: 작은 방어와 과반응,조건부 준비 연결,biomechanical inference,"[""S06""]",,N22,,,True,True
E0488,N22_S0,N04_S0,RESET,both,conditional scenario bridge,"{""distance"": ""long"", ""timing"": ""중립 준비 시간에 필요한 거리 스텝·상대 bearing 재설정 완료; 교환 내부 반격 아님"", ""stance"": ""OO"", ""foot_position"": ""neutral"", ""ring_position"": ""center""}",long → mid,reorientation completed,준비 중 선제 공격이 들어오면 새 분기를 사용,크로스–슬립–후속 훅,조건부 준비 연결,biomechanical inference,"[""S06""]",,N22,,,True,True
E0489,N22_S0,N05_S0,RESET,both,conditional scenario bridge,"{""distance"": ""long"", ""timing"": ""중립 준비 시간에 필요한 거리 스텝·상대 bearing 재설정 완료; 교환 내부 반격 아님"", ""stance"": ""OO"", ""foot_position"": ""neutral"", ""ring_position"": ""center""}",long → long,reorientation completed,준비 중 선제 공격이 들어오면 새 분기를 사용,풀 카운터–추격–재카운터,조건부 준비 연결,biomechanical inference,"[""S06""]",,N22,,,True,True
E0490,N22_S0,N07_S0,RESET,both,conditional scenario bridge,"{""distance"": ""long"", ""timing"": ""중립 준비 시간에 필요한 거리 스텝·상대 bearing 재설정 완료; 교환 내부 반격 아님"", ""stance"": ""OO"", ""foot_position"": ""neutral"", ""ring_position"": ""center""}",long → mid,reorientation completed,준비 중 선제 공격이 들어오면 새 분기를 사용,뒷손 훅–직선 선점,조건부 준비 연결,biomechanical inference,"[""S06""]",,N22,,,True,True
E0491,N22_S0,N16_S0,RESET,both,conditional scenario bridge,"{""distance"": ""long"", ""timing"": ""중립 준비 시간에 필요한 거리 스텝·상대 bearing 재설정 완료; 교환 내부 반격 아님"", ""stance"": ""OO"", ""foot_position"": ""neutral"", ""ring_position"": ""center""}",long → long,reorientation completed,준비 중 선제 공격이 들어오면 새 분기를 사용,중앙 링: 거리 함정,조건부 준비 연결,biomechanical inference,"[""S06""]",,N22,,,True,True
E0492,N22_S0,N19_S0,RESET,both,conditional scenario bridge,"{""distance"": ""long"", ""timing"": ""중립 준비 시간에 필요한 거리 스텝·상대 bearing 재설정 완료; 교환 내부 반격 아님"", ""stance"": ""OO"", ""foot_position"": ""neutral"", ""ring_position"": ""center""}",long → long,reorientation completed,준비 중 선제 공격이 들어오면 새 분기를 사용,페인트–반격 유도–재카운터,조건부 준비 연결,biomechanical inference,"[""S06""]",,N22,,,True,True
E0493,N22_S0,N25_S0,RESET,both,conditional scenario bridge,"{""distance"": ""long"", ""timing"": ""중립 준비 시간에 필요한 거리 스텝·상대 bearing 재설정 완료; 교환 내부 반격 아님"", ""stance"": ""OO"", ""foot_position"": ""neutral"", ""ring_position"": ""center""}",long → long,reorientation completed,준비 중 선제 공격이 들어오면 새 분기를 사용,스플릿 엔트리: 동시에 치는 방어,조건부 준비 연결,biomechanical inference,"[""S06""]",,N22,,,True,True
E0494,N23_S16,N23_S0,RESET,both,escape / reset loop,"{""distance"": ""outside"", ""timing"": ""양쪽이 공격을 보류하고 가드·발·높이를 회복한 경우에만 다음 교환 시작; 즉시 연결 아님"", ""stance"": ""OO"", ""foot_position"": ""neutral"", ""ring_position"": ""center""}",outside → pocket,합의된 재정렬 창 → 시작 기하,재설정이 상대 계속 공격에 차단되면 연결 사용 불가,같은 주제의 다른 분기 선택,조건부 준비 연결,biomechanical inference,"[""S06""]",,N23,,,True,
E0495,N23_S9,N23_S0,RESET,both,escape / reset loop,"{""distance"": ""pocket"", ""timing"": ""양쪽이 공격을 보류하고 가드·발·높이를 회복한 경우에만 다음 교환 시작; 즉시 연결 아님"", ""stance"": ""OO"", ""foot_position"": ""neutral"", ""ring_position"": ""center""}",pocket → pocket,합의된 재정렬 창 → 시작 기하,재설정이 상대 계속 공격에 차단되면 연결 사용 불가,같은 주제의 다른 분기 선택,조건부 준비 연결,biomechanical inference,"[""S06""]",,N23,,,True,
E0496,N23_S0,N24_S0,RESET,both,conditional scenario bridge,"{""distance"": ""pocket"", ""timing"": ""중립 준비 시간에 필요한 거리 스텝·상대 bearing 재설정 완료; 교환 내부 반격 아님"", ""stance"": ""OO"", ""foot_position"": ""neutral"", ""ring_position"": ""center""}",pocket → pocket,reorientation completed,준비 중 선제 공격이 들어오면 새 분기를 사용,쇼벨 훅–팔꿈치–어퍼컷,조건부 준비 연결,biomechanical inference,"[""S06""]",,N23,,,True,True
E0497,N24_S9,N24_S0,RESET,both,escape / reset loop,"{""distance"": ""pocket"", ""timing"": ""양쪽이 공격을 보류하고 가드·발·높이를 회복한 경우에만 다음 교환 시작; 즉시 연결 아님"", ""stance"": ""OO"", ""foot_position"": ""neutral"", ""ring_position"": ""center""}",pocket → pocket,합의된 재정렬 창 → 시작 기하,재설정이 상대 계속 공격에 차단되면 연결 사용 불가,같은 주제의 다른 분기 선택,조건부 준비 연결,biomechanical inference,"[""S06""]",,N24,,,True,
E0498,N24_S0,N09_S0,RESET,both,conditional scenario bridge,"{""distance"": ""pocket"", ""timing"": ""중립 준비 시간에 필요한 거리 스텝·상대 bearing 재설정 완료; 교환 내부 반격 아님"", ""stance"": ""OO"", ""foot_position"": ""neutral"", ""ring_position"": ""center""}",pocket → pocket,reorientation completed,준비 중 선제 공격이 들어오면 새 분기를 사용,보디 훅–머리 훅–가드 유지,조건부 준비 연결,biomechanical inference,"[""S06""]",,N24,,,True,True
E0499,N24_S0,N10_S0,RESET,both,conditional scenario bridge,"{""distance"": ""pocket"", ""timing"": ""중립 준비 시간에 필요한 거리 스텝·상대 bearing 재설정 완료; 교환 내부 반격 아님"", ""stance"": ""OO"", ""foot_position"": ""neutral"", ""ring_position"": ""center""}",pocket → mid,reorientation completed,준비 중 선제 공격이 들어오면 새 분기를 사용,하이 가드–혼합 표적–탈출,조건부 준비 연결,biomechanical inference,"[""S06""]",,N24,,,True,True
E0500,N24_S0,N11_S0,RESET,both,conditional scenario bridge,"{""distance"": ""pocket"", ""timing"": ""중립 준비 시간에 필요한 거리 스텝·상대 bearing 재설정 완료; 교환 내부 반격 아님"", ""stance"": ""OO"", ""foot_position"": ""neutral"", ""ring_position"": ""center""}",pocket → mid,reorientation completed,준비 중 선제 공격이 들어오면 새 분기를 사용,셸–오버핸드–보디–회전,조건부 준비 연결,biomechanical inference,"[""S06""]",,N24,,,True,True
E0501,N24_S0,N23_S0,RESET,both,conditional scenario bridge,"{""distance"": ""pocket"", ""timing"": ""중립 준비 시간에 필요한 거리 스텝·상대 bearing 재설정 완료; 교환 내부 반격 아님"", ""stance"": ""OO"", ""foot_position"": ""neutral"", ""ring_position"": ""center""}",pocket → pocket,reorientation completed,준비 중 선제 공격이 들어오면 새 분기를 사용,밀착: 스머더·프레임·자유손,조건부 준비 연결,biomechanical inference,"[""S06""]",,N24,,,True,True
E0502,N25_S9,N25_S0,RESET,both,escape / reset loop,"{""distance"": ""mid"", ""timing"": ""양쪽이 공격을 보류하고 가드·발·높이를 회복한 경우에만 다음 교환 시작; 즉시 연결 아님"", ""stance"": ""OO"", ""foot_position"": ""neutral"", ""ring_position"": ""center""}",mid → long,합의된 재정렬 창 → 시작 기하,재설정이 상대 계속 공격에 차단되면 연결 사용 불가,같은 주제의 다른 분기 선택,조건부 준비 연결,biomechanical inference,"[""S06""]",,N25,,,True,
E0503,N25_S16,N25_S0,RESET,both,escape / reset loop,"{""distance"": ""mid"", ""timing"": ""양쪽이 공격을 보류하고 가드·발·높이를 회복한 경우에만 다음 교환 시작; 즉시 연결 아님"", ""stance"": ""OO"", ""foot_position"": ""neutral"", ""ring_position"": ""center""}",mid → long,합의된 재정렬 창 → 시작 기하,재설정이 상대 계속 공격에 차단되면 연결 사용 불가,같은 주제의 다른 분기 선택,조건부 준비 연결,biomechanical inference,"[""S06""]",,N25,,,True,
E0504,N25_S0,N01_S0,RESET,both,conditional scenario bridge,"{""distance"": ""long"", ""timing"": ""중립 준비 시간에 필요한 거리 스텝·상대 bearing 재설정 완료; 교환 내부 반격 아님"", ""stance"": ""OO"", ""foot_position"": ""neutral"", ""ring_position"": ""center""}",long → long,reorientation completed,준비 중 선제 공격이 들어오면 새 분기를 사용,잽–패리: 작은 방어와 과반응,조건부 준비 연결,biomechanical inference,"[""S06""]",,N25,,,True,True
E0505,N25_S0,N02_S0,RESET,both,conditional scenario bridge,"{""distance"": ""long"", ""timing"": ""중립 준비 시간에 필요한 거리 스텝·상대 bearing 재설정 완료; 교환 내부 반격 아님"", ""stance"": ""OO"", ""foot_position"": ""neutral"", ""ring_position"": ""center""}",long → long,reorientation completed,준비 중 선제 공격이 들어오면 새 분기를 사용,더블 잽–재조준–인터셉트,조건부 준비 연결,biomechanical inference,"[""S06""]",,N25,,,True,True
E0506,N25_S0,N04_S0,RESET,both,conditional scenario bridge,"{""distance"": ""long"", ""timing"": ""중립 준비 시간에 필요한 거리 스텝·상대 bearing 재설정 완료; 교환 내부 반격 아님"", ""stance"": ""OO"", ""foot_position"": ""neutral"", ""ring_position"": ""center""}",long → mid,reorientation completed,준비 중 선제 공격이 들어오면 새 분기를 사용,크로스–슬립–후속 훅,조건부 준비 연결,biomechanical inference,"[""S06""]",,N25,,,True,True
E0507,N25_S0,N05_S0,RESET,both,conditional scenario bridge,"{""distance"": ""long"", ""timing"": ""중립 준비 시간에 필요한 거리 스텝·상대 bearing 재설정 완료; 교환 내부 반격 아님"", ""stance"": ""OO"", ""foot_position"": ""neutral"", ""ring_position"": ""center""}",long → long,reorientation completed,준비 중 선제 공격이 들어오면 새 분기를 사용,풀 카운터–추격–재카운터,조건부 준비 연결,biomechanical inference,"[""S06""]",,N25,,,True,True
E0508,N25_S0,N07_S0,RESET,both,conditional scenario bridge,"{""distance"": ""long"", ""timing"": ""중립 준비 시간에 필요한 거리 스텝·상대 bearing 재설정 완료; 교환 내부 반격 아님"", ""stance"": ""OO"", ""foot_position"": ""neutral"", ""ring_position"": ""center""}",long → mid,reorientation completed,준비 중 선제 공격이 들어오면 새 분기를 사용,뒷손 훅–직선 선점,조건부 준비 연결,biomechanical inference,"[""S06""]",,N25,,,True,True
E0509,N25_S0,N19_S0,RESET,both,conditional scenario bridge,"{""distance"": ""long"", ""timing"": ""중립 준비 시간에 필요한 거리 스텝·상대 bearing 재설정 완료; 교환 내부 반격 아님"", ""stance"": ""OO"", ""foot_position"": ""neutral"", ""ring_position"": ""center""}",long → long,reorientation completed,준비 중 선제 공격이 들어오면 새 분기를 사용,페인트–반격 유도–재카운터,조건부 준비 연결,biomechanical inference,"[""S06""]",,N25,,,True,True
E0510,N25_S0,N22_S0,RESET,both,conditional scenario bridge,"{""distance"": ""long"", ""timing"": ""중립 준비 시간에 필요한 거리 스텝·상대 bearing 재설정 완료; 교환 내부 반격 아님"", ""stance"": ""OO"", ""foot_position"": ""neutral"", ""ring_position"": ""center""}",long → long,reorientation completed,준비 중 선제 공격이 들어오면 새 분기를 사용,리듬·템포–지연 반격,조건부 준비 연결,biomechanical inference,"[""S06""]",,N25,,,True,True
E0511,N26_S11,N26_S0,RESET,both,escape / reset loop,"{""distance"": ""mid"", ""timing"": ""양쪽이 공격을 보류하고 가드·발·높이를 회복한 경우에만 다음 교환 시작; 즉시 연결 아님"", ""stance"": ""OO"", ""foot_position"": ""neutral"", ""ring_position"": ""center""}",mid → long,합의된 재정렬 창 → 시작 기하,재설정이 상대 계속 공격에 차단되면 연결 사용 불가,같은 주제의 다른 분기 선택,조건부 준비 연결,biomechanical inference,"[""S06""]",,N26,,,True,
E0512,N26_S0,N12_S0,RESET,both,conditional scenario bridge,"{""distance"": ""long"", ""timing"": ""중립 준비 시간에 필요한 거리 스텝·상대 bearing 재설정 완료; 교환 내부 반격 아님"", ""stance"": ""OO"", ""foot_position"": ""neutral"", ""ring_position"": ""center""}",long → long,reorientation completed,준비 중 선제 공격이 들어오면 새 분기를 사용,정지 슬립·스텝 슬립·피벗 슬립,조건부 준비 연결,biomechanical inference,"[""S06""]",,N26,,,True,True
E0513,N27_S15,N27_S0,RESET,both,escape / reset loop,"{""distance"": ""mid"", ""timing"": ""양쪽이 공격을 보류하고 가드·발·높이를 회복한 경우에만 다음 교환 시작; 즉시 연결 아님"", ""stance"": ""OO"", ""foot_position"": ""neutral"", ""ring_position"": ""center""}",mid → long,합의된 재정렬 창 → 시작 기하,재설정이 상대 계속 공격에 차단되면 연결 사용 불가,같은 주제의 다른 분기 선택,조건부 준비 연결,biomechanical inference,"[""S06""]",,N27,,,True,
E0514,N27_S8,N27_S0,RESET,both,escape / reset loop,"{""distance"": ""long"", ""timing"": ""양쪽이 공격을 보류하고 가드·발·높이를 회복한 경우에만 다음 교환 시작; 즉시 연결 아님"", ""stance"": ""OO"", ""foot_position"": ""neutral"", ""ring_position"": ""center""}",long → long,합의된 재정렬 창 → 시작 기하,재설정이 상대 계속 공격에 차단되면 연결 사용 불가,같은 주제의 다른 분기 선택,조건부 준비 연결,biomechanical inference,"[""S06""]",,N27,,,True,
