id,name,action,category,actor,scenario,start_state,end_state,benefit,vulnerability,possible_next,action_description,condition,sources,confidence
N01_S0,시작 상태,,STATE,,N01,"{""distance"": ""long"", ""stance"": ""OO"", ""foot_position"": ""neutral"", ""angle"": ""centerline aligned"", ""ring_position"": ""center"", ""space"": {""A"": ""center"", ""B"": ""center"", ""retreat_available"": ""both""}, ""A"": {""head"": ""center line"", ""weight"": ""neutral / variant dependent"", ""guard"": ""normal"", ""phase"": ""neutral"", ""arm"": ""home"", ""rotation"": ""none"", ""balance"": ""stable"", ""free_hand"": ""both"", ""foot"": ""neutral"", ""bearing"": ""facing opponent""}, ""B"": {""head"": ""center line"", ""weight"": ""neutral / variant dependent"", ""guard"": ""normal"", ""phase"": ""neutral"", ""arm"": ""home"", ""rotation"": ""none"", ""balance"": ""stable"", ""free_hand"": ""both"", ""foot"": ""neutral"", ""bearing"": ""facing opponent""}, ""belief"": {""A"": ""unknown"", ""B"": ""unknown""}, ""target"": ""none"", ""phase_window"": ""neutral""}","{""distance"": ""long"", ""stance"": ""OO"", ""foot_position"": ""neutral"", ""angle"": ""centerline aligned"", ""ring_position"": ""center"", ""space"": {""A"": ""center"", ""B"": ""center"", ""retreat_available"": ""both""}, ""A"": {""head"": ""center line"", ""weight"": ""neutral / variant dependent"", ""guard"": ""normal"", ""phase"": ""neutral"", ""arm"": ""home"", ""rotation"": ""none"", ""balance"": ""stable"", ""free_hand"": ""both"", ""foot"": ""neutral"", ""bearing"": ""facing opponent""}, ""B"": {""head"": ""center line"", ""weight"": ""neutral / variant dependent"", ""guard"": ""normal"", ""phase"": ""neutral"", ""arm"": ""home"", ""rotation"": ""none"", ""balance"": ""stable"", ""free_hand"": ""both"", ""foot"": ""neutral"", ""bearing"": ""facing opponent""}, ""belief"": {""A"": ""unknown"", ""B"": ""unknown""}, ""target"": ""none"", ""phase_window"": ""neutral""}",교환의 전제 확인,중립도 선제 위협에 노출,"[""N01_S1"", ""N01_S9"", ""N01_S18"", ""N02_S0"", ""N03_S0"", ""N10_S0"", ""N16_S0"", ""N19_S0"", ""N21_S0"", ""N22_S0"", ""N25_S0""]",,,,
N01_S1,A: Lead jab · 잽,JAB,OFFENSE,A,N01,"{""distance"": ""long"", ""stance"": ""OO"", ""foot_position"": ""neutral"", ""angle"": ""centerline aligned"", ""ring_position"": ""center"", ""space"": {""A"": ""center"", ""B"": ""center"", ""retreat_available"": ""both""}, ""A"": {""head"": ""center line"", ""weight"": ""neutral / variant dependent"", ""guard"": ""normal"", ""phase"": ""neutral"", ""arm"": ""home"", ""rotation"": ""none"", ""balance"": ""stable"", ""free_hand"": ""both"", ""foot"": ""neutral"", ""bearing"": ""facing opponent""}, ""B"": {""head"": ""center line"", ""weight"": ""neutral / variant dependent"", ""guard"": ""normal"", ""phase"": ""neutral"", ""arm"": ""home"", ""rotation"": ""none"", ""balance"": ""stable"", ""free_hand"": ""both"", ""foot"": ""neutral"", ""bearing"": ""facing opponent""}, ""belief"": {""A"": ""unknown"", ""B"": ""unknown""}, ""target"": ""none"", ""phase_window"": ""neutral""}","{""distance"": ""long"", ""stance"": ""OO"", ""foot_position"": ""neutral"", ""angle"": ""centerline aligned"", ""ring_position"": ""center"", ""space"": {""A"": ""center"", ""B"": ""center"", ""retreat_available"": ""both""}, ""A"": {""head"": ""center line"", ""weight"": ""neutral / variant dependent"", ""guard"": ""attacking arm displaced; other hand protection conditional"", ""phase"": ""extension"", ""arm"": ""lead/variant extended"", ""rotation"": ""none"", ""balance"": ""stable"", ""free_hand"": ""both"", ""foot"": ""neutral"", ""bearing"": ""facing opponent""}, ""B"": {""head"": ""center line"", ""weight"": ""neutral / variant dependent"", ""guard"": ""normal"", ""phase"": ""neutral"", ""arm"": ""home"", ""rotation"": ""none"", ""balance"": ""stable"", ""free_hand"": ""both"", ""foot"": ""neutral"", ""bearing"": ""facing opponent""}, ""belief"": {""A"": ""unknown"", ""B"": ""unknown""}, ""target"": ""head / combination variable"", ""phase_window"": ""롱 레인지에서 B 머리로 잽""}",사거리·반응을 확인하고 시야를 가림,앞손 복귀 동안 같은 쪽 가드가 비며 단조로운 타이밍을 읽힐 수 있음,"[""N01_S2""]",앞손을 짧게 직선으로 보내고 복귀,롱 레인지에서 B 머리로 잽,"[""S01"", ""S02""]",biomechanical inference
N01_S2,B: Small parry · 작은 패리,PARRY,DEFENSE,B,N01,"{""distance"": ""long"", ""stance"": ""OO"", ""foot_position"": ""neutral"", ""angle"": ""centerline aligned"", ""ring_position"": ""center"", ""space"": {""A"": ""center"", ""B"": ""center"", ""retreat_available"": ""both""}, ""A"": {""head"": ""center line"", ""weight"": ""neutral / variant dependent"", ""guard"": ""attacking arm displaced; other hand protection conditional"", ""phase"": ""extension"", ""arm"": ""lead/variant extended"", ""rotation"": ""none"", ""balance"": ""stable"", ""free_hand"": ""both"", ""foot"": ""neutral"", ""bearing"": ""facing opponent""}, ""B"": {""head"": ""center line"", ""weight"": ""neutral / variant dependent"", ""guard"": ""normal"", ""phase"": ""neutral"", ""arm"": ""home"", ""rotation"": ""none"", ""balance"": ""stable"", ""free_hand"": ""both"", ""foot"": ""neutral"", ""bearing"": ""facing opponent""}, ""belief"": {""A"": ""unknown"", ""B"": ""unknown""}, ""target"": ""head / combination variable"", ""phase_window"": ""롱 레인지에서 B 머리로 잽""}","{""distance"": ""long"", ""stance"": ""OO"", ""foot_position"": ""neutral"", ""angle"": ""centerline aligned"", ""ring_position"": ""center"", ""space"": {""A"": ""center"", ""B"": ""center"", ""retreat_available"": ""both""}, ""A"": {""head"": ""center line"", ""weight"": ""neutral / variant dependent"", ""guard"": ""attacking arm displaced; other hand protection conditional"", ""phase"": ""recovery"", ""arm"": ""lead/variant extended"", ""rotation"": ""none"", ""balance"": ""stable"", ""free_hand"": ""both"", ""foot"": ""neutral"", ""bearing"": ""facing opponent""}, ""B"": {""head"": ""center line"", ""weight"": ""neutral / variant dependent"", ""guard"": ""small parry displacement"", ""phase"": ""impact/deflection"", ""arm"": ""parrying hand displaced"", ""rotation"": ""none"", ""balance"": ""stable"", ""free_hand"": ""other hand"", ""foot"": ""neutral"", ""bearing"": ""facing opponent""}, ""belief"": {""A"": ""unknown"", ""B"": ""unknown""}, ""target"": ""head / combination variable"", ""phase_window"": ""OO에서 뒷손 작은 패리; 머리 가드 전체가 열렸다고 가정하지 않음""}",거리 유지·상대 공격선 이동,반복 타이밍과 복귀를 읽힐 수 있음; 자동 빈틈 아님,"[""N01_S3""]",글러브로 직선을 최소 이동만큼 비킴,OO에서 뒷손 작은 패리; 머리 가드 전체가 열렸다고 가정하지 않음,"[""S01"", ""S02"", ""S11"", ""S16""]",biomechanical inference
N01_S3,B: Counter jab · 카운터 잽,CJ,COUNTER,B,N01,"{""distance"": ""long"", ""stance"": ""OO"", ""foot_position"": ""neutral"", ""angle"": ""centerline aligned"", ""ring_position"": ""center"", ""space"": {""A"": ""center"", ""B"": ""center"", ""retreat_available"": ""both""}, ""A"": {""head"": ""center line"", ""weight"": ""neutral / variant dependent"", ""guard"": ""attacking arm displaced; other hand protection conditional"", ""phase"": ""recovery"", ""arm"": ""lead/variant extended"", ""rotation"": ""none"", ""balance"": ""stable"", ""free_hand"": ""both"", ""foot"": ""neutral"", ""bearing"": ""facing opponent""}, ""B"": {""head"": ""center line"", ""weight"": ""neutral / variant dependent"", ""guard"": ""small parry displacement"", ""phase"": ""impact/deflection"", ""arm"": ""parrying hand displaced"", ""rotation"": ""none"", ""balance"": ""stable"", ""free_hand"": ""other hand"", ""foot"": ""neutral"", ""bearing"": ""facing opponent""}, ""belief"": {""A"": ""unknown"", ""B"": ""unknown""}, ""target"": ""head / combination variable"", ""phase_window"": ""OO에서 뒷손 작은 패리; 머리 가드 전체가 열렸다고 가정하지 않음""}","{""distance"": ""long"", ""stance"": ""OO"", ""foot_position"": ""neutral"", ""angle"": ""centerline aligned"", ""ring_position"": ""center"", ""space"": {""A"": ""center"", ""B"": ""center"", ""retreat_available"": ""both""}, ""A"": {""head"": ""center line"", ""weight"": ""neutral / variant dependent"", ""guard"": ""attacking arm displaced; other hand protection conditional"", ""phase"": ""recovery"", ""arm"": ""lead/variant extended"", ""rotation"": ""none"", ""balance"": ""stable"", ""free_hand"": ""both"", ""foot"": ""neutral"", ""bearing"": ""facing opponent""}, ""B"": {""head"": ""center line"", ""weight"": ""neutral / variant dependent"", ""guard"": ""attacking arm displaced; other hand protection conditional"", ""phase"": ""extension"", ""arm"": ""lead/variant extended"", ""rotation"": ""none"", ""balance"": ""stable"", ""free_hand"": ""other hand"", ""foot"": ""neutral"", ""bearing"": ""facing opponent""}, ""belief"": {""A"": ""unknown"", ""B"": ""unknown""}, ""target"": ""head / combination variable"", ""phase_window"": ""A 앞손이 아직 복귀 중이고 B 앞손의 사거리 안""}",작은 반격으로 주도권·거리 회복,상대의 두 번째 공격에 다시 읽힘,"[""N01_S4""]",방어 뒤 또는 상대 준비에 짧은 앞손 직선,A 앞손이 아직 복귀 중이고 B 앞손의 사거리 안,"[""S11"", ""S16""]",biomechanical inference
N01_S4,A: Outside slip · 바깥 슬립,SOUT,DEFENSE,A,N01,"{""distance"": ""long"", ""stance"": ""OO"", ""foot_position"": ""neutral"", ""angle"": ""centerline aligned"", ""ring_position"": ""center"", ""space"": {""A"": ""center"", ""B"": ""center"", ""retreat_available"": ""both""}, ""A"": {""head"": ""center line"", ""weight"": ""neutral / variant dependent"", ""guard"": ""attacking arm displaced; other hand protection conditional"", ""phase"": ""recovery"", ""arm"": ""lead/variant extended"", ""rotation"": ""none"", ""balance"": ""stable"", ""free_hand"": ""both"", ""foot"": ""neutral"", ""bearing"": ""facing opponent""}, ""B"": {""head"": ""center line"", ""weight"": ""neutral / variant dependent"", ""guard"": ""attacking arm displaced; other hand protection conditional"", ""phase"": ""extension"", ""arm"": ""lead/variant extended"", ""rotation"": ""none"", ""balance"": ""stable"", ""free_hand"": ""other hand"", ""foot"": ""neutral"", ""bearing"": ""facing opponent""}, ""belief"": {""A"": ""unknown"", ""B"": ""unknown""}, ""target"": ""head / combination variable"", ""phase_window"": ""A 앞손이 아직 복귀 중이고 B 앞손의 사거리 안""}","{""distance"": ""long"", ""stance"": ""OO"", ""foot_position"": ""neutral"", ""angle"": ""head off punching line; body angle not automatic"", ""ring_position"": ""center"", ""space"": {""A"": ""center"", ""B"": ""center"", ""retreat_available"": ""both""}, ""A"": {""head"": ""outside incoming punch"", ""weight"": ""variant dependent: support/load must be checked"", ""guard"": ""attacking arm displaced; other hand protection conditional"", ""phase"": ""evasion"", ""arm"": ""home"", ""rotation"": ""none"", ""balance"": ""stable"", ""free_hand"": ""both"", ""foot"": ""neutral"", ""bearing"": ""facing opponent""}, ""B"": {""head"": ""center line"", ""weight"": ""neutral / variant dependent"", ""guard"": ""attacking arm displaced; other hand protection conditional"", ""phase"": ""recovery"", ""arm"": ""lead/variant extended"", ""rotation"": ""none"", ""balance"": ""stable"", ""free_hand"": ""other hand"", ""foot"": ""neutral"", ""bearing"": ""facing opponent""}, ""belief"": {""A"": ""unknown"", ""B"": ""unknown""}, ""target"": ""head / combination variable"", ""phase_window"": ""B 잽의 바깥으로 작은 머리 이동; 두 번째 펀치 관찰""}",해당 직선 공격선을 벗어남,다음 펀치 재조준·훅·균형 손실,"[""N01_S5""]",들어오는 특정 펀치의 팔 바깥으로 머리 이동,B 잽의 바깥으로 작은 머리 이동; 두 번째 펀치 관찰,"[""S02"", ""S07""]",biomechanical inference
N01_S5,A: Counter cross · 카운터 크로스,CC,COUNTER,A,N01,"{""distance"": ""long"", ""stance"": ""OO"", ""foot_position"": ""neutral"", ""angle"": ""head off punching line; body angle not automatic"", ""ring_position"": ""center"", ""space"": {""A"": ""center"", ""B"": ""center"", ""retreat_available"": ""both""}, ""A"": {""head"": ""outside incoming punch"", ""weight"": ""variant dependent: support/load must be checked"", ""guard"": ""attacking arm displaced; other hand protection conditional"", ""phase"": ""evasion"", ""arm"": ""home"", ""rotation"": ""none"", ""balance"": ""stable"", ""free_hand"": ""both"", ""foot"": ""neutral"", ""bearing"": ""facing opponent""}, ""B"": {""head"": ""center line"", ""weight"": ""neutral / variant dependent"", ""guard"": ""attacking arm displaced; other hand protection conditional"", ""phase"": ""recovery"", ""arm"": ""lead/variant extended"", ""rotation"": ""none"", ""balance"": ""stable"", ""free_hand"": ""other hand"", ""foot"": ""neutral"", ""bearing"": ""facing opponent""}, ""belief"": {""A"": ""unknown"", ""B"": ""unknown""}, ""target"": ""head / combination variable"", ""phase_window"": ""B 잽의 바깥으로 작은 머리 이동; 두 번째 펀치 관찰""}","{""distance"": ""long"", ""stance"": ""OO"", ""foot_position"": ""neutral"", ""angle"": ""head off punching line; body angle not automatic"", ""ring_position"": ""center"", ""space"": {""A"": ""center"", ""B"": ""center"", ""retreat_available"": ""both""}, ""A"": {""head"": ""outside incoming punch"", ""weight"": ""variant dependent: support/load must be checked"", ""guard"": ""attacking arm displaced; other hand protection conditional"", ""phase"": ""extension"", ""arm"": ""rear extended"", ""rotation"": ""punch-specific rotation; magnitude variable"", ""balance"": ""stable"", ""free_hand"": ""both"", ""foot"": ""neutral"", ""bearing"": ""facing opponent""}, ""B"": {""head"": ""center line"", ""weight"": ""neutral / variant dependent"", ""guard"": ""attacking arm displaced; other hand protection conditional"", ""phase"": ""recovery"", ""arm"": ""lead/variant extended"", ""rotation"": ""none"", ""balance"": ""stable"", ""free_hand"": ""other hand"", ""foot"": ""neutral"", ""bearing"": ""facing opponent""}, ""belief"": {""A"": ""unknown"", ""B"": ""unknown""}, ""target"": ""head / combination variable"", ""phase_window"": ""B 잽 회수 전 뒷손 통로·사거리 확보""}",열린 중앙·늦은 복귀 활용,과도한 진입·다음 훅 위험,"[""N01_S6""]",상대 공격·복귀 창에 뒷손 직선,B 잽 회수 전 뒷손 통로·사거리 확보,"[""S03"", ""S07""]",biomechanical inference
N01_S6,B: Block · 블록,BLOCK,DEFENSE,B,N01,"{""distance"": ""long"", ""stance"": ""OO"", ""foot_position"": ""neutral"", ""angle"": ""head off punching line; body angle not automatic"", ""ring_position"": ""center"", ""space"": {""A"": ""center"", ""B"": ""center"", ""retreat_available"": ""both""}, ""A"": {""head"": ""outside incoming punch"", ""weight"": ""variant dependent: support/load must be checked"", ""guard"": ""attacking arm displaced; other hand protection conditional"", ""phase"": ""extension"", ""arm"": ""rear extended"", ""rotation"": ""punch-specific rotation; magnitude variable"", ""balance"": ""stable"", ""free_hand"": ""both"", ""foot"": ""neutral"", ""bearing"": ""facing opponent""}, ""B"": {""head"": ""center line"", ""weight"": ""neutral / variant dependent"", ""guard"": ""attacking arm displaced; other hand protection conditional"", ""phase"": ""recovery"", ""arm"": ""lead/variant extended"", ""rotation"": ""none"", ""balance"": ""stable"", ""free_hand"": ""other hand"", ""foot"": ""neutral"", ""bearing"": ""facing opponent""}, ""belief"": {""A"": ""unknown"", ""B"": ""unknown""}, ""target"": ""head / combination variable"", ""phase_window"": ""B 잽 회수 전 뒷손 통로·사거리 확보""}","{""distance"": ""long"", ""stance"": ""OO"", ""foot_position"": ""neutral"", ""angle"": ""head off punching line; body angle not automatic"", ""ring_position"": ""center"", ""space"": {""A"": ""center"", ""B"": ""center"", ""retreat_available"": ""both""}, ""A"": {""head"": ""outside incoming punch"", ""weight"": ""variant dependent: support/load must be checked"", ""guard"": ""attacking arm displaced; other hand protection conditional"", ""phase"": ""recovery"", ""arm"": ""rear extended"", ""rotation"": ""punch-specific rotation; magnitude variable"", ""balance"": ""stable"", ""free_hand"": ""both"", ""foot"": ""neutral"", ""bearing"": ""facing opponent""}, ""B"": {""head"": ""center line"", ""weight"": ""neutral / variant dependent"", ""guard"": ""target-specific block"", ""phase"": ""impact/cover"", ""arm"": ""home"", ""rotation"": ""none"", ""balance"": ""stable"", ""free_hand"": ""other hand"", ""foot"": ""neutral"", ""bearing"": ""facing opponent""}, ""belief"": {""A"": ""unknown"", ""B"": ""unknown""}, ""target"": ""head / combination variable"", ""phase_window"": ""B 앞손을 회수해 크로스 라인 블록""}",머리·보디 맞교환을 제한,충격·다른 표적 열림·고정 방어 읽힘,"[""N01_S7""]",팔·글러브로 예상 공격 통로를 닫음,B 앞손을 회수해 크로스 라인 블록,"[""S01"", ""S02""]",biomechanical inference
N01_S7,B: Exit angle · 각도 탈출,EXIT,POSITION,B,N01,"{""distance"": ""long"", ""stance"": ""OO"", ""foot_position"": ""neutral"", ""angle"": ""head off punching line; body angle not automatic"", ""ring_position"": ""center"", ""space"": {""A"": ""center"", ""B"": ""center"", ""retreat_available"": ""both""}, ""A"": {""head"": ""outside incoming punch"", ""weight"": ""variant dependent: support/load must be checked"", ""guard"": ""attacking arm displaced; other hand protection conditional"", ""phase"": ""recovery"", ""arm"": ""rear extended"", ""rotation"": ""punch-specific rotation; magnitude variable"", ""balance"": ""stable"", ""free_hand"": ""both"", ""foot"": ""neutral"", ""bearing"": ""facing opponent""}, ""B"": {""head"": ""center line"", ""weight"": ""neutral / variant dependent"", ""guard"": ""target-specific block"", ""phase"": ""impact/cover"", ""arm"": ""home"", ""rotation"": ""none"", ""balance"": ""stable"", ""free_hand"": ""other hand"", ""foot"": ""neutral"", ""bearing"": ""facing opponent""}, ""belief"": {""A"": ""unknown"", ""B"": ""unknown""}, ""target"": ""head / combination variable"", ""phase_window"": ""B 앞손을 회수해 크로스 라인 블록""}","{""distance"": ""long"", ""stance"": ""OO"", ""foot_position"": ""angle candidate"", ""angle"": ""off-line candidate; opponent may reorient"", ""ring_position"": ""center"", ""space"": {""A"": ""center"", ""B"": ""center"", ""retreat_available"": ""both""}, ""A"": {""head"": ""outside incoming punch"", ""weight"": ""variant dependent: support/load must be checked"", ""guard"": ""attacking arm displaced; other hand protection conditional"", ""phase"": ""recovery"", ""arm"": ""rear extended"", ""rotation"": ""punch-specific rotation; magnitude variable"", ""balance"": ""stable"", ""free_hand"": ""both"", ""foot"": ""neutral"", ""bearing"": ""facing opponent""}, ""B"": {""head"": ""center line"", ""weight"": ""neutral / variant dependent"", ""guard"": ""target-specific block"", ""phase"": ""footwork"", ""arm"": ""home"", ""rotation"": ""none"", ""balance"": ""stable only after placement; transient step risk"", ""free_hand"": ""other hand"", ""foot"": ""neutral"", ""bearing"": ""reoriented toward opponent; conditional completion""}, ""belief"": {""A"": ""unknown"", ""B"": ""unknown""}, ""target"": ""head / combination variable"", ""phase_window"": ""옆 출구가 비고 A의 다음 훅 전""}",콤비네이션 직선 추격에서 벗어남,상대 훅·링 커팅·뒤돌기 금지,"[""N01_S8""]",방어·짧은 타격 뒤 옆 이동과 재지향,옆 출구가 비고 A의 다음 훅 전,"[""S06""]",biomechanical inference
N01_S8,A: Reset · 재정렬,RESET,POSITION,A,N01,"{""distance"": ""long"", ""stance"": ""OO"", ""foot_position"": ""angle candidate"", ""angle"": ""off-line candidate; opponent may reorient"", ""ring_position"": ""center"", ""space"": {""A"": ""center"", ""B"": ""center"", ""retreat_available"": ""both""}, ""A"": {""head"": ""outside incoming punch"", ""weight"": ""variant dependent: support/load must be checked"", ""guard"": ""attacking arm displaced; other hand protection conditional"", ""phase"": ""recovery"", ""arm"": ""rear extended"", ""rotation"": ""punch-specific rotation; magnitude variable"", ""balance"": ""stable"", ""free_hand"": ""both"", ""foot"": ""neutral"", ""bearing"": ""facing opponent""}, ""B"": {""head"": ""center line"", ""weight"": ""neutral / variant dependent"", ""guard"": ""target-specific block"", ""phase"": ""footwork"", ""arm"": ""home"", ""rotation"": ""none"", ""balance"": ""stable only after placement; transient step risk"", ""free_hand"": ""other hand"", ""foot"": ""neutral"", ""bearing"": ""reoriented toward opponent; conditional completion""}, ""belief"": {""A"": ""unknown"", ""B"": ""unknown""}, ""target"": ""head / combination variable"", ""phase_window"": ""옆 출구가 비고 A의 다음 훅 전""}","{""distance"": ""long"", ""stance"": ""OO"", ""foot_position"": ""neutral"", ""angle"": ""centerline aligned"", ""ring_position"": ""center"", ""space"": {""A"": ""center"", ""B"": ""center"", ""retreat_available"": ""both""}, ""A"": {""head"": ""center line / guarded"", ""weight"": ""neutral / ready"", ""guard"": ""normal"", ""phase"": ""neutral"", ""arm"": ""home"", ""rotation"": ""none"", ""balance"": ""stable"", ""free_hand"": ""both"", ""foot"": ""neutral"", ""bearing"": ""facing opponent""}, ""B"": {""head"": ""center line / guarded"", ""weight"": ""neutral / ready"", ""guard"": ""normal"", ""phase"": ""neutral"", ""arm"": ""home"", ""rotation"": ""none"", ""balance"": ""stable"", ""free_hand"": ""both"", ""foot"": ""neutral"", ""bearing"": ""facing opponent""}, ""belief"": {""A"": ""unknown"", ""B"": ""unknown""}, ""target"": ""none"", ""phase_window"": ""B 탈출 후 양쪽이 가드·발을 복귀""}",새 교환 준비,시간 비용; 상대가 계속 치면 완료 불가,"[""N01_S0""]",손·발·시선·상대 bearing을 다시 맞춤,B 탈출 후 양쪽이 가드·발을 복귀,"[""S06""]",biomechanical inference
N01_S9,A: Jab feint · 잽 페인트,JF,MANIPULATION,A,N01,"{""distance"": ""long"", ""stance"": ""OO"", ""foot_position"": ""neutral"", ""angle"": ""centerline aligned"", ""ring_position"": ""center"", ""space"": {""A"": ""center"", ""B"": ""center"", ""retreat_available"": ""both""}, ""A"": {""head"": ""center line"", ""weight"": ""neutral / variant dependent"", ""guard"": ""normal"", ""phase"": ""neutral"", ""arm"": ""home"", ""rotation"": ""none"", ""balance"": ""stable"", ""free_hand"": ""both"", ""foot"": ""neutral"", ""bearing"": ""facing opponent""}, ""B"": {""head"": ""center line"", ""weight"": ""neutral / variant dependent"", ""guard"": ""normal"", ""phase"": ""neutral"", ""arm"": ""home"", ""rotation"": ""none"", ""balance"": ""stable"", ""free_hand"": ""both"", ""foot"": ""neutral"", ""bearing"": ""facing opponent""}, ""belief"": {""A"": ""unknown"", ""B"": ""unknown""}, ""target"": ""none"", ""phase_window"": ""neutral""}","{""distance"": ""long"", ""stance"": ""OO"", ""foot_position"": ""neutral"", ""angle"": ""centerline aligned"", ""ring_position"": ""center"", ""space"": {""A"": ""center"", ""B"": ""center"", ""retreat_available"": ""both""}, ""A"": {""head"": ""center line"", ""weight"": ""neutral / variant dependent"", ""guard"": ""normal"", ""phase"": ""startup cue / observing"", ""arm"": ""home"", ""rotation"": ""none"", ""balance"": ""stable"", ""free_hand"": ""both"", ""foot"": ""neutral"", ""bearing"": ""facing opponent""}, ""B"": {""head"": ""center line"", ""weight"": ""neutral / variant dependent"", ""guard"": ""normal"", ""phase"": ""neutral"", ""arm"": ""home"", ""rotation"": ""none"", ""balance"": ""stable"", ""free_hand"": ""both"", ""foot"": ""neutral"", ""bearing"": ""facing opponent""}, ""belief"": {""A"": ""unknown"", ""B"": ""cue observed; response not deterministic""}, ""target"": ""none"", ""phase_window"": ""잽에 먼저 손을 움직이는 B의 습관을 읽은 경우""}",패리·슬립·반격의 선택을 탐색,반응 없음·실제 카운터·타이밍 비용,"[""N01_S10""]",잽 startup 단서를 주고 완전 신전은 보류,잽에 먼저 손을 움직이는 B의 습관을 읽은 경우,"[""S05"", ""S14""]",biomechanical inference
N01_S10,B: Premature / wide parry · 조기·큰 패리,WIDE,DEFENSE,B,N01,"{""distance"": ""long"", ""stance"": ""OO"", ""foot_position"": ""neutral"", ""angle"": ""centerline aligned"", ""ring_position"": ""center"", ""space"": {""A"": ""center"", ""B"": ""center"", ""retreat_available"": ""both""}, ""A"": {""head"": ""center line"", ""weight"": ""neutral / variant dependent"", ""guard"": ""normal"", ""phase"": ""startup cue / observing"", ""arm"": ""home"", ""rotation"": ""none"", ""balance"": ""stable"", ""free_hand"": ""both"", ""foot"": ""neutral"", ""bearing"": ""facing opponent""}, ""B"": {""head"": ""center line"", ""weight"": ""neutral / variant dependent"", ""guard"": ""normal"", ""phase"": ""neutral"", ""arm"": ""home"", ""rotation"": ""none"", ""balance"": ""stable"", ""free_hand"": ""both"", ""foot"": ""neutral"", ""bearing"": ""facing opponent""}, ""belief"": {""A"": ""unknown"", ""B"": ""cue observed; response not deterministic""}, ""target"": ""none"", ""phase_window"": ""잽에 먼저 손을 움직이는 B의 습관을 읽은 경우""}","{""distance"": ""long"", ""stance"": ""OO"", ""foot_position"": ""neutral"", ""angle"": ""centerline aligned"", ""ring_position"": ""center"", ""space"": {""A"": ""center"", ""B"": ""center"", ""retreat_available"": ""both""}, ""A"": {""head"": ""center line"", ""weight"": ""neutral / variant dependent"", ""guard"": ""normal"", ""phase"": ""startup cue / observing"", ""arm"": ""home"", ""rotation"": ""none"", ""balance"": ""stable"", ""free_hand"": ""both"", ""foot"": ""neutral"", ""bearing"": ""facing opponent""}, ""B"": {""head"": ""center line"", ""weight"": ""neutral / variant dependent"", ""guard"": ""parry-displaced / opening conditional"", ""phase"": ""impact/deflection"", ""arm"": ""parrying hand displaced"", ""rotation"": ""none"", ""balance"": ""stable"", ""free_hand"": ""other hand"", ""foot"": ""neutral"", ""bearing"": ""facing opponent""}, ""belief"": {""A"": ""unknown"", ""B"": ""cue observed; response not deterministic""}, ""target"": ""none"", ""phase_window"": ""B가 조기에 뒷손을 넓게 이동""}",예측이 맞으면 미리 공격 통로 변화,손 측면·중앙 공백; 페인트 비용,"[""N01_S11""]",실제 펀치 전 또는 필요 이상 손을 이동,B가 조기에 뒷손을 넓게 이동,"[""S02""]",biomechanical inference
N01_S11,A: Lead hook · 앞손 훅,LH,OFFENSE,A,N01,"{""distance"": ""long"", ""stance"": ""OO"", ""foot_position"": ""neutral"", ""angle"": ""centerline aligned"", ""ring_position"": ""center"", ""space"": {""A"": ""center"", ""B"": ""center"", ""retreat_available"": ""both""}, ""A"": {""head"": ""center line"", ""weight"": ""neutral / variant dependent"", ""guard"": ""normal"", ""phase"": ""startup cue / observing"", ""arm"": ""home"", ""rotation"": ""none"", ""balance"": ""stable"", ""free_hand"": ""both"", ""foot"": ""neutral"", ""bearing"": ""facing opponent""}, ""B"": {""head"": ""center line"", ""weight"": ""neutral / variant dependent"", ""guard"": ""parry-displaced / opening conditional"", ""phase"": ""impact/deflection"", ""arm"": ""parrying hand displaced"", ""rotation"": ""none"", ""balance"": ""stable"", ""free_hand"": ""other hand"", ""foot"": ""neutral"", ""bearing"": ""facing opponent""}, ""belief"": {""A"": ""unknown"", ""B"": ""cue observed; response not deterministic""}, ""target"": ""none"", ""phase_window"": ""B가 조기에 뒷손을 넓게 이동""}","{""distance"": ""mid"", ""stance"": ""OO"", ""foot_position"": ""neutral"", ""angle"": ""centerline aligned"", ""ring_position"": ""center"", ""space"": {""A"": ""center"", ""B"": ""center"", ""retreat_available"": ""both""}, ""A"": {""head"": ""center line"", ""weight"": ""neutral / variant dependent"", ""guard"": ""attacking arm displaced; other hand protection conditional"", ""phase"": ""extension"", ""arm"": ""lead/variant extended"", ""rotation"": ""punch-specific rotation; magnitude variable"", ""balance"": ""stable"", ""free_hand"": ""both"", ""foot"": ""neutral"", ""bearing"": ""facing opponent""}, ""B"": {""head"": ""center line"", ""weight"": ""neutral / variant dependent"", ""guard"": ""parry-displaced / opening conditional"", ""phase"": ""impact/deflection"", ""arm"": ""parrying hand displaced"", ""rotation"": ""none"", ""balance"": ""stable"", ""free_hand"": ""other hand"", ""foot"": ""neutral"", ""bearing"": ""facing opponent""}, ""belief"": {""A"": ""unknown"", ""B"": ""cue observed; response not deterministic""}, ""target"": ""head / combination variable"", ""phase_window"": ""B 뒷손 측면이 실제로 비고 중거리 접근 완료""}",직선 밖 이동한 표적·측면 가드 공략,넓게 돌면 직선 인터셉트와 반대 훅에 노출,"[""N01_S12""]",앞손 곡선으로 옆 표적을 향하고 짧게 회수,B 뒷손 측면이 실제로 비고 중거리 접근 완료,"[""S03""]",biomechanical inference
N01_S12,B: Weave / roll · 위빙·롤,ROLL,DEFENSE,B,N01,"{""distance"": ""mid"", ""stance"": ""OO"", ""foot_position"": ""neutral"", ""angle"": ""centerline aligned"", ""ring_position"": ""center"", ""space"": {""A"": ""center"", ""B"": ""center"", ""retreat_available"": ""both""}, ""A"": {""head"": ""center line"", ""weight"": ""neutral / variant dependent"", ""guard"": ""attacking arm displaced; other hand protection conditional"", ""phase"": ""extension"", ""arm"": ""lead/variant extended"", ""rotation"": ""punch-specific rotation; magnitude variable"", ""balance"": ""stable"", ""free_hand"": ""both"", ""foot"": ""neutral"", ""bearing"": ""facing opponent""}, ""B"": {""head"": ""center line"", ""weight"": ""neutral / variant dependent"", ""guard"": ""parry-displaced / opening conditional"", ""phase"": ""impact/deflection"", ""arm"": ""parrying hand displaced"", ""rotation"": ""none"", ""balance"": ""stable"", ""free_hand"": ""other hand"", ""foot"": ""neutral"", ""bearing"": ""facing opponent""}, ""belief"": {""A"": ""unknown"", ""B"": ""cue observed; response not deterministic""}, ""target"": ""head / combination variable"", ""phase_window"": ""B 뒷손 측면이 실제로 비고 중거리 접근 완료""}","{""distance"": ""mid"", ""stance"": ""OO"", ""foot_position"": ""neutral"", ""angle"": ""centerline aligned"", ""ring_position"": ""center"", ""space"": {""A"": ""center"", ""B"": ""center"", ""retreat_available"": ""both""}, ""A"": {""head"": ""center line"", ""weight"": ""neutral / variant dependent"", ""guard"": ""attacking arm displaced; other hand protection conditional"", ""phase"": ""recovery"", ""arm"": ""lead/variant extended"", ""rotation"": ""punch-specific rotation; magnitude variable"", ""balance"": ""stable"", ""free_hand"": ""both"", ""foot"": ""neutral"", ""bearing"": ""facing opponent""}, ""B"": {""head"": ""low → lateral path"", ""weight"": ""exit leg dependent"", ""guard"": ""parry-displaced / opening conditional"", ""phase"": ""evasion"", ""arm"": ""home"", ""rotation"": ""roll exit-dependent"", ""balance"": ""stable"", ""free_hand"": ""other hand"", ""foot"": ""neutral"", ""bearing"": ""facing opponent""}, ""belief"": {""A"": ""unknown"", ""B"": ""cue observed; response not deterministic""}, ""target"": ""head / combination variable"", ""phase_window"": ""훅보다 먼저 무릎을 낮추고 출구 측면으로 이동""}",높은 훅 아래를 지나 측면으로 나옴,반복 경로·허리 굽힘·다음 낮은 공격,"[""N01_S13""]",무릎·몸통으로 U형 또는 곡선 머리 이동,훅보다 먼저 무릎을 낮추고 출구 측면으로 이동,"[""S01"", ""S08"", ""S09""]",biomechanical inference
N01_S13,B: Counter body shot · 보디 카운터,CB,COUNTER,B,N01,"{""distance"": ""mid"", ""stance"": ""OO"", ""foot_position"": ""neutral"", ""angle"": ""centerline aligned"", ""ring_position"": ""center"", ""space"": {""A"": ""center"", ""B"": ""center"", ""retreat_available"": ""both""}, ""A"": {""head"": ""center line"", ""weight"": ""neutral / variant dependent"", ""guard"": ""attacking arm displaced; other hand protection conditional"", ""phase"": ""recovery"", ""arm"": ""lead/variant extended"", ""rotation"": ""punch-specific rotation; magnitude variable"", ""balance"": ""stable"", ""free_hand"": ""both"", ""foot"": ""neutral"", ""bearing"": ""facing opponent""}, ""B"": {""head"": ""low → lateral path"", ""weight"": ""exit leg dependent"", ""guard"": ""parry-displaced / opening conditional"", ""phase"": ""evasion"", ""arm"": ""home"", ""rotation"": ""roll exit-dependent"", ""balance"": ""stable"", ""free_hand"": ""other hand"", ""foot"": ""neutral"", ""bearing"": ""facing opponent""}, ""belief"": {""A"": ""unknown"", ""B"": ""cue observed; response not deterministic""}, ""target"": ""head / combination variable"", ""phase_window"": ""훅보다 먼저 무릎을 낮추고 출구 측면으로 이동""}","{""distance"": ""pocket"", ""stance"": ""OO"", ""foot_position"": ""neutral"", ""angle"": ""centerline aligned"", ""ring_position"": ""center"", ""space"": {""A"": ""center"", ""B"": ""center"", ""retreat_available"": ""both""}, ""A"": {""head"": ""center line"", ""weight"": ""neutral / variant dependent"", ""guard"": ""attacking arm displaced; other hand protection conditional"", ""phase"": ""recovery"", ""arm"": ""lead/variant extended"", ""rotation"": ""punch-specific rotation; magnitude variable"", ""balance"": ""stable"", ""free_hand"": ""both"", ""foot"": ""neutral"", ""bearing"": ""facing opponent""}, ""B"": {""head"": ""low; lateral offset conditional"", ""weight"": ""exit leg dependent"", ""guard"": ""attacking arm displaced; other hand protection conditional"", ""phase"": ""extension"", ""arm"": ""lead/variant extended"", ""rotation"": ""roll exit-dependent"", ""balance"": ""stable"", ""free_hand"": ""other hand"", ""foot"": ""neutral"", ""bearing"": ""facing opponent""}, ""belief"": {""A"": ""unknown"", ""B"": ""cue observed; response not deterministic""}, ""target"": ""body"", ""phase_window"": ""롤 출구에서 몸통 표적이 닿음""}",들린 팔·높은 가드 아래 이용,머리를 맞교환 라인에 두면 위험,"[""N01_S14""]",상대 위쪽 공격 뒤 합법 몸통 표적,롤 출구에서 몸통 표적이 닿음,"[""S16"", ""S10""]",biomechanical inference
N01_S14,A: Elbow body block · 팔꿈치 블록,ELBOW,DEFENSE,A,N01,"{""distance"": ""pocket"", ""stance"": ""OO"", ""foot_position"": ""neutral"", ""angle"": ""centerline aligned"", ""ring_position"": ""center"", ""space"": {""A"": ""center"", ""B"": ""center"", ""retreat_available"": ""both""}, ""A"": {""head"": ""center line"", ""weight"": ""neutral / variant dependent"", ""guard"": ""attacking arm displaced; other hand protection conditional"", ""phase"": ""recovery"", ""arm"": ""lead/variant extended"", ""rotation"": ""punch-specific rotation; magnitude variable"", ""balance"": ""stable"", ""free_hand"": ""both"", ""foot"": ""neutral"", ""bearing"": ""facing opponent""}, ""B"": {""head"": ""low; lateral offset conditional"", ""weight"": ""exit leg dependent"", ""guard"": ""attacking arm displaced; other hand protection conditional"", ""phase"": ""extension"", ""arm"": ""lead/variant extended"", ""rotation"": ""roll exit-dependent"", ""balance"": ""stable"", ""free_hand"": ""other hand"", ""foot"": ""neutral"", ""bearing"": ""facing opponent""}, ""belief"": {""A"": ""unknown"", ""B"": ""cue observed; response not deterministic""}, ""target"": ""body"", ""phase_window"": ""롤 출구에서 몸통 표적이 닿음""}","{""distance"": ""pocket"", ""stance"": ""OO"", ""foot_position"": ""neutral"", ""angle"": ""centerline aligned"", ""ring_position"": ""center"", ""space"": {""A"": ""center"", ""B"": ""center"", ""retreat_available"": ""both""}, ""A"": {""head"": ""center line"", ""weight"": ""neutral / variant dependent"", ""guard"": ""elbow tucked; head glove conditional"", ""phase"": ""impact/cover"", ""arm"": ""home"", ""rotation"": ""punch-specific rotation; magnitude variable"", ""balance"": ""stable"", ""free_hand"": ""both"", ""foot"": ""neutral"", ""bearing"": ""facing opponent""}, ""B"": {""head"": ""low; lateral offset conditional"", ""weight"": ""exit leg dependent"", ""guard"": ""attacking arm displaced; other hand protection conditional"", ""phase"": ""recovery"", ""arm"": ""lead/variant extended"", ""rotation"": ""roll exit-dependent"", ""balance"": ""stable"", ""free_hand"": ""other hand"", ""foot"": ""neutral"", ""bearing"": ""facing opponent""}, ""belief"": {""A"": ""unknown"", ""B"": ""cue observed; response not deterministic""}, ""target"": ""body"", ""phase_window"": ""팔꿈치와 몸통으로 짧은 보디 타격 차단""}",보디 훅·사선 공격을 팔로 받음,같은 쪽 머리 가드가 실제로 내려가면 head opening,"[""N01_S15""]",팔꿈치를 좁히거나 몸통 회전으로 보디 통로 차단,팔꿈치와 몸통으로 짧은 보디 타격 차단,"[""S01"", ""S16""]",biomechanical inference
N01_S15,A: Counter hook · 카운터 훅,CH,COUNTER,A,N01,"{""distance"": ""pocket"", ""stance"": ""OO"", ""foot_position"": ""neutral"", ""angle"": ""centerline aligned"", ""ring_position"": ""center"", ""space"": {""A"": ""center"", ""B"": ""center"", ""retreat_available"": ""both""}, ""A"": {""head"": ""center line"", ""weight"": ""neutral / variant dependent"", ""guard"": ""elbow tucked; head glove conditional"", ""phase"": ""impact/cover"", ""arm"": ""home"", ""rotation"": ""punch-specific rotation; magnitude variable"", ""balance"": ""stable"", ""free_hand"": ""both"", ""foot"": ""neutral"", ""bearing"": ""facing opponent""}, ""B"": {""head"": ""low; lateral offset conditional"", ""weight"": ""exit leg dependent"", ""guard"": ""attacking arm displaced; other hand protection conditional"", ""phase"": ""recovery"", ""arm"": ""lead/variant extended"", ""rotation"": ""roll exit-dependent"", ""balance"": ""stable"", ""free_hand"": ""other hand"", ""foot"": ""neutral"", ""bearing"": ""facing opponent""}, ""belief"": {""A"": ""unknown"", ""B"": ""cue observed; response not deterministic""}, ""target"": ""body"", ""phase_window"": ""팔꿈치와 몸통으로 짧은 보디 타격 차단""}","{""distance"": ""pocket"", ""stance"": ""OO"", ""foot_position"": ""neutral"", ""angle"": ""centerline aligned"", ""ring_position"": ""center"", ""space"": {""A"": ""center"", ""B"": ""center"", ""retreat_available"": ""both""}, ""A"": {""head"": ""center line"", ""weight"": ""neutral / variant dependent"", ""guard"": ""attacking arm displaced; other hand protection conditional"", ""phase"": ""extension"", ""arm"": ""lead/variant extended"", ""rotation"": ""punch-specific rotation; magnitude variable"", ""balance"": ""stable"", ""free_hand"": ""both"", ""foot"": ""neutral"", ""bearing"": ""facing opponent""}, ""B"": {""head"": ""low; lateral offset conditional"", ""weight"": ""exit leg dependent"", ""guard"": ""attacking arm displaced; other hand protection conditional"", ""phase"": ""recovery"", ""arm"": ""lead/variant extended"", ""rotation"": ""roll exit-dependent"", ""balance"": ""stable"", ""free_hand"": ""other hand"", ""foot"": ""neutral"", ""bearing"": ""facing opponent""}, ""belief"": {""A"": ""unknown"", ""B"": ""cue observed; response not deterministic""}, ""target"": ""head / combination variable"", ""phase_window"": ""B 공격팔 회수 동안 머리 표적 접근""}",직선 복귀·측면 노출 활용,"짧은 사거리, 반대 손 카운터","[""N01_S16""]",방어로 생긴 측면 표적을 짧게 공격,B 공격팔 회수 동안 머리 표적 접근,"[""S03"", ""S16""]",biomechanical inference
N01_S16,B: Pivot · 피벗,PIVOT,POSITION,B,N01,"{""distance"": ""pocket"", ""stance"": ""OO"", ""foot_position"": ""neutral"", ""angle"": ""centerline aligned"", ""ring_position"": ""center"", ""space"": {""A"": ""center"", ""B"": ""center"", ""retreat_available"": ""both""}, ""A"": {""head"": ""center line"", ""weight"": ""neutral / variant dependent"", ""guard"": ""attacking arm displaced; other hand protection conditional"", ""phase"": ""extension"", ""arm"": ""lead/variant extended"", ""rotation"": ""punch-specific rotation; magnitude variable"", ""balance"": ""stable"", ""free_hand"": ""both"", ""foot"": ""neutral"", ""bearing"": ""facing opponent""}, ""B"": {""head"": ""low; lateral offset conditional"", ""weight"": ""exit leg dependent"", ""guard"": ""attacking arm displaced; other hand protection conditional"", ""phase"": ""recovery"", ""arm"": ""lead/variant extended"", ""rotation"": ""roll exit-dependent"", ""balance"": ""stable"", ""free_hand"": ""other hand"", ""foot"": ""neutral"", ""bearing"": ""facing opponent""}, ""belief"": {""A"": ""unknown"", ""B"": ""cue observed; response not deterministic""}, ""target"": ""head / combination variable"", ""phase_window"": ""B 공격팔 회수 동안 머리 표적 접근""}","{""distance"": ""pocket"", ""stance"": ""OO"", ""foot_position"": ""angle candidate"", ""angle"": ""off-line candidate; opponent may reorient"", ""ring_position"": ""center"", ""space"": {""A"": ""center"", ""B"": ""center"", ""retreat_available"": ""both""}, ""A"": {""head"": ""center line"", ""weight"": ""neutral / variant dependent"", ""guard"": ""attacking arm displaced; other hand protection conditional"", ""phase"": ""recovery"", ""arm"": ""lead/variant extended"", ""rotation"": ""punch-specific rotation; magnitude variable"", ""balance"": ""stable"", ""free_hand"": ""both"", ""foot"": ""neutral"", ""bearing"": ""facing opponent""}, ""B"": {""head"": ""low; lateral offset conditional"", ""weight"": ""exit leg dependent"", ""guard"": ""attacking arm displaced; other hand protection conditional"", ""phase"": ""footwork"", ""arm"": ""home"", ""rotation"": ""roll exit-dependent"", ""balance"": ""stable only after placement; transient step risk"", ""free_hand"": ""other hand"", ""foot"": ""neutral"", ""bearing"": ""reoriented toward opponent; conditional completion""}, ""belief"": {""A"": ""unknown"", ""B"": ""cue observed; response not deterministic""}, ""target"": ""head / combination variable"", ""phase_window"": ""축발·측면 출구 확보""}",공격선 옆각도·출구 확보,축발 막힘·과회전·상대가 같이 돌기,"[""N01_S17""]",지지발 주위로 다른 발과 몸을 재지향,축발·측면 출구 확보,"[""S06""]",biomechanical inference
N01_S17,A: Reset · 재정렬,RESET,POSITION,A,N01,"{""distance"": ""pocket"", ""stance"": ""OO"", ""foot_position"": ""angle candidate"", ""angle"": ""off-line candidate; opponent may reorient"", ""ring_position"": ""center"", ""space"": {""A"": ""center"", ""B"": ""center"", ""retreat_available"": ""both""}, ""A"": {""head"": ""center line"", ""weight"": ""neutral / variant dependent"", ""guard"": ""attacking arm displaced; other hand protection conditional"", ""phase"": ""recovery"", ""arm"": ""lead/variant extended"", ""rotation"": ""punch-specific rotation; magnitude variable"", ""balance"": ""stable"", ""free_hand"": ""both"", ""foot"": ""neutral"", ""bearing"": ""facing opponent""}, ""B"": {""head"": ""low; lateral offset conditional"", ""weight"": ""exit leg dependent"", ""guard"": ""attacking arm displaced; other hand protection conditional"", ""phase"": ""footwork"", ""arm"": ""home"", ""rotation"": ""roll exit-dependent"", ""balance"": ""stable only after placement; transient step risk"", ""free_hand"": ""other hand"", ""foot"": ""neutral"", ""bearing"": ""reoriented toward opponent; conditional completion""}, ""belief"": {""A"": ""unknown"", ""B"": ""cue observed; response not deterministic""}, ""target"": ""head / combination variable"", ""phase_window"": ""축발·측면 출구 확보""}","{""distance"": ""mid"", ""stance"": ""OO"", ""foot_position"": ""neutral"", ""angle"": ""centerline aligned"", ""ring_position"": ""center"", ""space"": {""A"": ""center"", ""B"": ""center"", ""retreat_available"": ""both""}, ""A"": {""head"": ""center line / guarded"", ""weight"": ""neutral / ready"", ""guard"": ""normal"", ""phase"": ""neutral"", ""arm"": ""home"", ""rotation"": ""none"", ""balance"": ""stable"", ""free_hand"": ""both"", ""foot"": ""neutral"", ""bearing"": ""facing opponent""}, ""B"": {""head"": ""center line / guarded"", ""weight"": ""neutral / ready"", ""guard"": ""normal"", ""phase"": ""neutral"", ""arm"": ""home"", ""rotation"": ""none"", ""balance"": ""stable"", ""free_hand"": ""both"", ""foot"": ""neutral"", ""bearing"": ""facing opponent""}, ""belief"": {""A"": ""unknown"", ""B"": ""cue observed; response not deterministic""}, ""target"": ""none"", ""phase_window"": ""B 피벗 뒤 추격을 보류하고 재지향""}",새 교환 준비,시간 비용; 상대가 계속 치면 완료 불가,"[""N01_S0""]",손·발·시선·상대 bearing을 다시 맞춤,B 피벗 뒤 추격을 보류하고 재지향,"[""S06""]",biomechanical inference
N01_S18,A: Jab feint · 잽 페인트,JF,MANIPULATION,A,N01,"{""distance"": ""long"", ""stance"": ""OO"", ""foot_position"": ""neutral"", ""angle"": ""centerline aligned"", ""ring_position"": ""center"", ""space"": {""A"": ""center"", ""B"": ""center"", ""retreat_available"": ""both""}, ""A"": {""head"": ""center line"", ""weight"": ""neutral / variant dependent"", ""guard"": ""normal"", ""phase"": ""neutral"", ""arm"": ""home"", ""rotation"": ""none"", ""balance"": ""stable"", ""free_hand"": ""both"", ""foot"": ""neutral"", ""bearing"": ""facing opponent""}, ""B"": {""head"": ""center line"", ""weight"": ""neutral / variant dependent"", ""guard"": ""normal"", ""phase"": ""neutral"", ""arm"": ""home"", ""rotation"": ""none"", ""balance"": ""stable"", ""free_hand"": ""both"", ""foot"": ""neutral"", ""bearing"": ""facing opponent""}, ""belief"": {""A"": ""unknown"", ""B"": ""unknown""}, ""target"": ""none"", ""phase_window"": ""neutral""}","{""distance"": ""long"", ""stance"": ""OO"", ""foot_position"": ""neutral"", ""angle"": ""centerline aligned"", ""ring_position"": ""center"", ""space"": {""A"": ""center"", ""B"": ""center"", ""retreat_available"": ""both""}, ""A"": {""head"": ""center line"", ""weight"": ""neutral / variant dependent"", ""guard"": ""normal"", ""phase"": ""startup cue / observing"", ""arm"": ""home"", ""rotation"": ""none"", ""balance"": ""stable"", ""free_hand"": ""both"", ""foot"": ""neutral"", ""bearing"": ""facing opponent""}, ""B"": {""head"": ""center line"", ""weight"": ""neutral / variant dependent"", ""guard"": ""normal"", ""phase"": ""neutral"", ""arm"": ""home"", ""rotation"": ""none"", ""balance"": ""stable"", ""free_hand"": ""both"", ""foot"": ""neutral"", ""bearing"": ""facing opponent""}, ""belief"": {""A"": ""unknown"", ""B"": ""cue observed; response not deterministic""}, ""target"": ""none"", ""phase_window"": ""페인트가 실제 잽과 비슷한 준비""}",패리·슬립·반격의 선택을 탐색,반응 없음·실제 카운터·타이밍 비용,"[""N01_S19""]",잽 startup 단서를 주고 완전 신전은 보류,페인트가 실제 잽과 비슷한 준비,"[""S05"", ""S14""]",biomechanical inference
N01_S19,B: Read / withhold · 읽고 보류,READ,MANIPULATION,B,N01,"{""distance"": ""long"", ""stance"": ""OO"", ""foot_position"": ""neutral"", ""angle"": ""centerline aligned"", ""ring_position"": ""center"", ""space"": {""A"": ""center"", ""B"": ""center"", ""retreat_available"": ""both""}, ""A"": {""head"": ""center line"", ""weight"": ""neutral / variant dependent"", ""guard"": ""normal"", ""phase"": ""startup cue / observing"", ""arm"": ""home"", ""rotation"": ""none"", ""balance"": ""stable"", ""free_hand"": ""both"", ""foot"": ""neutral"", ""bearing"": ""facing opponent""}, ""B"": {""head"": ""center line"", ""weight"": ""neutral / variant dependent"", ""guard"": ""normal"", ""phase"": ""neutral"", ""arm"": ""home"", ""rotation"": ""none"", ""balance"": ""stable"", ""free_hand"": ""both"", ""foot"": ""neutral"", ""bearing"": ""facing opponent""}, ""belief"": {""A"": ""unknown"", ""B"": ""cue observed; response not deterministic""}, ""target"": ""none"", ""phase_window"": ""페인트가 실제 잽과 비슷한 준비""}","{""distance"": ""long"", ""stance"": ""OO"", ""foot_position"": ""neutral"", ""angle"": ""centerline aligned"", ""ring_position"": ""center"", ""space"": {""A"": ""center"", ""B"": ""center"", ""retreat_available"": ""both""}, ""A"": {""head"": ""center line"", ""weight"": ""neutral / variant dependent"", ""guard"": ""normal"", ""phase"": ""startup cue / observing"", ""arm"": ""home"", ""rotation"": ""none"", ""balance"": ""stable"", ""free_hand"": ""both"", ""foot"": ""neutral"", ""bearing"": ""facing opponent""}, ""B"": {""head"": ""center line / small adjustment"", ""weight"": ""neutral / variant dependent"", ""guard"": ""normal / maintained"", ""phase"": ""observing / preparation"", ""arm"": ""home"", ""rotation"": ""none"", ""balance"": ""stable"", ""free_hand"": ""both"", ""foot"": ""neutral"", ""bearing"": ""facing opponent""}, ""belief"": {""A"": ""cue observed; response not deterministic"", ""B"": ""cue observed; response not deterministic""}, ""target"": ""none"", ""phase_window"": ""B가 팔을 크게 옮기지 않고 거리 유지""}",불필요한 가드 이동 억제,실제 잽·보디 공격을 늦게 읽을 위험,"[""N01_S20""]",페인트 단서만으로 손·머리를 크게 옮기지 않음,B가 팔을 크게 옮기지 않고 거리 유지,"[""S04"", ""S05""]",biomechanical inference
N01_S20,B: Counter jab · 카운터 잽,CJ,COUNTER,B,N01,"{""distance"": ""long"", ""stance"": ""OO"", ""foot_position"": ""neutral"", ""angle"": ""centerline aligned"", ""ring_position"": ""center"", ""space"": {""A"": ""center"", ""B"": ""center"", ""retreat_available"": ""both""}, ""A"": {""head"": ""center line"", ""weight"": ""neutral / variant dependent"", ""guard"": ""normal"", ""phase"": ""startup cue / observing"", ""arm"": ""home"", ""rotation"": ""none"", ""balance"": ""stable"", ""free_hand"": ""both"", ""foot"": ""neutral"", ""bearing"": ""facing opponent""}, ""B"": {""head"": ""center line / small adjustment"", ""weight"": ""neutral / variant dependent"", ""guard"": ""normal / maintained"", ""phase"": ""observing / preparation"", ""arm"": ""home"", ""rotation"": ""none"", ""balance"": ""stable"", ""free_hand"": ""both"", ""foot"": ""neutral"", ""bearing"": ""facing opponent""}, ""belief"": {""A"": ""cue observed; response not deterministic"", ""B"": ""cue observed; response not deterministic""}, ""target"": ""none"", ""phase_window"": ""B가 팔을 크게 옮기지 않고 거리 유지""}","{""distance"": ""long"", ""stance"": ""OO"", ""foot_position"": ""neutral"", ""angle"": ""centerline aligned"", ""ring_position"": ""center"", ""space"": {""A"": ""center"", ""B"": ""center"", ""retreat_available"": ""both""}, ""A"": {""head"": ""center line"", ""weight"": ""neutral / variant dependent"", ""guard"": ""normal"", ""phase"": ""startup cue / observing"", ""arm"": ""home"", ""rotation"": ""none"", ""balance"": ""stable"", ""free_hand"": ""both"", ""foot"": ""neutral"", ""bearing"": ""facing opponent""}, ""B"": {""head"": ""center line / small adjustment"", ""weight"": ""neutral / variant dependent"", ""guard"": ""attacking arm displaced; other hand protection conditional"", ""phase"": ""extension"", ""arm"": ""lead/variant extended"", ""rotation"": ""none"", ""balance"": ""stable"", ""free_hand"": ""both"", ""foot"": ""neutral"", ""bearing"": ""facing opponent""}, ""belief"": {""A"": ""cue observed; response not deterministic"", ""B"": ""cue observed; response not deterministic""}, ""target"": ""head / combination variable"", ""phase_window"": ""A 페인트가 멈춘 박자에 실제 앞손 선제""}",작은 반격으로 주도권·거리 회복,상대의 두 번째 공격에 다시 읽힘,"[""N01_S21""]",방어 뒤 또는 상대 준비에 짧은 앞손 직선,A 페인트가 멈춘 박자에 실제 앞손 선제,"[""S11"", ""S16""]",biomechanical inference
N01_S21,A: Catch · 캐치,CATCH,DEFENSE,A,N01,"{""distance"": ""long"", ""stance"": ""OO"", ""foot_position"": ""neutral"", ""angle"": ""centerline aligned"", ""ring_position"": ""center"", ""space"": {""A"": ""center"", ""B"": ""center"", ""retreat_available"": ""both""}, ""A"": {""head"": ""center line"", ""weight"": ""neutral / variant dependent"", ""guard"": ""normal"", ""phase"": ""startup cue / observing"", ""arm"": ""home"", ""rotation"": ""none"", ""balance"": ""stable"", ""free_hand"": ""both"", ""foot"": ""neutral"", ""bearing"": ""facing opponent""}, ""B"": {""head"": ""center line / small adjustment"", ""weight"": ""neutral / variant dependent"", ""guard"": ""attacking arm displaced; other hand protection conditional"", ""phase"": ""extension"", ""arm"": ""lead/variant extended"", ""rotation"": ""none"", ""balance"": ""stable"", ""free_hand"": ""both"", ""foot"": ""neutral"", ""bearing"": ""facing opponent""}, ""belief"": {""A"": ""cue observed; response not deterministic"", ""B"": ""cue observed; response not deterministic""}, ""target"": ""head / combination variable"", ""phase_window"": ""A 페인트가 멈춘 박자에 실제 앞손 선제""}","{""distance"": ""long"", ""stance"": ""OO"", ""foot_position"": ""neutral"", ""angle"": ""centerline aligned"", ""ring_position"": ""center"", ""space"": {""A"": ""center"", ""B"": ""center"", ""retreat_available"": ""both""}, ""A"": {""head"": ""center line"", ""weight"": ""neutral / variant dependent"", ""guard"": ""small catch; rest covered if recovered"", ""phase"": ""impact/cover"", ""arm"": ""home"", ""rotation"": ""none"", ""balance"": ""stable"", ""free_hand"": ""both"", ""foot"": ""neutral"", ""bearing"": ""facing opponent""}, ""B"": {""head"": ""center line / small adjustment"", ""weight"": ""neutral / variant dependent"", ""guard"": ""attacking arm displaced; other hand protection conditional"", ""phase"": ""recovery"", ""arm"": ""lead/variant extended"", ""rotation"": ""none"", ""balance"": ""stable"", ""free_hand"": ""both"", ""foot"": ""neutral"", ""bearing"": ""facing opponent""}, ""belief"": {""A"": ""cue observed; response not deterministic"", ""B"": ""cue observed; response not deterministic""}, ""target"": ""head / combination variable"", ""phase_window"": ""작은 캐치로 B 잽 수용""}",사거리 유지·반대 손 준비,큰 도달·글러브가 얼굴로 밀림·페인트 반응,"[""N01_S22""]",작은 글러브 면으로 직선을 받음,작은 캐치로 B 잽 수용,"[""S02"", ""S11""]",biomechanical inference
N01_S22,A: Lead jab · 잽,JAB,OFFENSE,A,N01,"{""distance"": ""long"", ""stance"": ""OO"", ""foot_position"": ""neutral"", ""angle"": ""centerline aligned"", ""ring_position"": ""center"", ""space"": {""A"": ""center"", ""B"": ""center"", ""retreat_available"": ""both""}, ""A"": {""head"": ""center line"", ""weight"": ""neutral / variant dependent"", ""guard"": ""small catch; rest covered if recovered"", ""phase"": ""impact/cover"", ""arm"": ""home"", ""rotation"": ""none"", ""balance"": ""stable"", ""free_hand"": ""both"", ""foot"": ""neutral"", ""bearing"": ""facing opponent""}, ""B"": {""head"": ""center line / small adjustment"", ""weight"": ""neutral / variant dependent"", ""guard"": ""attacking arm displaced; other hand protection conditional"", ""phase"": ""recovery"", ""arm"": ""lead/variant extended"", ""rotation"": ""none"", ""balance"": ""stable"", ""free_hand"": ""both"", ""foot"": ""neutral"", ""bearing"": ""facing opponent""}, ""belief"": {""A"": ""cue observed; response not deterministic"", ""B"": ""cue observed; response not deterministic""}, ""target"": ""head / combination variable"", ""phase_window"": ""작은 캐치로 B 잽 수용""}","{""distance"": ""long"", ""stance"": ""OO"", ""foot_position"": ""neutral"", ""angle"": ""centerline aligned"", ""ring_position"": ""center"", ""space"": {""A"": ""center"", ""B"": ""center"", ""retreat_available"": ""both""}, ""A"": {""head"": ""center line"", ""weight"": ""neutral / variant dependent"", ""guard"": ""attacking arm displaced; other hand protection conditional"", ""phase"": ""extension"", ""arm"": ""lead/variant extended"", ""rotation"": ""none"", ""balance"": ""stable"", ""free_hand"": ""both"", ""foot"": ""neutral"", ""bearing"": ""facing opponent""}, ""B"": {""head"": ""center line / small adjustment"", ""weight"": ""neutral / variant dependent"", ""guard"": ""attacking arm displaced; other hand protection conditional"", ""phase"": ""recovery"", ""arm"": ""lead/variant extended"", ""rotation"": ""none"", ""balance"": ""stable"", ""free_hand"": ""both"", ""foot"": ""neutral"", ""bearing"": ""facing opponent""}, ""belief"": {""A"": ""cue observed; response not deterministic"", ""B"": ""cue observed; response not deterministic""}, ""target"": ""head / combination variable"", ""phase_window"": ""B의 가드가 유지된다고 가정하고 실제 잽으로 다시 정보 획득""}",사거리·반응을 확인하고 시야를 가림,앞손 복귀 동안 같은 쪽 가드가 비며 단조로운 타이밍을 읽힐 수 있음,"[""N01_S23""]",앞손을 짧게 직선으로 보내고 복귀,B의 가드가 유지된다고 가정하고 실제 잽으로 다시 정보 획득,"[""S01"", ""S02""]",biomechanical inference
N01_S23,B: Step-back · 후퇴 스텝,BACK,POSITION,B,N01,"{""distance"": ""long"", ""stance"": ""OO"", ""foot_position"": ""neutral"", ""angle"": ""centerline aligned"", ""ring_position"": ""center"", ""space"": {""A"": ""center"", ""B"": ""center"", ""retreat_available"": ""both""}, ""A"": {""head"": ""center line"", ""weight"": ""neutral / variant dependent"", ""guard"": ""attacking arm displaced; other hand protection conditional"", ""phase"": ""extension"", ""arm"": ""lead/variant extended"", ""rotation"": ""none"", ""balance"": ""stable"", ""free_hand"": ""both"", ""foot"": ""neutral"", ""bearing"": ""facing opponent""}, ""B"": {""head"": ""center line / small adjustment"", ""weight"": ""neutral / variant dependent"", ""guard"": ""attacking arm displaced; other hand protection conditional"", ""phase"": ""recovery"", ""arm"": ""lead/variant extended"", ""rotation"": ""none"", ""balance"": ""stable"", ""free_hand"": ""both"", ""foot"": ""neutral"", ""bearing"": ""facing opponent""}, ""belief"": {""A"": ""cue observed; response not deterministic"", ""B"": ""cue observed; response not deterministic""}, ""target"": ""head / combination variable"", ""phase_window"": ""B의 가드가 유지된다고 가정하고 실제 잽으로 다시 정보 획득""}","{""distance"": ""outside"", ""stance"": ""OO"", ""foot_position"": ""neutral"", ""angle"": ""centerline aligned"", ""ring_position"": ""center"", ""space"": {""A"": ""center"", ""B"": ""center"", ""retreat_available"": ""both""}, ""A"": {""head"": ""center line"", ""weight"": ""neutral / variant dependent"", ""guard"": ""attacking arm displaced; other hand protection conditional"", ""phase"": ""recovery"", ""arm"": ""lead/variant extended"", ""rotation"": ""none"", ""balance"": ""stable"", ""free_hand"": ""both"", ""foot"": ""neutral"", ""bearing"": ""facing opponent""}, ""B"": {""head"": ""center line / small adjustment"", ""weight"": ""neutral / variant dependent"", ""guard"": ""attacking arm displaced; other hand protection conditional"", ""phase"": ""footwork"", ""arm"": ""home"", ""rotation"": ""none"", ""balance"": ""stable only after placement; transient step risk"", ""free_hand"": ""both"", ""foot"": ""neutral"", ""bearing"": ""facing opponent""}, ""belief"": {""A"": ""cue observed; response not deterministic"", ""B"": ""cue observed; response not deterministic""}, ""target"": ""head / combination variable"", ""phase_window"": ""뒤 공간이 있을 때 사거리 증가""}",상대 펀치 사거리 밖으로,추격·로프·전진 반격에 새 스텝 필요,"[""N01_S24""]",두 발의 간격을 보존하며 뒤로 이동,뒤 공간이 있을 때 사거리 증가,"[""S01"", ""S06""]",biomechanical inference
N01_S24,A: Probe · 탐색 잽,PROBE,MANIPULATION,A,N01,"{""distance"": ""outside"", ""stance"": ""OO"", ""foot_position"": ""neutral"", ""angle"": ""centerline aligned"", ""ring_position"": ""center"", ""space"": {""A"": ""center"", ""B"": ""center"", ""retreat_available"": ""both""}, ""A"": {""head"": ""center line"", ""weight"": ""neutral / variant dependent"", ""guard"": ""attacking arm displaced; other hand protection conditional"", ""phase"": ""recovery"", ""arm"": ""lead/variant extended"", ""rotation"": ""none"", ""balance"": ""stable"", ""free_hand"": ""both"", ""foot"": ""neutral"", ""bearing"": ""facing opponent""}, ""B"": {""head"": ""center line / small adjustment"", ""weight"": ""neutral / variant dependent"", ""guard"": ""attacking arm displaced; other hand protection conditional"", ""phase"": ""footwork"", ""arm"": ""home"", ""rotation"": ""none"", ""balance"": ""stable only after placement; transient step risk"", ""free_hand"": ""both"", ""foot"": ""neutral"", ""bearing"": ""facing opponent""}, ""belief"": {""A"": ""cue observed; response not deterministic"", ""B"": ""cue observed; response not deterministic""}, ""target"": ""head / combination variable"", ""phase_window"": ""뒤 공간이 있을 때 사거리 증가""}","{""distance"": ""outside"", ""stance"": ""OO"", ""foot_position"": ""neutral"", ""angle"": ""centerline aligned"", ""ring_position"": ""center"", ""space"": {""A"": ""center"", ""B"": ""center"", ""retreat_available"": ""both""}, ""A"": {""head"": ""center line"", ""weight"": ""neutral / variant dependent"", ""guard"": ""attacking arm displaced; other hand protection conditional"", ""phase"": ""observing / preparation"", ""arm"": ""home"", ""rotation"": ""none"", ""balance"": ""stable"", ""free_hand"": ""both"", ""foot"": ""neutral"", ""bearing"": ""facing opponent""}, ""B"": {""head"": ""center line / small adjustment"", ""weight"": ""neutral / variant dependent"", ""guard"": ""attacking arm displaced; other hand protection conditional"", ""phase"": ""footwork"", ""arm"": ""home"", ""rotation"": ""none"", ""balance"": ""stable only after placement; transient step risk"", ""free_hand"": ""both"", ""foot"": ""neutral"", ""bearing"": ""facing opponent""}, ""belief"": {""A"": ""cue observed; response not deterministic"", ""B"": ""cue observed; response not deterministic""}, ""target"": ""head / combination variable"", ""phase_window"": ""사거리 밖에서 재탐색; 타격 성공 주장 없음""}",사거리·반응 패턴에 정보 획득,습관 노출·강한 카운터; 반드시 안전하지 않음,"[""N01_S0""]",짧은 잽·거리 시도로 반응을 관찰,사거리 밖에서 재탐색; 타격 성공 주장 없음,"[""S06"", ""S22""]",biomechanical inference
N02_S0,시작 상태,,STATE,,N02,"{""distance"": ""long"", ""stance"": ""OO"", ""foot_position"": ""neutral"", ""angle"": ""centerline aligned"", ""ring_position"": ""center"", ""space"": {""A"": ""center"", ""B"": ""center"", ""retreat_available"": ""both""}, ""A"": {""head"": ""center line"", ""weight"": ""neutral / variant dependent"", ""guard"": ""normal"", ""phase"": ""neutral"", ""arm"": ""home"", ""rotation"": ""none"", ""balance"": ""stable"", ""free_hand"": ""both"", ""foot"": ""neutral"", ""bearing"": ""facing opponent""}, ""B"": {""head"": ""center line"", ""weight"": ""neutral / variant dependent"", ""guard"": ""normal"", ""phase"": ""neutral"", ""arm"": ""home"", ""rotation"": ""none"", ""balance"": ""stable"", ""free_hand"": ""both"", ""foot"": ""neutral"", ""bearing"": ""facing opponent""}, ""belief"": {""A"": ""unknown"", ""B"": ""unknown""}, ""target"": ""none"", ""phase_window"": ""neutral""}","{""distance"": ""long"", ""stance"": ""OO"", ""foot_position"": ""neutral"", ""angle"": ""centerline aligned"", ""ring_position"": ""center"", ""space"": {""A"": ""center"", ""B"": ""center"", ""retreat_available"": ""both""}, ""A"": {""head"": ""center line"", ""weight"": ""neutral / variant dependent"", ""guard"": ""normal"", ""phase"": ""neutral"", ""arm"": ""home"", ""rotation"": ""none"", ""balance"": ""stable"", ""free_hand"": ""both"", ""foot"": ""neutral"", ""bearing"": ""facing opponent""}, ""B"": {""head"": ""center line"", ""weight"": ""neutral / variant dependent"", ""guard"": ""normal"", ""phase"": ""neutral"", ""arm"": ""home"", ""rotation"": ""none"", ""balance"": ""stable"", ""free_hand"": ""both"", ""foot"": ""neutral"", ""bearing"": ""facing opponent""}, ""belief"": {""A"": ""unknown"", ""B"": ""unknown""}, ""target"": ""none"", ""phase_window"": ""neutral""}",교환의 전제 확인,중립도 선제 위협에 노출,"[""N02_S1"", ""N02_S10"", ""N01_S0"", ""N04_S0"", ""N05_S0"", ""N08_S0"", ""N12_S0"", ""N25_S0""]",,,,
N02_S1,A: Lead jab · 잽,JAB,OFFENSE,A,N02,"{""distance"": ""long"", ""stance"": ""OO"", ""foot_position"": ""neutral"", ""angle"": ""centerline aligned"", ""ring_position"": ""center"", ""space"": {""A"": ""center"", ""B"": ""center"", ""retreat_available"": ""both""}, ""A"": {""head"": ""center line"", ""weight"": ""neutral / variant dependent"", ""guard"": ""normal"", ""phase"": ""neutral"", ""arm"": ""home"", ""rotation"": ""none"", ""balance"": ""stable"", ""free_hand"": ""both"", ""foot"": ""neutral"", ""bearing"": ""facing opponent""}, ""B"": {""head"": ""center line"", ""weight"": ""neutral / variant dependent"", ""guard"": ""normal"", ""phase"": ""neutral"", ""arm"": ""home"", ""rotation"": ""none"", ""balance"": ""stable"", ""free_hand"": ""both"", ""foot"": ""neutral"", ""bearing"": ""facing opponent""}, ""belief"": {""A"": ""unknown"", ""B"": ""unknown""}, ""target"": ""none"", ""phase_window"": ""neutral""}","{""distance"": ""long"", ""stance"": ""OO"", ""foot_position"": ""neutral"", ""angle"": ""centerline aligned"", ""ring_position"": ""center"", ""space"": {""A"": ""center"", ""B"": ""center"", ""retreat_available"": ""both""}, ""A"": {""head"": ""center line"", ""weight"": ""neutral / variant dependent"", ""guard"": ""attacking arm displaced; other hand protection conditional"", ""phase"": ""extension"", ""arm"": ""lead/variant extended"", ""rotation"": ""none"", ""balance"": ""stable"", ""free_hand"": ""both"", ""foot"": ""neutral"", ""bearing"": ""facing opponent""}, ""B"": {""head"": ""center line"", ""weight"": ""neutral / variant dependent"", ""guard"": ""normal"", ""phase"": ""neutral"", ""arm"": ""home"", ""rotation"": ""none"", ""balance"": ""stable"", ""free_hand"": ""both"", ""foot"": ""neutral"", ""bearing"": ""facing opponent""}, ""belief"": {""A"": ""unknown"", ""B"": ""unknown""}, ""target"": ""head / combination variable"", ""phase_window"": ""첫 잽의 표적은 B 중심선""}",사거리·반응을 확인하고 시야를 가림,앞손 복귀 동안 같은 쪽 가드가 비며 단조로운 타이밍을 읽힐 수 있음,"[""N02_S2""]",앞손을 짧게 직선으로 보내고 복귀,첫 잽의 표적은 B 중심선,"[""S01"", ""S02""]",biomechanical inference
N02_S2,B: Outside slip · 바깥 슬립,SOUT,DEFENSE,B,N02,"{""distance"": ""long"", ""stance"": ""OO"", ""foot_position"": ""neutral"", ""angle"": ""centerline aligned"", ""ring_position"": ""center"", ""space"": {""A"": ""center"", ""B"": ""center"", ""retreat_available"": ""both""}, ""A"": {""head"": ""center line"", ""weight"": ""neutral / variant dependent"", ""guard"": ""attacking arm displaced; other hand protection conditional"", ""phase"": ""extension"", ""arm"": ""lead/variant extended"", ""rotation"": ""none"", ""balance"": ""stable"", ""free_hand"": ""both"", ""foot"": ""neutral"", ""bearing"": ""facing opponent""}, ""B"": {""head"": ""center line"", ""weight"": ""neutral / variant dependent"", ""guard"": ""normal"", ""phase"": ""neutral"", ""arm"": ""home"", ""rotation"": ""none"", ""balance"": ""stable"", ""free_hand"": ""both"", ""foot"": ""neutral"", ""bearing"": ""facing opponent""}, ""belief"": {""A"": ""unknown"", ""B"": ""unknown""}, ""target"": ""head / combination variable"", ""phase_window"": ""첫 잽의 표적은 B 중심선""}","{""distance"": ""long"", ""stance"": ""OO"", ""foot_position"": ""neutral"", ""angle"": ""head off punching line; body angle not automatic"", ""ring_position"": ""center"", ""space"": {""A"": ""center"", ""B"": ""center"", ""retreat_available"": ""both""}, ""A"": {""head"": ""center line"", ""weight"": ""neutral / variant dependent"", ""guard"": ""attacking arm displaced; other hand protection conditional"", ""phase"": ""recovery"", ""arm"": ""lead/variant extended"", ""rotation"": ""none"", ""balance"": ""stable"", ""free_hand"": ""both"", ""foot"": ""neutral"", ""bearing"": ""facing opponent""}, ""B"": {""head"": ""outside incoming punch"", ""weight"": ""variant dependent: support/load must be checked"", ""guard"": ""normal"", ""phase"": ""evasion"", ""arm"": ""home"", ""rotation"": ""none"", ""balance"": ""stable"", ""free_hand"": ""both"", ""foot"": ""neutral"", ""bearing"": ""facing opponent""}, ""belief"": {""A"": ""unknown"", ""B"": ""unknown""}, ""target"": ""head / combination variable"", ""phase_window"": ""B가 제자리에서 잽 바깥으로 이동""}",해당 직선 공격선을 벗어남,다음 펀치 재조준·훅·균형 손실,"[""N02_S3""]",들어오는 특정 펀치의 팔 바깥으로 머리 이동,B가 제자리에서 잽 바깥으로 이동,"[""S02"", ""S07""]",biomechanical inference
N02_S3,A: Double jab · 더블 잽,DOUBLE,OFFENSE,A,N02,"{""distance"": ""long"", ""stance"": ""OO"", ""foot_position"": ""neutral"", ""angle"": ""head off punching line; body angle not automatic"", ""ring_position"": ""center"", ""space"": {""A"": ""center"", ""B"": ""center"", ""retreat_available"": ""both""}, ""A"": {""head"": ""center line"", ""weight"": ""neutral / variant dependent"", ""guard"": ""attacking arm displaced; other hand protection conditional"", ""phase"": ""recovery"", ""arm"": ""lead/variant extended"", ""rotation"": ""none"", ""balance"": ""stable"", ""free_hand"": ""both"", ""foot"": ""neutral"", ""bearing"": ""facing opponent""}, ""B"": {""head"": ""outside incoming punch"", ""weight"": ""variant dependent: support/load must be checked"", ""guard"": ""normal"", ""phase"": ""evasion"", ""arm"": ""home"", ""rotation"": ""none"", ""balance"": ""stable"", ""free_hand"": ""both"", ""foot"": ""neutral"", ""bearing"": ""facing opponent""}, ""belief"": {""A"": ""unknown"", ""B"": ""unknown""}, ""target"": ""head / combination variable"", ""phase_window"": ""B가 제자리에서 잽 바깥으로 이동""}","{""distance"": ""long"", ""stance"": ""OO"", ""foot_position"": ""neutral"", ""angle"": ""head off punching line; body angle not automatic"", ""ring_position"": ""center"", ""space"": {""A"": ""center"", ""B"": ""center"", ""retreat_available"": ""both""}, ""A"": {""head"": ""center line"", ""weight"": ""neutral / variant dependent"", ""guard"": ""attacking arm displaced; other hand protection conditional"", ""phase"": ""extension"", ""arm"": ""lead/variant extended"", ""rotation"": ""none"", ""balance"": ""stable"", ""free_hand"": ""both"", ""foot"": ""neutral"", ""bearing"": ""facing opponent""}, ""B"": {""head"": ""outside incoming punch"", ""weight"": ""variant dependent: support/load must be checked"", ""guard"": ""normal"", ""phase"": ""evasion"", ""arm"": ""home"", ""rotation"": ""none"", ""balance"": ""stable"", ""free_hand"": ""both"", ""foot"": ""neutral"", ""bearing"": ""facing opponent""}, ""belief"": {""A"": ""unknown"", ""B"": ""unknown""}, ""target"": ""head / combination variable"", ""phase_window"": ""첫 잽 완전 회수 후 두 번째 잽을 이동 표적에 재조준; 같은 직선 반복 아님""}",한 번의 방어 후 재조준·진입 가능,"두 잽 사이 인터셉트, 연속 전진의 균형 손실","[""N02_S4""]",첫 잽을 복귀시켜 두 번째 잽의 표적·박자를 조절,첫 잽 완전 회수 후 두 번째 잽을 이동 표적에 재조준; 같은 직선 반복 아님,"[""S01"", ""S06""]",biomechanical inference
N02_S4,B: Slip + step · 슬립+스텝,SSTEP,DEFENSE,B,N02,"{""distance"": ""long"", ""stance"": ""OO"", ""foot_position"": ""neutral"", ""angle"": ""head off punching line; body angle not automatic"", ""ring_position"": ""center"", ""space"": {""A"": ""center"", ""B"": ""center"", ""retreat_available"": ""both""}, ""A"": {""head"": ""center line"", ""weight"": ""neutral / variant dependent"", ""guard"": ""attacking arm displaced; other hand protection conditional"", ""phase"": ""extension"", ""arm"": ""lead/variant extended"", ""rotation"": ""none"", ""balance"": ""stable"", ""free_hand"": ""both"", ""foot"": ""neutral"", ""bearing"": ""facing opponent""}, ""B"": {""head"": ""outside incoming punch"", ""weight"": ""variant dependent: support/load must be checked"", ""guard"": ""normal"", ""phase"": ""evasion"", ""arm"": ""home"", ""rotation"": ""none"", ""balance"": ""stable"", ""free_hand"": ""both"", ""foot"": ""neutral"", ""bearing"": ""facing opponent""}, ""belief"": {""A"": ""unknown"", ""B"": ""unknown""}, ""target"": ""head / combination variable"", ""phase_window"": ""첫 잽 완전 회수 후 두 번째 잽을 이동 표적에 재조준; 같은 직선 반복 아님""}","{""distance"": ""mid"", ""stance"": ""OO"", ""foot_position"": ""neutral"", ""angle"": ""head off punching line; body angle not automatic"", ""ring_position"": ""center"", ""space"": {""A"": ""center"", ""B"": ""center"", ""retreat_available"": ""both""}, ""A"": {""head"": ""center line"", ""weight"": ""neutral / variant dependent"", ""guard"": ""attacking arm displaced; other hand protection conditional"", ""phase"": ""recovery"", ""arm"": ""lead/variant extended"", ""rotation"": ""none"", ""balance"": ""stable"", ""free_hand"": ""both"", ""foot"": ""neutral"", ""bearing"": ""facing opponent""}, ""B"": {""head"": ""outside incoming punch"", ""weight"": ""variant dependent: support/load must be checked"", ""guard"": ""normal"", ""phase"": ""footwork + action"", ""arm"": ""home"", ""rotation"": ""none"", ""balance"": ""stable only after placement; transient step risk"", ""free_hand"": ""both"", ""foot"": ""neutral"", ""bearing"": ""facing opponent""}, ""belief"": {""A"": ""unknown"", ""B"": ""unknown""}, ""target"": ""head / combination variable"", ""phase_window"": ""두 번째 궤도를 읽고 발도 옮겨 바깥으로""}",위치·거리도 함께 변경,스텝 시간·발 충돌·각도 추적 허용,"[""N02_S5""]",머리 라인 이동과 작은 발 이동 결합,두 번째 궤도를 읽고 발도 옮겨 바깥으로,"[""S06"", ""S07""]",biomechanical inference
N02_S5,B: Counter cross · 카운터 크로스,CC,COUNTER,B,N02,"{""distance"": ""mid"", ""stance"": ""OO"", ""foot_position"": ""neutral"", ""angle"": ""head off punching line; body angle not automatic"", ""ring_position"": ""center"", ""space"": {""A"": ""center"", ""B"": ""center"", ""retreat_available"": ""both""}, ""A"": {""head"": ""center line"", ""weight"": ""neutral / variant dependent"", ""guard"": ""attacking arm displaced; other hand protection conditional"", ""phase"": ""recovery"", ""arm"": ""lead/variant extended"", ""rotation"": ""none"", ""balance"": ""stable"", ""free_hand"": ""both"", ""foot"": ""neutral"", ""bearing"": ""facing opponent""}, ""B"": {""head"": ""outside incoming punch"", ""weight"": ""variant dependent: support/load must be checked"", ""guard"": ""normal"", ""phase"": ""footwork + action"", ""arm"": ""home"", ""rotation"": ""none"", ""balance"": ""stable only after placement; transient step risk"", ""free_hand"": ""both"", ""foot"": ""neutral"", ""bearing"": ""facing opponent""}, ""belief"": {""A"": ""unknown"", ""B"": ""unknown""}, ""target"": ""head / combination variable"", ""phase_window"": ""두 번째 궤도를 읽고 발도 옮겨 바깥으로""}","{""distance"": ""mid"", ""stance"": ""OO"", ""foot_position"": ""neutral"", ""angle"": ""head off punching line; body angle not automatic"", ""ring_position"": ""center"", ""space"": {""A"": ""center"", ""B"": ""center"", ""retreat_available"": ""both""}, ""A"": {""head"": ""center line"", ""weight"": ""neutral / variant dependent"", ""guard"": ""attacking arm displaced; other hand protection conditional"", ""phase"": ""recovery"", ""arm"": ""lead/variant extended"", ""rotation"": ""none"", ""balance"": ""stable"", ""free_hand"": ""both"", ""foot"": ""neutral"", ""bearing"": ""facing opponent""}, ""B"": {""head"": ""outside incoming punch"", ""weight"": ""variant dependent: support/load must be checked"", ""guard"": ""attacking arm displaced; other hand protection conditional"", ""phase"": ""extension"", ""arm"": ""rear extended"", ""rotation"": ""punch-specific rotation; magnitude variable"", ""balance"": ""stable only after placement; transient step risk"", ""free_hand"": ""both"", ""foot"": ""neutral"", ""bearing"": ""facing opponent""}, ""belief"": {""A"": ""unknown"", ""B"": ""unknown""}, ""target"": ""head / combination variable"", ""phase_window"": ""새 각도의 뒷손 통로가 B 사거리 안""}",열린 중앙·늦은 복귀 활용,과도한 진입·다음 훅 위험,"[""N02_S6""]",상대 공격·복귀 창에 뒷손 직선,새 각도의 뒷손 통로가 B 사거리 안,"[""S03"", ""S07""]",biomechanical inference
N02_S6,A: High guard · 하이 가드,HG,DEFENSE,A,N02,"{""distance"": ""mid"", ""stance"": ""OO"", ""foot_position"": ""neutral"", ""angle"": ""head off punching line; body angle not automatic"", ""ring_position"": ""center"", ""space"": {""A"": ""center"", ""B"": ""center"", ""retreat_available"": ""both""}, ""A"": {""head"": ""center line"", ""weight"": ""neutral / variant dependent"", ""guard"": ""attacking arm displaced; other hand protection conditional"", ""phase"": ""recovery"", ""arm"": ""lead/variant extended"", ""rotation"": ""none"", ""balance"": ""stable"", ""free_hand"": ""both"", ""foot"": ""neutral"", ""bearing"": ""facing opponent""}, ""B"": {""head"": ""outside incoming punch"", ""weight"": ""variant dependent: support/load must be checked"", ""guard"": ""attacking arm displaced; other hand protection conditional"", ""phase"": ""extension"", ""arm"": ""rear extended"", ""rotation"": ""punch-specific rotation; magnitude variable"", ""balance"": ""stable only after placement; transient step risk"", ""free_hand"": ""both"", ""foot"": ""neutral"", ""bearing"": ""facing opponent""}, ""belief"": {""A"": ""unknown"", ""B"": ""unknown""}, ""target"": ""head / combination variable"", ""phase_window"": ""새 각도의 뒷손 통로가 B 사거리 안""}","{""distance"": ""mid"", ""stance"": ""OO"", ""foot_position"": ""neutral"", ""angle"": ""head off punching line; body angle not automatic"", ""ring_position"": ""center"", ""space"": {""A"": ""center"", ""B"": ""center"", ""retreat_available"": ""both""}, ""A"": {""head"": ""center line"", ""weight"": ""neutral / variant dependent"", ""guard"": ""high guard; body cover elbow-dependent"", ""phase"": ""impact/cover"", ""arm"": ""home"", ""rotation"": ""none"", ""balance"": ""stable"", ""free_hand"": ""both"", ""foot"": ""neutral"", ""bearing"": ""facing opponent""}, ""B"": {""head"": ""outside incoming punch"", ""weight"": ""variant dependent: support/load must be checked"", ""guard"": ""attacking arm displaced; other hand protection conditional"", ""phase"": ""recovery"", ""arm"": ""rear extended"", ""rotation"": ""punch-specific rotation; magnitude variable"", ""balance"": ""stable only after placement; transient step risk"", ""free_hand"": ""both"", ""foot"": ""neutral"", ""bearing"": ""facing opponent""}, ""belief"": {""A"": ""unknown"", ""B"": ""unknown""}, ""target"": ""head / combination variable"", ""phase_window"": ""즉시 가드 압축""}",측면·직선 타격 면적을 일부 가림,시야·보디·기동성 제한; 충격 전달 가능,"[""N02_S7""]",글러브·팔을 머리 주변에 압축,즉시 가드 압축,"[""S01"", ""S02""]",biomechanical inference
N02_S7,A: Body hook · 보디 훅,BH,OFFENSE,A,N02,"{""distance"": ""mid"", ""stance"": ""OO"", ""foot_position"": ""neutral"", ""angle"": ""head off punching line; body angle not automatic"", ""ring_position"": ""center"", ""space"": {""A"": ""center"", ""B"": ""center"", ""retreat_available"": ""both""}, ""A"": {""head"": ""center line"", ""weight"": ""neutral / variant dependent"", ""guard"": ""high guard; body cover elbow-dependent"", ""phase"": ""impact/cover"", ""arm"": ""home"", ""rotation"": ""none"", ""balance"": ""stable"", ""free_hand"": ""both"", ""foot"": ""neutral"", ""bearing"": ""facing opponent""}, ""B"": {""head"": ""outside incoming punch"", ""weight"": ""variant dependent: support/load must be checked"", ""guard"": ""attacking arm displaced; other hand protection conditional"", ""phase"": ""recovery"", ""arm"": ""rear extended"", ""rotation"": ""punch-specific rotation; magnitude variable"", ""balance"": ""stable only after placement; transient step risk"", ""free_hand"": ""both"", ""foot"": ""neutral"", ""bearing"": ""facing opponent""}, ""belief"": {""A"": ""unknown"", ""B"": ""unknown""}, ""target"": ""head / combination variable"", ""phase_window"": ""즉시 가드 압축""}","{""distance"": ""pocket"", ""stance"": ""OO"", ""foot_position"": ""neutral"", ""angle"": ""head off punching line; body angle not automatic"", ""ring_position"": ""center"", ""space"": {""A"": ""center"", ""B"": ""center"", ""retreat_available"": ""both""}, ""A"": {""head"": ""center line"", ""weight"": ""neutral / variant dependent"", ""guard"": ""attacking arm displaced; other hand protection conditional"", ""phase"": ""extension"", ""arm"": ""lead/variant extended"", ""rotation"": ""punch-specific rotation; magnitude variable"", ""balance"": ""stable"", ""free_hand"": ""both"", ""foot"": ""neutral"", ""bearing"": ""facing opponent""}, ""B"": {""head"": ""outside incoming punch"", ""weight"": ""variant dependent: support/load must be checked"", ""guard"": ""attacking arm displaced; other hand protection conditional"", ""phase"": ""recovery"", ""arm"": ""rear extended"", ""rotation"": ""punch-specific rotation; magnitude variable"", ""balance"": ""stable only after placement; transient step risk"", ""free_hand"": ""both"", ""foot"": ""neutral"", ""bearing"": ""facing opponent""}, ""belief"": {""A"": ""unknown"", ""B"": ""unknown""}, ""target"": ""body"", ""phase_window"": ""B가 크로스 회수 중이고 보디 사거리 남음""}",높은 가드 아래 공격,보디로 손을 보내며 머리 측면이 열릴 수 있음,"[""N02_S8""]",높이를 바꾸고 짧은 훅으로 갈비·복부의 합법 표적,B가 크로스 회수 중이고 보디 사거리 남음,"[""S03"", ""S16""]",biomechanical inference
N02_S8,B: Exit angle · 각도 탈출,EXIT,POSITION,B,N02,"{""distance"": ""pocket"", ""stance"": ""OO"", ""foot_position"": ""neutral"", ""angle"": ""head off punching line; body angle not automatic"", ""ring_position"": ""center"", ""space"": {""A"": ""center"", ""B"": ""center"", ""retreat_available"": ""both""}, ""A"": {""head"": ""center line"", ""weight"": ""neutral / variant dependent"", ""guard"": ""attacking arm displaced; other hand protection conditional"", ""phase"": ""extension"", ""arm"": ""lead/variant extended"", ""rotation"": ""punch-specific rotation; magnitude variable"", ""balance"": ""stable"", ""free_hand"": ""both"", ""foot"": ""neutral"", ""bearing"": ""facing opponent""}, ""B"": {""head"": ""outside incoming punch"", ""weight"": ""variant dependent: support/load must be checked"", ""guard"": ""attacking arm displaced; other hand protection conditional"", ""phase"": ""recovery"", ""arm"": ""rear extended"", ""rotation"": ""punch-specific rotation; magnitude variable"", ""balance"": ""stable only after placement; transient step risk"", ""free_hand"": ""both"", ""foot"": ""neutral"", ""bearing"": ""facing opponent""}, ""belief"": {""A"": ""unknown"", ""B"": ""unknown""}, ""target"": ""body"", ""phase_window"": ""B가 크로스 회수 중이고 보디 사거리 남음""}","{""distance"": ""pocket"", ""stance"": ""OO"", ""foot_position"": ""angle candidate"", ""angle"": ""off-line candidate; opponent may reorient"", ""ring_position"": ""center"", ""space"": {""A"": ""center"", ""B"": ""center"", ""retreat_available"": ""both""}, ""A"": {""head"": ""center line"", ""weight"": ""neutral / variant dependent"", ""guard"": ""attacking arm displaced; other hand protection conditional"", ""phase"": ""recovery"", ""arm"": ""lead/variant extended"", ""rotation"": ""punch-specific rotation; magnitude variable"", ""balance"": ""stable"", ""free_hand"": ""both"", ""foot"": ""neutral"", ""bearing"": ""facing opponent""}, ""B"": {""head"": ""outside incoming punch"", ""weight"": ""variant dependent: support/load must be checked"", ""guard"": ""attacking arm displaced; other hand protection conditional"", ""phase"": ""footwork"", ""arm"": ""home"", ""rotation"": ""punch-specific rotation; magnitude variable"", ""balance"": ""stable only after placement; transient step risk"", ""free_hand"": ""both"", ""foot"": ""neutral"", ""bearing"": ""reoriented toward opponent; conditional completion""}, ""belief"": {""A"": ""unknown"", ""B"": ""unknown""}, ""target"": ""body"", ""phase_window"": ""짧은 옆 스텝 출구 존재""}",콤비네이션 직선 추격에서 벗어남,상대 훅·링 커팅·뒤돌기 금지,"[""N02_S9""]",방어·짧은 타격 뒤 옆 이동과 재지향,짧은 옆 스텝 출구 존재,"[""S06""]",biomechanical inference
N02_S9,A: Reset · 재정렬,RESET,POSITION,A,N02,"{""distance"": ""pocket"", ""stance"": ""OO"", ""foot_position"": ""angle candidate"", ""angle"": ""off-line candidate; opponent may reorient"", ""ring_position"": ""center"", ""space"": {""A"": ""center"", ""B"": ""center"", ""retreat_available"": ""both""}, ""A"": {""head"": ""center line"", ""weight"": ""neutral / variant dependent"", ""guard"": ""attacking arm displaced; other hand protection conditional"", ""phase"": ""recovery"", ""arm"": ""lead/variant extended"", ""rotation"": ""punch-specific rotation; magnitude variable"", ""balance"": ""stable"", ""free_hand"": ""both"", ""foot"": ""neutral"", ""bearing"": ""facing opponent""}, ""B"": {""head"": ""outside incoming punch"", ""weight"": ""variant dependent: support/load must be checked"", ""guard"": ""attacking arm displaced; other hand protection conditional"", ""phase"": ""footwork"", ""arm"": ""home"", ""rotation"": ""punch-specific rotation; magnitude variable"", ""balance"": ""stable only after placement; transient step risk"", ""free_hand"": ""both"", ""foot"": ""neutral"", ""bearing"": ""reoriented toward opponent; conditional completion""}, ""belief"": {""A"": ""unknown"", ""B"": ""unknown""}, ""target"": ""body"", ""phase_window"": ""짧은 옆 스텝 출구 존재""}","{""distance"": ""mid"", ""stance"": ""OO"", ""foot_position"": ""neutral"", ""angle"": ""centerline aligned"", ""ring_position"": ""center"", ""space"": {""A"": ""center"", ""B"": ""center"", ""retreat_available"": ""both""}, ""A"": {""head"": ""center line / guarded"", ""weight"": ""neutral / ready"", ""guard"": ""normal"", ""phase"": ""neutral"", ""arm"": ""home"", ""rotation"": ""none"", ""balance"": ""stable"", ""free_hand"": ""both"", ""foot"": ""neutral"", ""bearing"": ""facing opponent""}, ""B"": {""head"": ""center line / guarded"", ""weight"": ""neutral / ready"", ""guard"": ""normal"", ""phase"": ""neutral"", ""arm"": ""home"", ""rotation"": ""none"", ""balance"": ""stable"", ""free_hand"": ""both"", ""foot"": ""neutral"", ""bearing"": ""facing opponent""}, ""belief"": {""A"": ""unknown"", ""B"": ""unknown""}, ""target"": ""none"", ""phase_window"": ""공격 중단과 재정렬 창""}",새 교환 준비,시간 비용; 상대가 계속 치면 완료 불가,"[""N02_S0""]",손·발·시선·상대 bearing을 다시 맞춤,공격 중단과 재정렬 창,"[""S06""]",biomechanical inference
N02_S10,A: Double jab · 더블 잽,DOUBLE,OFFENSE,A,N02,"{""distance"": ""long"", ""stance"": ""OO"", ""foot_position"": ""neutral"", ""angle"": ""centerline aligned"", ""ring_position"": ""center"", ""space"": {""A"": ""center"", ""B"": ""center"", ""retreat_available"": ""both""}, ""A"": {""head"": ""center line"", ""weight"": ""neutral / variant dependent"", ""guard"": ""normal"", ""phase"": ""neutral"", ""arm"": ""home"", ""rotation"": ""none"", ""balance"": ""stable"", ""free_hand"": ""both"", ""foot"": ""neutral"", ""bearing"": ""facing opponent""}, ""B"": {""head"": ""center line"", ""weight"": ""neutral / variant dependent"", ""guard"": ""normal"", ""phase"": ""neutral"", ""arm"": ""home"", ""rotation"": ""none"", ""balance"": ""stable"", ""free_hand"": ""both"", ""foot"": ""neutral"", ""bearing"": ""facing opponent""}, ""belief"": {""A"": ""unknown"", ""B"": ""unknown""}, ""target"": ""none"", ""phase_window"": ""neutral""}","{""distance"": ""long"", ""stance"": ""OO"", ""foot_position"": ""neutral"", ""angle"": ""centerline aligned"", ""ring_position"": ""center"", ""space"": {""A"": ""center"", ""B"": ""center"", ""retreat_available"": ""both""}, ""A"": {""head"": ""center line"", ""weight"": ""neutral / variant dependent"", ""guard"": ""attacking arm displaced; other hand protection conditional"", ""phase"": ""extension"", ""arm"": ""lead/variant extended"", ""rotation"": ""none"", ""balance"": ""stable"", ""free_hand"": ""both"", ""foot"": ""neutral"", ""bearing"": ""facing opponent""}, ""B"": {""head"": ""center line"", ""weight"": ""neutral / variant dependent"", ""guard"": ""normal"", ""phase"": ""neutral"", ""arm"": ""home"", ""rotation"": ""none"", ""balance"": ""stable"", ""free_hand"": ""both"", ""foot"": ""neutral"", ""bearing"": ""facing opponent""}, ""belief"": {""A"": ""unknown"", ""B"": ""unknown""}, ""target"": ""head / combination variable"", ""phase_window"": ""첫 잽 후 일정 박자로 두 번째 startup""}",한 번의 방어 후 재조준·진입 가능,"두 잽 사이 인터셉트, 연속 전진의 균형 손실","[""N02_S11""]",첫 잽을 복귀시켜 두 번째 잽의 표적·박자를 조절,첫 잽 후 일정 박자로 두 번째 startup,"[""S01"", ""S06""]",biomechanical inference
N02_S11,B: Intercepting straight · 인터셉팅 직선,INTERCEPT,COUNTER,B,N02,"{""distance"": ""long"", ""stance"": ""OO"", ""foot_position"": ""neutral"", ""angle"": ""centerline aligned"", ""ring_position"": ""center"", ""space"": {""A"": ""center"", ""B"": ""center"", ""retreat_available"": ""both""}, ""A"": {""head"": ""center line"", ""weight"": ""neutral / variant dependent"", ""guard"": ""attacking arm displaced; other hand protection conditional"", ""phase"": ""extension"", ""arm"": ""lead/variant extended"", ""rotation"": ""none"", ""balance"": ""stable"", ""free_hand"": ""both"", ""foot"": ""neutral"", ""bearing"": ""facing opponent""}, ""B"": {""head"": ""center line"", ""weight"": ""neutral / variant dependent"", ""guard"": ""normal"", ""phase"": ""neutral"", ""arm"": ""home"", ""rotation"": ""none"", ""balance"": ""stable"", ""free_hand"": ""both"", ""foot"": ""neutral"", ""bearing"": ""facing opponent""}, ""belief"": {""A"": ""unknown"", ""B"": ""unknown""}, ""target"": ""head / combination variable"", ""phase_window"": ""첫 잽 후 일정 박자로 두 번째 startup""}","{""distance"": ""long"", ""stance"": ""OO"", ""foot_position"": ""neutral"", ""angle"": ""centerline aligned"", ""ring_position"": ""center"", ""space"": {""A"": ""center"", ""B"": ""center"", ""retreat_available"": ""both""}, ""A"": {""head"": ""center line"", ""weight"": ""neutral / variant dependent"", ""guard"": ""attacking arm displaced; other hand protection conditional"", ""phase"": ""recovery"", ""arm"": ""lead/variant extended"", ""rotation"": ""none"", ""balance"": ""stable"", ""free_hand"": ""both"", ""foot"": ""neutral"", ""bearing"": ""facing opponent""}, ""B"": {""head"": ""center line"", ""weight"": ""neutral / variant dependent"", ""guard"": ""attacking arm displaced; other hand protection conditional"", ""phase"": ""extension"", ""arm"": ""lead/variant extended"", ""rotation"": ""none"", ""balance"": ""stable"", ""free_hand"": ""both"", ""foot"": ""neutral"", ""bearing"": ""facing opponent""}, ""belief"": {""A"": ""unknown"", ""B"": ""unknown""}, ""target"": ""head / combination variable"", ""phase_window"": ""두 잽 사이 간격이 열리고 B 직선 도달""}",접근을 멈추거나 두 공격을 동시에 경쟁시킴,머리가 라인에 남으면 동시 피격,"[""N02_S12""]",상대 진입 또는 startup에 직선을 겹침,두 잽 사이 간격이 열리고 B 직선 도달,"[""S01"", ""S06""]",biomechanical inference
N02_S12,A: Inside slip · 안쪽 슬립,SIN,DEFENSE,A,N02,"{""distance"": ""long"", ""stance"": ""OO"", ""foot_position"": ""neutral"", ""angle"": ""centerline aligned"", ""ring_position"": ""center"", ""space"": {""A"": ""center"", ""B"": ""center"", ""retreat_available"": ""both""}, ""A"": {""head"": ""center line"", ""weight"": ""neutral / variant dependent"", ""guard"": ""attacking arm displaced; other hand protection conditional"", ""phase"": ""recovery"", ""arm"": ""lead/variant extended"", ""rotation"": ""none"", ""balance"": ""stable"", ""free_hand"": ""both"", ""foot"": ""neutral"", ""bearing"": ""facing opponent""}, ""B"": {""head"": ""center line"", ""weight"": ""neutral / variant dependent"", ""guard"": ""attacking arm displaced; other hand protection conditional"", ""phase"": ""extension"", ""arm"": ""lead/variant extended"", ""rotation"": ""none"", ""balance"": ""stable"", ""free_hand"": ""both"", ""foot"": ""neutral"", ""bearing"": ""facing opponent""}, ""belief"": {""A"": ""unknown"", ""B"": ""unknown""}, ""target"": ""head / combination variable"", ""phase_window"": ""두 잽 사이 간격이 열리고 B 직선 도달""}","{""distance"": ""long"", ""stance"": ""OO"", ""foot_position"": ""neutral"", ""angle"": ""head off punching line; body angle not automatic"", ""ring_position"": ""center"", ""space"": {""A"": ""center"", ""B"": ""center"", ""retreat_available"": ""both""}, ""A"": {""head"": ""inside incoming punch"", ""weight"": ""variant dependent: support/load must be checked"", ""guard"": ""attacking arm displaced; other hand protection conditional"", ""phase"": ""evasion"", ""arm"": ""home"", ""rotation"": ""none"", ""balance"": ""stable"", ""free_hand"": ""both"", ""foot"": ""neutral"", ""bearing"": ""facing opponent""}, ""B"": {""head"": ""center line"", ""weight"": ""neutral / variant dependent"", ""guard"": ""attacking arm displaced; other hand protection conditional"", ""phase"": ""recovery"", ""arm"": ""lead/variant extended"", ""rotation"": ""none"", ""balance"": ""stable"", ""free_hand"": ""both"", ""foot"": ""neutral"", ""bearing"": ""facing opponent""}, ""belief"": {""A"": ""unknown"", ""B"": ""unknown""}, ""target"": ""head / combination variable"", ""phase_window"": ""B 직선 안쪽으로 최소 이동; 자유손 공격 위험 동반""}",가까운 보디·짧은 반격 통로,자유손 공격 통로로 접근,"[""N02_S13""]",펀치와 상대 자유손 사이로 머리 이동,B 직선 안쪽으로 최소 이동; 자유손 공격 위험 동반,"[""S02"", ""S07""]",biomechanical inference
N02_S13,A: Counter hook · 카운터 훅,CH,COUNTER,A,N02,"{""distance"": ""long"", ""stance"": ""OO"", ""foot_position"": ""neutral"", ""angle"": ""head off punching line; body angle not automatic"", ""ring_position"": ""center"", ""space"": {""A"": ""center"", ""B"": ""center"", ""retreat_available"": ""both""}, ""A"": {""head"": ""inside incoming punch"", ""weight"": ""variant dependent: support/load must be checked"", ""guard"": ""attacking arm displaced; other hand protection conditional"", ""phase"": ""evasion"", ""arm"": ""home"", ""rotation"": ""none"", ""balance"": ""stable"", ""free_hand"": ""both"", ""foot"": ""neutral"", ""bearing"": ""facing opponent""}, ""B"": {""head"": ""center line"", ""weight"": ""neutral / variant dependent"", ""guard"": ""attacking arm displaced; other hand protection conditional"", ""phase"": ""recovery"", ""arm"": ""lead/variant extended"", ""rotation"": ""none"", ""balance"": ""stable"", ""free_hand"": ""both"", ""foot"": ""neutral"", ""bearing"": ""facing opponent""}, ""belief"": {""A"": ""unknown"", ""B"": ""unknown""}, ""target"": ""head / combination variable"", ""phase_window"": ""B 직선 안쪽으로 최소 이동; 자유손 공격 위험 동반""}","{""distance"": ""mid"", ""stance"": ""OO"", ""foot_position"": ""neutral"", ""angle"": ""head off punching line; body angle not automatic"", ""ring_position"": ""center"", ""space"": {""A"": ""center"", ""B"": ""center"", ""retreat_available"": ""both""}, ""A"": {""head"": ""inside incoming punch"", ""weight"": ""variant dependent: support/load must be checked"", ""guard"": ""attacking arm displaced; other hand protection conditional"", ""phase"": ""extension"", ""arm"": ""lead/variant extended"", ""rotation"": ""punch-specific rotation; magnitude variable"", ""balance"": ""stable"", ""free_hand"": ""both"", ""foot"": ""neutral"", ""bearing"": ""facing opponent""}, ""B"": {""head"": ""center line"", ""weight"": ""neutral / variant dependent"", ""guard"": ""attacking arm displaced; other hand protection conditional"", ""phase"": ""recovery"", ""arm"": ""lead/variant extended"", ""rotation"": ""none"", ""balance"": ""stable"", ""free_hand"": ""both"", ""foot"": ""neutral"", ""bearing"": ""facing opponent""}, ""belief"": {""A"": ""unknown"", ""B"": ""unknown""}, ""target"": ""head / combination variable"", ""phase_window"": ""B 뒷손 회수 전 중거리 측면 표적""}",직선 복귀·측면 노출 활용,"짧은 사거리, 반대 손 카운터","[""N02_S14""]",방어로 생긴 측면 표적을 짧게 공격,B 뒷손 회수 전 중거리 측면 표적,"[""S03"", ""S16""]",biomechanical inference
N02_S14,B: Weave / roll · 위빙·롤,ROLL,DEFENSE,B,N02,"{""distance"": ""mid"", ""stance"": ""OO"", ""foot_position"": ""neutral"", ""angle"": ""head off punching line; body angle not automatic"", ""ring_position"": ""center"", ""space"": {""A"": ""center"", ""B"": ""center"", ""retreat_available"": ""both""}, ""A"": {""head"": ""inside incoming punch"", ""weight"": ""variant dependent: support/load must be checked"", ""guard"": ""attacking arm displaced; other hand protection conditional"", ""phase"": ""extension"", ""arm"": ""lead/variant extended"", ""rotation"": ""punch-specific rotation; magnitude variable"", ""balance"": ""stable"", ""free_hand"": ""both"", ""foot"": ""neutral"", ""bearing"": ""facing opponent""}, ""B"": {""head"": ""center line"", ""weight"": ""neutral / variant dependent"", ""guard"": ""attacking arm displaced; other hand protection conditional"", ""phase"": ""recovery"", ""arm"": ""lead/variant extended"", ""rotation"": ""none"", ""balance"": ""stable"", ""free_hand"": ""both"", ""foot"": ""neutral"", ""bearing"": ""facing opponent""}, ""belief"": {""A"": ""unknown"", ""B"": ""unknown""}, ""target"": ""head / combination variable"", ""phase_window"": ""B 뒷손 회수 전 중거리 측면 표적""}","{""distance"": ""mid"", ""stance"": ""OO"", ""foot_position"": ""neutral"", ""angle"": ""head off punching line; body angle not automatic"", ""ring_position"": ""center"", ""space"": {""A"": ""center"", ""B"": ""center"", ""retreat_available"": ""both""}, ""A"": {""head"": ""inside incoming punch"", ""weight"": ""variant dependent: support/load must be checked"", ""guard"": ""attacking arm displaced; other hand protection conditional"", ""phase"": ""recovery"", ""arm"": ""lead/variant extended"", ""rotation"": ""punch-specific rotation; magnitude variable"", ""balance"": ""stable"", ""free_hand"": ""both"", ""foot"": ""neutral"", ""bearing"": ""facing opponent""}, ""B"": {""head"": ""low → lateral path"", ""weight"": ""exit leg dependent"", ""guard"": ""attacking arm displaced; other hand protection conditional"", ""phase"": ""evasion"", ""arm"": ""home"", ""rotation"": ""roll exit-dependent"", ""balance"": ""stable"", ""free_hand"": ""both"", ""foot"": ""neutral"", ""bearing"": ""facing opponent""}, ""belief"": {""A"": ""unknown"", ""B"": ""unknown""}, ""target"": ""head / combination variable"", ""phase_window"": ""짧은 훅 아래에서 머리 옆 이동""}",높은 훅 아래를 지나 측면으로 나옴,반복 경로·허리 굽힘·다음 낮은 공격,"[""N02_S15""]",무릎·몸통으로 U형 또는 곡선 머리 이동,짧은 훅 아래에서 머리 옆 이동,"[""S01"", ""S08"", ""S09""]",biomechanical inference
N02_S15,B: Smother · 펀치 공간 압축,SMOTHER,DEFENSE,B,N02,"{""distance"": ""mid"", ""stance"": ""OO"", ""foot_position"": ""neutral"", ""angle"": ""head off punching line; body angle not automatic"", ""ring_position"": ""center"", ""space"": {""A"": ""center"", ""B"": ""center"", ""retreat_available"": ""both""}, ""A"": {""head"": ""inside incoming punch"", ""weight"": ""variant dependent: support/load must be checked"", ""guard"": ""attacking arm displaced; other hand protection conditional"", ""phase"": ""recovery"", ""arm"": ""lead/variant extended"", ""rotation"": ""punch-specific rotation; magnitude variable"", ""balance"": ""stable"", ""free_hand"": ""both"", ""foot"": ""neutral"", ""bearing"": ""facing opponent""}, ""B"": {""head"": ""low → lateral path"", ""weight"": ""exit leg dependent"", ""guard"": ""attacking arm displaced; other hand protection conditional"", ""phase"": ""evasion"", ""arm"": ""home"", ""rotation"": ""roll exit-dependent"", ""balance"": ""stable"", ""free_hand"": ""both"", ""foot"": ""neutral"", ""bearing"": ""facing opponent""}, ""belief"": {""A"": ""unknown"", ""B"": ""unknown""}, ""target"": ""head / combination variable"", ""phase_window"": ""짧은 훅 아래에서 머리 옆 이동""}","{""distance"": ""clinch"", ""stance"": ""OO"", ""foot_position"": ""neutral"", ""angle"": ""head off punching line; body angle not automatic"", ""ring_position"": ""center"", ""space"": {""A"": ""center"", ""B"": ""center"", ""retreat_available"": ""both""}, ""A"": {""head"": ""inside incoming punch"", ""weight"": ""variant dependent: support/load must be checked"", ""guard"": ""attacking arm displaced; other hand protection conditional"", ""phase"": ""recovery"", ""arm"": ""lead/variant extended"", ""rotation"": ""punch-specific rotation; magnitude variable"", ""balance"": ""stable"", ""free_hand"": ""both"", ""foot"": ""neutral"", ""bearing"": ""facing opponent""}, ""B"": {""head"": ""low → lateral path"", ""weight"": ""exit leg dependent"", ""guard"": ""attacking arm displaced; other hand protection conditional"", ""phase"": ""contact"", ""arm"": ""contact / restriction dependent"", ""rotation"": ""roll exit-dependent"", ""balance"": ""stable"", ""free_hand"": ""both"", ""foot"": ""neutral"", ""bearing"": ""facing opponent""}, ""belief"": {""A"": ""unknown"", ""B"": ""unknown""}, ""target"": ""short legal targets only; no holding-and-hitting"", ""phase_window"": ""A 다음 긴 공격 전 거리 압축""}",긴 궤적의 완전 신전 방해,짧은 훅·어퍼컷·머리 충돌·위치 상실,"[""N02_S16""]",몸과 발로 너무 가까운 거리까지 압축,A 다음 긴 공격 전 거리 압축,"[""S06"", ""S17""]",biomechanical inference
N02_S16,A: Clinch · 클린치 국면,CLINCH,DEFENSE,A,N02,"{""distance"": ""clinch"", ""stance"": ""OO"", ""foot_position"": ""neutral"", ""angle"": ""head off punching line; body angle not automatic"", ""ring_position"": ""center"", ""space"": {""A"": ""center"", ""B"": ""center"", ""retreat_available"": ""both""}, ""A"": {""head"": ""inside incoming punch"", ""weight"": ""variant dependent: support/load must be checked"", ""guard"": ""attacking arm displaced; other hand protection conditional"", ""phase"": ""recovery"", ""arm"": ""lead/variant extended"", ""rotation"": ""punch-specific rotation; magnitude variable"", ""balance"": ""stable"", ""free_hand"": ""both"", ""foot"": ""neutral"", ""bearing"": ""facing opponent""}, ""B"": {""head"": ""low → lateral path"", ""weight"": ""exit leg dependent"", ""guard"": ""attacking arm displaced; other hand protection conditional"", ""phase"": ""contact"", ""arm"": ""contact / restriction dependent"", ""rotation"": ""roll exit-dependent"", ""balance"": ""stable"", ""free_hand"": ""both"", ""foot"": ""neutral"", ""bearing"": ""facing opponent""}, ""belief"": {""A"": ""unknown"", ""B"": ""unknown""}, ""target"": ""short legal targets only; no holding-and-hitting"", ""phase_window"": ""A 다음 긴 공격 전 거리 압축""}","{""distance"": ""clinch"", ""stance"": ""OO"", ""foot_position"": ""neutral"", ""angle"": ""head off punching line; body angle not automatic"", ""ring_position"": ""center"", ""space"": {""A"": ""center"", ""B"": ""center"", ""retreat_available"": ""both""}, ""A"": {""head"": ""inside incoming punch"", ""weight"": ""variant dependent: support/load must be checked"", ""guard"": ""attacking arm displaced; other hand protection conditional"", ""phase"": ""contact"", ""arm"": ""contact / restriction dependent"", ""rotation"": ""punch-specific rotation; magnitude variable"", ""balance"": ""stable"", ""free_hand"": ""both"", ""foot"": ""neutral"", ""bearing"": ""facing opponent""}, ""B"": {""head"": ""low → lateral path"", ""weight"": ""exit leg dependent"", ""guard"": ""attacking arm displaced; other hand protection conditional"", ""phase"": ""contact"", ""arm"": ""contact / restriction dependent"", ""rotation"": ""roll exit-dependent"", ""balance"": ""stable"", ""free_hand"": ""both"", ""foot"": ""neutral"", ""bearing"": ""facing opponent""}, ""belief"": {""A"": ""unknown"", ""B"": ""unknown""}, ""target"": ""short legal targets only; no holding-and-hitting"", ""phase_window"": ""양팔 접촉으로 교환 멈춤; 홀딩 타격 금지""}",긴 펀치 공간 감소,짧은 자유손·심판 break·홀딩 반칙,"[""N02_S17""]",밀착·팔 얽힘으로 교환이 중단되는 국면,양팔 접촉으로 교환 멈춤; 홀딩 타격 금지,"[""S17""]",biomechanical inference
N02_S17,B: Referee break · 심판 분리,BREAK,POSITION,B,N02,"{""distance"": ""clinch"", ""stance"": ""OO"", ""foot_position"": ""neutral"", ""angle"": ""head off punching line; body angle not automatic"", ""ring_position"": ""center"", ""space"": {""A"": ""center"", ""B"": ""center"", ""retreat_available"": ""both""}, ""A"": {""head"": ""inside incoming punch"", ""weight"": ""variant dependent: support/load must be checked"", ""guard"": ""attacking arm displaced; other hand protection conditional"", ""phase"": ""contact"", ""arm"": ""contact / restriction dependent"", ""rotation"": ""punch-specific rotation; magnitude variable"", ""balance"": ""stable"", ""free_hand"": ""both"", ""foot"": ""neutral"", ""bearing"": ""facing opponent""}, ""B"": {""head"": ""low → lateral path"", ""weight"": ""exit leg dependent"", ""guard"": ""attacking arm displaced; other hand protection conditional"", ""phase"": ""contact"", ""arm"": ""contact / restriction dependent"", ""rotation"": ""roll exit-dependent"", ""balance"": ""stable"", ""free_hand"": ""both"", ""foot"": ""neutral"", ""bearing"": ""facing opponent""}, ""belief"": {""A"": ""unknown"", ""B"": ""unknown""}, ""target"": ""short legal targets only; no holding-and-hitting"", ""phase_window"": ""양팔 접촉으로 교환 멈춤; 홀딩 타격 금지""}","{""distance"": ""long"", ""stance"": ""OO"", ""foot_position"": ""neutral"", ""angle"": ""centerline aligned"", ""ring_position"": ""center"", ""space"": {""A"": ""center"", ""B"": ""center"", ""retreat_available"": ""both""}, ""A"": {""head"": ""center line / guarded"", ""weight"": ""neutral / ready"", ""guard"": ""normal"", ""phase"": ""neutral"", ""arm"": ""home"", ""rotation"": ""none"", ""balance"": ""stable"", ""free_hand"": ""both"", ""foot"": ""neutral"", ""bearing"": ""facing opponent""}, ""B"": {""head"": ""center line / guarded"", ""weight"": ""neutral / ready"", ""guard"": ""normal"", ""phase"": ""neutral"", ""arm"": ""home"", ""rotation"": ""none"", ""balance"": ""stable"", ""free_hand"": ""both"", ""foot"": ""neutral"", ""bearing"": ""facing opponent""}, ""belief"": {""A"": ""unknown"", ""B"": ""unknown""}, ""target"": ""none"", ""phase_window"": ""심판 지시 뒤 합법 분리""}",밀착 국면에서 합법 새 거리,주도권·공간이 바뀜; break 중 공격 금지,"[""N02_S18""]",지시에 따라 분리·재개까지 타격 보류,심판 지시 뒤 합법 분리,"[""S17""]",biomechanical inference
N02_S18,A: Probe · 탐색 잽,PROBE,MANIPULATION,A,N02,"{""distance"": ""long"", ""stance"": ""OO"", ""foot_position"": ""neutral"", ""angle"": ""centerline aligned"", ""ring_position"": ""center"", ""space"": {""A"": ""center"", ""B"": ""center"", ""retreat_available"": ""both""}, ""A"": {""head"": ""center line / guarded"", ""weight"": ""neutral / ready"", ""guard"": ""normal"", ""phase"": ""neutral"", ""arm"": ""home"", ""rotation"": ""none"", ""balance"": ""stable"", ""free_hand"": ""both"", ""foot"": ""neutral"", ""bearing"": ""facing opponent""}, ""B"": {""head"": ""center line / guarded"", ""weight"": ""neutral / ready"", ""guard"": ""normal"", ""phase"": ""neutral"", ""arm"": ""home"", ""rotation"": ""none"", ""balance"": ""stable"", ""free_hand"": ""both"", ""foot"": ""neutral"", ""bearing"": ""facing opponent""}, ""belief"": {""A"": ""unknown"", ""B"": ""unknown""}, ""target"": ""none"", ""phase_window"": ""심판 지시 뒤 합법 분리""}","{""distance"": ""long"", ""stance"": ""OO"", ""foot_position"": ""neutral"", ""angle"": ""centerline aligned"", ""ring_position"": ""center"", ""space"": {""A"": ""center"", ""B"": ""center"", ""retreat_available"": ""both""}, ""A"": {""head"": ""center line / guarded"", ""weight"": ""neutral / ready"", ""guard"": ""normal"", ""phase"": ""observing / preparation"", ""arm"": ""home"", ""rotation"": ""none"", ""balance"": ""stable"", ""free_hand"": ""both"", ""foot"": ""neutral"", ""bearing"": ""facing opponent""}, ""B"": {""head"": ""center line / guarded"", ""weight"": ""neutral / ready"", ""guard"": ""normal"", ""phase"": ""neutral"", ""arm"": ""home"", ""rotation"": ""none"", ""balance"": ""stable"", ""free_hand"": ""both"", ""foot"": ""neutral"", ""bearing"": ""facing opponent""}, ""belief"": {""A"": ""unknown"", ""B"": ""cue observed; response not deterministic""}, ""target"": ""none"", ""phase_window"": ""재개 신호 후 앞손 거리 재확인""}",사거리·반응 패턴에 정보 획득,습관 노출·강한 카운터; 반드시 안전하지 않음,"[""N02_S0""]",짧은 잽·거리 시도로 반응을 관찰,재개 신호 후 앞손 거리 재확인,"[""S06"", ""S22""]",biomechanical inference
N03_S0,시작 상태,,STATE,,N03,"{""distance"": ""long"", ""stance"": ""OO"", ""foot_position"": ""neutral"", ""angle"": ""centerline aligned"", ""ring_position"": ""center"", ""space"": {""A"": ""center"", ""B"": ""center"", ""retreat_available"": ""both""}, ""A"": {""head"": ""center line"", ""weight"": ""neutral / variant dependent"", ""guard"": ""normal"", ""phase"": ""neutral"", ""arm"": ""home"", ""rotation"": ""none"", ""balance"": ""stable"", ""free_hand"": ""both"", ""foot"": ""neutral"", ""bearing"": ""facing opponent""}, ""B"": {""head"": ""center line"", ""weight"": ""neutral / variant dependent"", ""guard"": ""normal"", ""phase"": ""neutral"", ""arm"": ""home"", ""rotation"": ""none"", ""balance"": ""stable"", ""free_hand"": ""both"", ""foot"": ""neutral"", ""bearing"": ""facing opponent""}, ""belief"": {""A"": ""unknown"", ""B"": ""unknown""}, ""target"": ""none"", ""phase_window"": ""neutral""}","{""distance"": ""long"", ""stance"": ""OO"", ""foot_position"": ""neutral"", ""angle"": ""centerline aligned"", ""ring_position"": ""center"", ""space"": {""A"": ""center"", ""B"": ""center"", ""retreat_available"": ""both""}, ""A"": {""head"": ""center line"", ""weight"": ""neutral / variant dependent"", ""guard"": ""normal"", ""phase"": ""neutral"", ""arm"": ""home"", ""rotation"": ""none"", ""balance"": ""stable"", ""free_hand"": ""both"", ""foot"": ""neutral"", ""bearing"": ""facing opponent""}, ""B"": {""head"": ""center line"", ""weight"": ""neutral / variant dependent"", ""guard"": ""normal"", ""phase"": ""neutral"", ""arm"": ""home"", ""rotation"": ""none"", ""balance"": ""stable"", ""free_hand"": ""both"", ""foot"": ""neutral"", ""bearing"": ""facing opponent""}, ""belief"": {""A"": ""unknown"", ""B"": ""unknown""}, ""target"": ""none"", ""phase_window"": ""neutral""}",교환의 전제 확인,중립도 선제 위협에 노출,"[""N03_S1"", ""N03_S8"", ""N01_S0"", ""N10_S0"", ""N21_S0""]",,,,
N03_S1,A: Body jab · 보디 잽,BJAB,OFFENSE,A,N03,"{""distance"": ""long"", ""stance"": ""OO"", ""foot_position"": ""neutral"", ""angle"": ""centerline aligned"", ""ring_position"": ""center"", ""space"": {""A"": ""center"", ""B"": ""center"", ""retreat_available"": ""both""}, ""A"": {""head"": ""center line"", ""weight"": ""neutral / variant dependent"", ""guard"": ""normal"", ""phase"": ""neutral"", ""arm"": ""home"", ""rotation"": ""none"", ""balance"": ""stable"", ""free_hand"": ""both"", ""foot"": ""neutral"", ""bearing"": ""facing opponent""}, ""B"": {""head"": ""center line"", ""weight"": ""neutral / variant dependent"", ""guard"": ""normal"", ""phase"": ""neutral"", ""arm"": ""home"", ""rotation"": ""none"", ""balance"": ""stable"", ""free_hand"": ""both"", ""foot"": ""neutral"", ""bearing"": ""facing opponent""}, ""belief"": {""A"": ""unknown"", ""B"": ""unknown""}, ""target"": ""none"", ""phase_window"": ""neutral""}","{""distance"": ""long"", ""stance"": ""OO"", ""foot_position"": ""neutral"", ""angle"": ""centerline aligned"", ""ring_position"": ""center"", ""space"": {""A"": ""center"", ""B"": ""center"", ""retreat_available"": ""both""}, ""A"": {""head"": ""low; lateral offset conditional"", ""weight"": ""neutral / variant dependent"", ""guard"": ""attacking arm displaced; other hand protection conditional"", ""phase"": ""extension"", ""arm"": ""lead/variant extended"", ""rotation"": ""none"", ""balance"": ""stable"", ""free_hand"": ""both"", ""foot"": ""neutral"", ""bearing"": ""facing opponent""}, ""B"": {""head"": ""center line"", ""weight"": ""neutral / variant dependent"", ""guard"": ""normal"", ""phase"": ""neutral"", ""arm"": ""home"", ""rotation"": ""none"", ""balance"": ""stable"", ""free_hand"": ""both"", ""foot"": ""neutral"", ""bearing"": ""facing opponent""}, ""belief"": {""A"": ""unknown"", ""B"": ""unknown""}, ""target"": ""body"", ""phase_window"": ""무릎을 낮추고 B 합법 보디 표적""}",머리 가드 아래 공격·높이 선택 강요,머리가 전방 low에 머물면 위쪽 카운터에 접근,"[""N03_S2""]",무릎으로 높이를 낮추고 앞손으로 합법 보디 표적,무릎을 낮추고 B 합법 보디 표적,"[""S01"", ""S10""]",biomechanical inference
N03_S2,B: Elbow body block · 팔꿈치 블록,ELBOW,DEFENSE,B,N03,"{""distance"": ""long"", ""stance"": ""OO"", ""foot_position"": ""neutral"", ""angle"": ""centerline aligned"", ""ring_position"": ""center"", ""space"": {""A"": ""center"", ""B"": ""center"", ""retreat_available"": ""both""}, ""A"": {""head"": ""low; lateral offset conditional"", ""weight"": ""neutral / variant dependent"", ""guard"": ""attacking arm displaced; other hand protection conditional"", ""phase"": ""extension"", ""arm"": ""lead/variant extended"", ""rotation"": ""none"", ""balance"": ""stable"", ""free_hand"": ""both"", ""foot"": ""neutral"", ""bearing"": ""facing opponent""}, ""B"": {""head"": ""center line"", ""weight"": ""neutral / variant dependent"", ""guard"": ""normal"", ""phase"": ""neutral"", ""arm"": ""home"", ""rotation"": ""none"", ""balance"": ""stable"", ""free_hand"": ""both"", ""foot"": ""neutral"", ""bearing"": ""facing opponent""}, ""belief"": {""A"": ""unknown"", ""B"": ""unknown""}, ""target"": ""body"", ""phase_window"": ""무릎을 낮추고 B 합법 보디 표적""}","{""distance"": ""long"", ""stance"": ""OO"", ""foot_position"": ""neutral"", ""angle"": ""centerline aligned"", ""ring_position"": ""center"", ""space"": {""A"": ""center"", ""B"": ""center"", ""retreat_available"": ""both""}, ""A"": {""head"": ""low; lateral offset conditional"", ""weight"": ""neutral / variant dependent"", ""guard"": ""attacking arm displaced; other hand protection conditional"", ""phase"": ""recovery"", ""arm"": ""lead/variant extended"", ""rotation"": ""none"", ""balance"": ""stable"", ""free_hand"": ""both"", ""foot"": ""neutral"", ""bearing"": ""facing opponent""}, ""B"": {""head"": ""center line"", ""weight"": ""neutral / variant dependent"", ""guard"": ""elbow tucked; head glove conditional"", ""phase"": ""impact/cover"", ""arm"": ""home"", ""rotation"": ""none"", ""balance"": ""stable"", ""free_hand"": ""both"", ""foot"": ""neutral"", ""bearing"": ""facing opponent""}, ""belief"": {""A"": ""unknown"", ""B"": ""unknown""}, ""target"": ""body"", ""phase_window"": ""팔꿈치는 내려도 글러브 머리 가드는 유지 가능한 분기""}",보디 훅·사선 공격을 팔로 받음,같은 쪽 머리 가드가 실제로 내려가면 head opening,"[""N03_S3""]",팔꿈치를 좁히거나 몸통 회전으로 보디 통로 차단,팔꿈치는 내려도 글러브 머리 가드는 유지 가능한 분기,"[""S01"", ""S16""]",biomechanical inference
N03_S3,B: Counter cross · 카운터 크로스,CC,COUNTER,B,N03,"{""distance"": ""long"", ""stance"": ""OO"", ""foot_position"": ""neutral"", ""angle"": ""centerline aligned"", ""ring_position"": ""center"", ""space"": {""A"": ""center"", ""B"": ""center"", ""retreat_available"": ""both""}, ""A"": {""head"": ""low; lateral offset conditional"", ""weight"": ""neutral / variant dependent"", ""guard"": ""attacking arm displaced; other hand protection conditional"", ""phase"": ""recovery"", ""arm"": ""lead/variant extended"", ""rotation"": ""none"", ""balance"": ""stable"", ""free_hand"": ""both"", ""foot"": ""neutral"", ""bearing"": ""facing opponent""}, ""B"": {""head"": ""center line"", ""weight"": ""neutral / variant dependent"", ""guard"": ""elbow tucked; head glove conditional"", ""phase"": ""impact/cover"", ""arm"": ""home"", ""rotation"": ""none"", ""balance"": ""stable"", ""free_hand"": ""both"", ""foot"": ""neutral"", ""bearing"": ""facing opponent""}, ""belief"": {""A"": ""unknown"", ""B"": ""unknown""}, ""target"": ""body"", ""phase_window"": ""팔꿈치는 내려도 글러브 머리 가드는 유지 가능한 분기""}","{""distance"": ""long"", ""stance"": ""OO"", ""foot_position"": ""neutral"", ""angle"": ""centerline aligned"", ""ring_position"": ""center"", ""space"": {""A"": ""center"", ""B"": ""center"", ""retreat_available"": ""both""}, ""A"": {""head"": ""low; lateral offset conditional"", ""weight"": ""neutral / variant dependent"", ""guard"": ""attacking arm displaced; other hand protection conditional"", ""phase"": ""recovery"", ""arm"": ""lead/variant extended"", ""rotation"": ""none"", ""balance"": ""stable"", ""free_hand"": ""both"", ""foot"": ""neutral"", ""bearing"": ""facing opponent""}, ""B"": {""head"": ""center line"", ""weight"": ""neutral / variant dependent"", ""guard"": ""attacking arm displaced; other hand protection conditional"", ""phase"": ""extension"", ""arm"": ""rear extended"", ""rotation"": ""punch-specific rotation; magnitude variable"", ""balance"": ""stable"", ""free_hand"": ""both"", ""foot"": ""neutral"", ""bearing"": ""facing opponent""}, ""belief"": {""A"": ""unknown"", ""B"": ""unknown""}, ""target"": ""head / combination variable"", ""phase_window"": ""A 머리가 전방 중앙에 남고 B 뒷손 사거리""}",열린 중앙·늦은 복귀 활용,과도한 진입·다음 훅 위험,"[""N03_S4""]",상대 공격·복귀 창에 뒷손 직선,A 머리가 전방 중앙에 남고 B 뒷손 사거리,"[""S03"", ""S07""]",biomechanical inference
N03_S4,A: Outside slip · 바깥 슬립,SOUT,DEFENSE,A,N03,"{""distance"": ""long"", ""stance"": ""OO"", ""foot_position"": ""neutral"", ""angle"": ""centerline aligned"", ""ring_position"": ""center"", ""space"": {""A"": ""center"", ""B"": ""center"", ""retreat_available"": ""both""}, ""A"": {""head"": ""low; lateral offset conditional"", ""weight"": ""neutral / variant dependent"", ""guard"": ""attacking arm displaced; other hand protection conditional"", ""phase"": ""recovery"", ""arm"": ""lead/variant extended"", ""rotation"": ""none"", ""balance"": ""stable"", ""free_hand"": ""both"", ""foot"": ""neutral"", ""bearing"": ""facing opponent""}, ""B"": {""head"": ""center line"", ""weight"": ""neutral / variant dependent"", ""guard"": ""attacking arm displaced; other hand protection conditional"", ""phase"": ""extension"", ""arm"": ""rear extended"", ""rotation"": ""punch-specific rotation; magnitude variable"", ""balance"": ""stable"", ""free_hand"": ""both"", ""foot"": ""neutral"", ""bearing"": ""facing opponent""}, ""belief"": {""A"": ""unknown"", ""B"": ""unknown""}, ""target"": ""head / combination variable"", ""phase_window"": ""A 머리가 전방 중앙에 남고 B 뒷손 사거리""}","{""distance"": ""long"", ""stance"": ""OO"", ""foot_position"": ""neutral"", ""angle"": ""head off punching line; body angle not automatic"", ""ring_position"": ""center"", ""space"": {""A"": ""center"", ""B"": ""center"", ""retreat_available"": ""both""}, ""A"": {""head"": ""outside incoming punch"", ""weight"": ""variant dependent: support/load must be checked"", ""guard"": ""attacking arm displaced; other hand protection conditional"", ""phase"": ""evasion"", ""arm"": ""home"", ""rotation"": ""none"", ""balance"": ""stable"", ""free_hand"": ""both"", ""foot"": ""neutral"", ""bearing"": ""facing opponent""}, ""B"": {""head"": ""center line"", ""weight"": ""neutral / variant dependent"", ""guard"": ""attacking arm displaced; other hand protection conditional"", ""phase"": ""recovery"", ""arm"": ""rear extended"", ""rotation"": ""punch-specific rotation; magnitude variable"", ""balance"": ""stable"", ""free_hand"": ""both"", ""foot"": ""neutral"", ""bearing"": ""facing opponent""}, ""belief"": {""A"": ""unknown"", ""B"": ""unknown""}, ""target"": ""head / combination variable"", ""phase_window"": ""크로스의 팔 바깥으로 탈출""}",해당 직선 공격선을 벗어남,다음 펀치 재조준·훅·균형 손실,"[""N03_S5""]",들어오는 특정 펀치의 팔 바깥으로 머리 이동,크로스의 팔 바깥으로 탈출,"[""S02"", ""S07""]",biomechanical inference
N03_S5,A: Body jab · 보디 잽,BJAB,OFFENSE,A,N03,"{""distance"": ""long"", ""stance"": ""OO"", ""foot_position"": ""neutral"", ""angle"": ""head off punching line; body angle not automatic"", ""ring_position"": ""center"", ""space"": {""A"": ""center"", ""B"": ""center"", ""retreat_available"": ""both""}, ""A"": {""head"": ""outside incoming punch"", ""weight"": ""variant dependent: support/load must be checked"", ""guard"": ""attacking arm displaced; other hand protection conditional"", ""phase"": ""evasion"", ""arm"": ""home"", ""rotation"": ""none"", ""balance"": ""stable"", ""free_hand"": ""both"", ""foot"": ""neutral"", ""bearing"": ""facing opponent""}, ""B"": {""head"": ""center line"", ""weight"": ""neutral / variant dependent"", ""guard"": ""attacking arm displaced; other hand protection conditional"", ""phase"": ""recovery"", ""arm"": ""rear extended"", ""rotation"": ""punch-specific rotation; magnitude variable"", ""balance"": ""stable"", ""free_hand"": ""both"", ""foot"": ""neutral"", ""bearing"": ""facing opponent""}, ""belief"": {""A"": ""unknown"", ""B"": ""unknown""}, ""target"": ""head / combination variable"", ""phase_window"": ""크로스의 팔 바깥으로 탈출""}","{""distance"": ""long"", ""stance"": ""OO"", ""foot_position"": ""neutral"", ""angle"": ""head off punching line; body angle not automatic"", ""ring_position"": ""center"", ""space"": {""A"": ""center"", ""B"": ""center"", ""retreat_available"": ""both""}, ""A"": {""head"": ""low; lateral offset conditional"", ""weight"": ""variant dependent: support/load must be checked"", ""guard"": ""attacking arm displaced; other hand protection conditional"", ""phase"": ""extension"", ""arm"": ""lead/variant extended"", ""rotation"": ""none"", ""balance"": ""stable"", ""free_hand"": ""both"", ""foot"": ""neutral"", ""bearing"": ""facing opponent""}, ""B"": {""head"": ""center line"", ""weight"": ""neutral / variant dependent"", ""guard"": ""attacking arm displaced; other hand protection conditional"", ""phase"": ""recovery"", ""arm"": ""rear extended"", ""rotation"": ""punch-specific rotation; magnitude variable"", ""balance"": ""stable"", ""free_hand"": ""both"", ""foot"": ""neutral"", ""bearing"": ""facing opponent""}, ""belief"": {""A"": ""unknown"", ""B"": ""unknown""}, ""target"": ""body"", ""phase_window"": ""B 뒷손 회수 중 보디 라인이 남은 경우""}",머리 가드 아래 공격·높이 선택 강요,머리가 전방 low에 머물면 위쪽 카운터에 접근,"[""N03_S6""]",무릎으로 높이를 낮추고 앞손으로 합법 보디 표적,B 뒷손 회수 중 보디 라인이 남은 경우,"[""S01"", ""S10""]",biomechanical inference
N03_S6,B: Step-back · 후퇴 스텝,BACK,POSITION,B,N03,"{""distance"": ""long"", ""stance"": ""OO"", ""foot_position"": ""neutral"", ""angle"": ""head off punching line; body angle not automatic"", ""ring_position"": ""center"", ""space"": {""A"": ""center"", ""B"": ""center"", ""retreat_available"": ""both""}, ""A"": {""head"": ""low; lateral offset conditional"", ""weight"": ""variant dependent: support/load must be checked"", ""guard"": ""attacking arm displaced; other hand protection conditional"", ""phase"": ""extension"", ""arm"": ""lead/variant extended"", ""rotation"": ""none"", ""balance"": ""stable"", ""free_hand"": ""both"", ""foot"": ""neutral"", ""bearing"": ""facing opponent""}, ""B"": {""head"": ""center line"", ""weight"": ""neutral / variant dependent"", ""guard"": ""attacking arm displaced; other hand protection conditional"", ""phase"": ""recovery"", ""arm"": ""rear extended"", ""rotation"": ""punch-specific rotation; magnitude variable"", ""balance"": ""stable"", ""free_hand"": ""both"", ""foot"": ""neutral"", ""bearing"": ""facing opponent""}, ""belief"": {""A"": ""unknown"", ""B"": ""unknown""}, ""target"": ""body"", ""phase_window"": ""B 뒷손 회수 중 보디 라인이 남은 경우""}","{""distance"": ""long"", ""stance"": ""OO"", ""foot_position"": ""neutral"", ""angle"": ""head off punching line; body angle not automatic"", ""ring_position"": ""center"", ""space"": {""A"": ""center"", ""B"": ""center"", ""retreat_available"": ""both""}, ""A"": {""head"": ""low; lateral offset conditional"", ""weight"": ""variant dependent: support/load must be checked"", ""guard"": ""attacking arm displaced; other hand protection conditional"", ""phase"": ""recovery"", ""arm"": ""lead/variant extended"", ""rotation"": ""none"", ""balance"": ""stable"", ""free_hand"": ""both"", ""foot"": ""neutral"", ""bearing"": ""facing opponent""}, ""B"": {""head"": ""center line"", ""weight"": ""neutral / variant dependent"", ""guard"": ""attacking arm displaced; other hand protection conditional"", ""phase"": ""footwork"", ""arm"": ""home"", ""rotation"": ""punch-specific rotation; magnitude variable"", ""balance"": ""stable only after placement; transient step risk"", ""free_hand"": ""both"", ""foot"": ""neutral"", ""bearing"": ""facing opponent""}, ""belief"": {""A"": ""unknown"", ""B"": ""unknown""}, ""target"": ""body"", ""phase_window"": ""후퇴 공간 존재""}",상대 펀치 사거리 밖으로,추격·로프·전진 반격에 새 스텝 필요,"[""N03_S7""]",두 발의 간격을 보존하며 뒤로 이동,후퇴 공간 존재,"[""S01"", ""S06""]",biomechanical inference
N03_S7,A: Reset · 재정렬,RESET,POSITION,A,N03,"{""distance"": ""long"", ""stance"": ""OO"", ""foot_position"": ""neutral"", ""angle"": ""head off punching line; body angle not automatic"", ""ring_position"": ""center"", ""space"": {""A"": ""center"", ""B"": ""center"", ""retreat_available"": ""both""}, ""A"": {""head"": ""low; lateral offset conditional"", ""weight"": ""variant dependent: support/load must be checked"", ""guard"": ""attacking arm displaced; other hand protection conditional"", ""phase"": ""recovery"", ""arm"": ""lead/variant extended"", ""rotation"": ""none"", ""balance"": ""stable"", ""free_hand"": ""both"", ""foot"": ""neutral"", ""bearing"": ""facing opponent""}, ""B"": {""head"": ""center line"", ""weight"": ""neutral / variant dependent"", ""guard"": ""attacking arm displaced; other hand protection conditional"", ""phase"": ""footwork"", ""arm"": ""home"", ""rotation"": ""punch-specific rotation; magnitude variable"", ""balance"": ""stable only after placement; transient step risk"", ""free_hand"": ""both"", ""foot"": ""neutral"", ""bearing"": ""facing opponent""}, ""belief"": {""A"": ""unknown"", ""B"": ""unknown""}, ""target"": ""body"", ""phase_window"": ""후퇴 공간 존재""}","{""distance"": ""long"", ""stance"": ""OO"", ""foot_position"": ""neutral"", ""angle"": ""centerline aligned"", ""ring_position"": ""center"", ""space"": {""A"": ""center"", ""B"": ""center"", ""retreat_available"": ""both""}, ""A"": {""head"": ""center line / guarded"", ""weight"": ""neutral / ready"", ""guard"": ""normal"", ""phase"": ""neutral"", ""arm"": ""home"", ""rotation"": ""none"", ""balance"": ""stable"", ""free_hand"": ""both"", ""foot"": ""neutral"", ""bearing"": ""facing opponent""}, ""B"": {""head"": ""center line / guarded"", ""weight"": ""neutral / ready"", ""guard"": ""normal"", ""phase"": ""neutral"", ""arm"": ""home"", ""rotation"": ""none"", ""balance"": ""stable"", ""free_hand"": ""both"", ""foot"": ""neutral"", ""bearing"": ""facing opponent""}, ""belief"": {""A"": ""unknown"", ""B"": ""unknown""}, ""target"": ""none"", ""phase_window"": ""보디 추격을 보류하고 높이·발 복귀""}",새 교환 준비,시간 비용; 상대가 계속 치면 완료 불가,"[""N03_S0""]",손·발·시선·상대 bearing을 다시 맞춤,보디 추격을 보류하고 높이·발 복귀,"[""S06""]",biomechanical inference
N03_S8,A: Level feint · 높이 페인트,LF,MANIPULATION,A,N03,"{""distance"": ""long"", ""stance"": ""OO"", ""foot_position"": ""neutral"", ""angle"": ""centerline aligned"", ""ring_position"": ""center"", ""space"": {""A"": ""center"", ""B"": ""center"", ""retreat_available"": ""both""}, ""A"": {""head"": ""center line"", ""weight"": ""neutral / variant dependent"", ""guard"": ""normal"", ""phase"": ""neutral"", ""arm"": ""home"", ""rotation"": ""none"", ""balance"": ""stable"", ""free_hand"": ""both"", ""foot"": ""neutral"", ""bearing"": ""facing opponent""}, ""B"": {""head"": ""center line"", ""weight"": ""neutral / variant dependent"", ""guard"": ""normal"", ""phase"": ""neutral"", ""arm"": ""home"", ""rotation"": ""none"", ""balance"": ""stable"", ""free_hand"": ""both"", ""foot"": ""neutral"", ""bearing"": ""facing opponent""}, ""belief"": {""A"": ""unknown"", ""B"": ""unknown""}, ""target"": ""none"", ""phase_window"": ""neutral""}","{""distance"": ""long"", ""stance"": ""OO"", ""foot_position"": ""neutral"", ""angle"": ""centerline aligned"", ""ring_position"": ""center"", ""space"": {""A"": ""center"", ""B"": ""center"", ""retreat_available"": ""both""}, ""A"": {""head"": ""level-change cue / low variant"", ""weight"": ""neutral / variant dependent"", ""guard"": ""normal"", ""phase"": ""startup cue / observing"", ""arm"": ""home"", ""rotation"": ""none"", ""balance"": ""stable"", ""free_hand"": ""both"", ""foot"": ""neutral"", ""bearing"": ""facing opponent""}, ""B"": {""head"": ""center line"", ""weight"": ""neutral / variant dependent"", ""guard"": ""normal"", ""phase"": ""neutral"", ""arm"": ""home"", ""rotation"": ""none"", ""balance"": ""stable"", ""free_hand"": ""both"", ""foot"": ""neutral"", ""bearing"": ""facing opponent""}, ""belief"": {""A"": ""unknown"", ""B"": ""cue observed; response not deterministic""}, ""target"": ""none"", ""phase_window"": ""반복 보디 위협으로 B가 반응하는 맥락""}",팔꿈치·머리 위치 반응 유도,가드 유지·위쪽 인터셉트,"[""N03_S9""]",무릎·시선으로 보디 공격 단서,반복 보디 위협으로 B가 반응하는 맥락,"[""S05"", ""S14""]",biomechanical inference
N03_S9,B: Elbow body block · 팔꿈치 블록,ELBOW,DEFENSE,B,N03,"{""distance"": ""long"", ""stance"": ""OO"", ""foot_position"": ""neutral"", ""angle"": ""centerline aligned"", ""ring_position"": ""center"", ""space"": {""A"": ""center"", ""B"": ""center"", ""retreat_available"": ""both""}, ""A"": {""head"": ""level-change cue / low variant"", ""weight"": ""neutral / variant dependent"", ""guard"": ""normal"", ""phase"": ""startup cue / observing"", ""arm"": ""home"", ""rotation"": ""none"", ""balance"": ""stable"", ""free_hand"": ""both"", ""foot"": ""neutral"", ""bearing"": ""facing opponent""}, ""B"": {""head"": ""center line"", ""weight"": ""neutral / variant dependent"", ""guard"": ""normal"", ""phase"": ""neutral"", ""arm"": ""home"", ""rotation"": ""none"", ""balance"": ""stable"", ""free_hand"": ""both"", ""foot"": ""neutral"", ""bearing"": ""facing opponent""}, ""belief"": {""A"": ""unknown"", ""B"": ""cue observed; response not deterministic""}, ""target"": ""none"", ""phase_window"": ""반복 보디 위협으로 B가 반응하는 맥락""}","{""distance"": ""long"", ""stance"": ""OO"", ""foot_position"": ""neutral"", ""angle"": ""centerline aligned"", ""ring_position"": ""center"", ""space"": {""A"": ""center"", ""B"": ""center"", ""retreat_available"": ""both""}, ""A"": {""head"": ""level-change cue / low variant"", ""weight"": ""neutral / variant dependent"", ""guard"": ""normal"", ""phase"": ""startup cue / observing"", ""arm"": ""home"", ""rotation"": ""none"", ""balance"": ""stable"", ""free_hand"": ""both"", ""foot"": ""neutral"", ""bearing"": ""facing opponent""}, ""B"": {""head"": ""center line"", ""weight"": ""neutral / variant dependent"", ""guard"": ""head exposed"", ""phase"": ""impact/cover"", ""arm"": ""home"", ""rotation"": ""none"", ""balance"": ""stable"", ""free_hand"": ""both"", ""foot"": ""neutral"", ""bearing"": ""facing opponent""}, ""belief"": {""A"": ""unknown"", ""B"": ""cue observed; response not deterministic""}, ""target"": ""none"", ""phase_window"": ""이 분기는 글러브까지 실제로 내려간 과반응""}",보디 훅·사선 공격을 팔로 받음,같은 쪽 머리 가드가 실제로 내려가면 head opening,"[""N03_S10""]",팔꿈치를 좁히거나 몸통 회전으로 보디 통로 차단,이 분기는 글러브까지 실제로 내려간 과반응,"[""S01"", ""S16""]",biomechanical inference
N03_S10,A: Overhand · 오버핸드,OVER,OFFENSE,A,N03,"{""distance"": ""long"", ""stance"": ""OO"", ""foot_position"": ""neutral"", ""angle"": ""centerline aligned"", ""ring_position"": ""center"", ""space"": {""A"": ""center"", ""B"": ""center"", ""retreat_available"": ""both""}, ""A"": {""head"": ""level-change cue / low variant"", ""weight"": ""neutral / variant dependent"", ""guard"": ""normal"", ""phase"": ""startup cue / observing"", ""arm"": ""home"", ""rotation"": ""none"", ""balance"": ""stable"", ""free_hand"": ""both"", ""foot"": ""neutral"", ""bearing"": ""facing opponent""}, ""B"": {""head"": ""center line"", ""weight"": ""neutral / variant dependent"", ""guard"": ""head exposed"", ""phase"": ""impact/cover"", ""arm"": ""home"", ""rotation"": ""none"", ""balance"": ""stable"", ""free_hand"": ""both"", ""foot"": ""neutral"", ""bearing"": ""facing opponent""}, ""belief"": {""A"": ""unknown"", ""B"": ""cue observed; response not deterministic""}, ""target"": ""none"", ""phase_window"": ""이 분기는 글러브까지 실제로 내려간 과반응""}","{""distance"": ""long"", ""stance"": ""OO"", ""foot_position"": ""neutral"", ""angle"": ""centerline aligned"", ""ring_position"": ""center"", ""space"": {""A"": ""center"", ""B"": ""center"", ""retreat_available"": ""both""}, ""A"": {""head"": ""level-change cue / low variant"", ""weight"": ""neutral / variant dependent"", ""guard"": ""attacking arm displaced; other hand protection conditional"", ""phase"": ""extension"", ""arm"": ""rear extended"", ""rotation"": ""punch-specific rotation; magnitude variable"", ""balance"": ""stable"", ""free_hand"": ""both"", ""foot"": ""neutral"", ""bearing"": ""facing opponent""}, ""B"": {""head"": ""center line"", ""weight"": ""neutral / variant dependent"", ""guard"": ""head exposed"", ""phase"": ""impact/cover"", ""arm"": ""home"", ""rotation"": ""none"", ""balance"": ""stable"", ""free_hand"": ""both"", ""foot"": ""neutral"", ""bearing"": ""facing opponent""}, ""belief"": {""A"": ""unknown"", ""B"": ""cue observed; response not deterministic""}, ""target"": ""head / combination variable"", ""phase_window"": ""B 머리 가드 공백·뒷손 도달; 준비가 읽히지 않았을 때""}",높이·직선 가드 주변 궤적 변경,오버리치·낮은 머리·긴 복귀,"[""N03_S11""]",뒷손을 위에서 휘어 합법 머리 표적으로 보냄,B 머리 가드 공백·뒷손 도달; 준비가 읽히지 않았을 때,"[""S03""]",biomechanical inference
N03_S11,B: Slip + pivot · 슬립+피벗,SPIVOT,DEFENSE,B,N03,"{""distance"": ""long"", ""stance"": ""OO"", ""foot_position"": ""neutral"", ""angle"": ""centerline aligned"", ""ring_position"": ""center"", ""space"": {""A"": ""center"", ""B"": ""center"", ""retreat_available"": ""both""}, ""A"": {""head"": ""level-change cue / low variant"", ""weight"": ""neutral / variant dependent"", ""guard"": ""attacking arm displaced; other hand protection conditional"", ""phase"": ""extension"", ""arm"": ""rear extended"", ""rotation"": ""punch-specific rotation; magnitude variable"", ""balance"": ""stable"", ""free_hand"": ""both"", ""foot"": ""neutral"", ""bearing"": ""facing opponent""}, ""B"": {""head"": ""center line"", ""weight"": ""neutral / variant dependent"", ""guard"": ""head exposed"", ""phase"": ""impact/cover"", ""arm"": ""home"", ""rotation"": ""none"", ""balance"": ""stable"", ""free_hand"": ""both"", ""foot"": ""neutral"", ""bearing"": ""facing opponent""}, ""belief"": {""A"": ""unknown"", ""B"": ""cue observed; response not deterministic""}, ""target"": ""head / combination variable"", ""phase_window"": ""B 머리 가드 공백·뒷손 도달; 준비가 읽히지 않았을 때""}","{""distance"": ""mid"", ""stance"": ""OO"", ""foot_position"": ""angle candidate"", ""angle"": ""off-line candidate; opponent may reorient"", ""ring_position"": ""center"", ""space"": {""A"": ""center"", ""B"": ""center"", ""retreat_available"": ""both""}, ""A"": {""head"": ""level-change cue / low variant"", ""weight"": ""neutral / variant dependent"", ""guard"": ""attacking arm displaced; other hand protection conditional"", ""phase"": ""recovery"", ""arm"": ""rear extended"", ""rotation"": ""punch-specific rotation; magnitude variable"", ""balance"": ""stable"", ""free_hand"": ""both"", ""foot"": ""neutral"", ""bearing"": ""facing opponent""}, ""B"": {""head"": ""outside incoming punch"", ""weight"": ""variant dependent: support/load must be checked"", ""guard"": ""head exposed"", ""phase"": ""footwork + action"", ""arm"": ""home"", ""rotation"": ""none"", ""balance"": ""stable only after placement; transient step risk"", ""free_hand"": ""both"", ""foot"": ""neutral"", ""bearing"": ""reoriented toward opponent; conditional completion""}, ""belief"": {""A"": ""unknown"", ""B"": ""cue observed; response not deterministic""}, ""target"": ""head / combination variable"", ""phase_window"": ""오버핸드 궤도 밖으로 머리·축 회전""}",복귀 공격선 밖에 남는 선택,축발·출구가 막히면 회전 미완,"[""N03_S12""]",머리 회피와 재지향 회전 결합,오버핸드 궤도 밖으로 머리·축 회전,"[""S06"", ""S07""]",biomechanical inference
N03_S12,B: Counter hook · 카운터 훅,CH,COUNTER,B,N03,"{""distance"": ""mid"", ""stance"": ""OO"", ""foot_position"": ""angle candidate"", ""angle"": ""off-line candidate; opponent may reorient"", ""ring_position"": ""center"", ""space"": {""A"": ""center"", ""B"": ""center"", ""retreat_available"": ""both""}, ""A"": {""head"": ""level-change cue / low variant"", ""weight"": ""neutral / variant dependent"", ""guard"": ""attacking arm displaced; other hand protection conditional"", ""phase"": ""recovery"", ""arm"": ""rear extended"", ""rotation"": ""punch-specific rotation; magnitude variable"", ""balance"": ""stable"", ""free_hand"": ""both"", ""foot"": ""neutral"", ""bearing"": ""facing opponent""}, ""B"": {""head"": ""outside incoming punch"", ""weight"": ""variant dependent: support/load must be checked"", ""guard"": ""head exposed"", ""phase"": ""footwork + action"", ""arm"": ""home"", ""rotation"": ""none"", ""balance"": ""stable only after placement; transient step risk"", ""free_hand"": ""both"", ""foot"": ""neutral"", ""bearing"": ""reoriented toward opponent; conditional completion""}, ""belief"": {""A"": ""unknown"", ""B"": ""cue observed; response not deterministic""}, ""target"": ""head / combination variable"", ""phase_window"": ""오버핸드 궤도 밖으로 머리·축 회전""}","{""distance"": ""mid"", ""stance"": ""OO"", ""foot_position"": ""angle candidate"", ""angle"": ""off-line candidate; opponent may reorient"", ""ring_position"": ""center"", ""space"": {""A"": ""center"", ""B"": ""center"", ""retreat_available"": ""both""}, ""A"": {""head"": ""level-change cue / low variant"", ""weight"": ""neutral / variant dependent"", ""guard"": ""attacking arm displaced; other hand protection conditional"", ""phase"": ""recovery"", ""arm"": ""rear extended"", ""rotation"": ""punch-specific rotation; magnitude variable"", ""balance"": ""stable"", ""free_hand"": ""both"", ""foot"": ""neutral"", ""bearing"": ""facing opponent""}, ""B"": {""head"": ""outside incoming punch"", ""weight"": ""variant dependent: support/load must be checked"", ""guard"": ""attacking arm displaced; other hand protection conditional"", ""phase"": ""extension"", ""arm"": ""lead/variant extended"", ""rotation"": ""punch-specific rotation; magnitude variable"", ""balance"": ""stable only after placement; transient step risk"", ""free_hand"": ""both"", ""foot"": ""neutral"", ""bearing"": ""reoriented toward opponent; conditional completion""}, ""belief"": {""A"": ""unknown"", ""B"": ""cue observed; response not deterministic""}, ""target"": ""head / combination variable"", ""phase_window"": ""A 회전 회수 동안 측면 표적""}",직선 복귀·측면 노출 활용,"짧은 사거리, 반대 손 카운터","[""N03_S13""]",방어로 생긴 측면 표적을 짧게 공격,A 회전 회수 동안 측면 표적,"[""S03"", ""S16""]",biomechanical inference
N03_S13,A: Block · 블록,BLOCK,DEFENSE,A,N03,"{""distance"": ""mid"", ""stance"": ""OO"", ""foot_position"": ""angle candidate"", ""angle"": ""off-line candidate; opponent may reorient"", ""ring_position"": ""center"", ""space"": {""A"": ""center"", ""B"": ""center"", ""retreat_available"": ""both""}, ""A"": {""head"": ""level-change cue / low variant"", ""weight"": ""neutral / variant dependent"", ""guard"": ""attacking arm displaced; other hand protection conditional"", ""phase"": ""recovery"", ""arm"": ""rear extended"", ""rotation"": ""punch-specific rotation; magnitude variable"", ""balance"": ""stable"", ""free_hand"": ""both"", ""foot"": ""neutral"", ""bearing"": ""facing opponent""}, ""B"": {""head"": ""outside incoming punch"", ""weight"": ""variant dependent: support/load must be checked"", ""guard"": ""attacking arm displaced; other hand protection conditional"", ""phase"": ""extension"", ""arm"": ""lead/variant extended"", ""rotation"": ""punch-specific rotation; magnitude variable"", ""balance"": ""stable only after placement; transient step risk"", ""free_hand"": ""both"", ""foot"": ""neutral"", ""bearing"": ""reoriented toward opponent; conditional completion""}, ""belief"": {""A"": ""unknown"", ""B"": ""cue observed; response not deterministic""}, ""target"": ""head / combination variable"", ""phase_window"": ""A 회전 회수 동안 측면 표적""}","{""distance"": ""mid"", ""stance"": ""OO"", ""foot_position"": ""angle candidate"", ""angle"": ""off-line candidate; opponent may reorient"", ""ring_position"": ""center"", ""space"": {""A"": ""center"", ""B"": ""center"", ""retreat_available"": ""both""}, ""A"": {""head"": ""level-change cue / low variant"", ""weight"": ""neutral / variant dependent"", ""guard"": ""target-specific block"", ""phase"": ""impact/cover"", ""arm"": ""home"", ""rotation"": ""punch-specific rotation; magnitude variable"", ""balance"": ""stable"", ""free_hand"": ""both"", ""foot"": ""neutral"", ""bearing"": ""facing opponent""}, ""B"": {""head"": ""outside incoming punch"", ""weight"": ""variant dependent: support/load must be checked"", ""guard"": ""attacking arm displaced; other hand protection conditional"", ""phase"": ""recovery"", ""arm"": ""lead/variant extended"", ""rotation"": ""punch-specific rotation; magnitude variable"", ""balance"": ""stable only after placement; transient step risk"", ""free_hand"": ""both"", ""foot"": ""neutral"", ""bearing"": ""reoriented toward opponent; conditional completion""}, ""belief"": {""A"": ""unknown"", ""B"": ""cue observed; response not deterministic""}, ""target"": ""head / combination variable"", ""phase_window"": ""훅 측면 블록을 먼저 복구""}",머리·보디 맞교환을 제한,충격·다른 표적 열림·고정 방어 읽힘,"[""N03_S14""]",팔·글러브로 예상 공격 통로를 닫음,훅 측면 블록을 먼저 복구,"[""S01"", ""S02""]",biomechanical inference
N03_S14,A: Exit angle · 각도 탈출,EXIT,POSITION,A,N03,"{""distance"": ""mid"", ""stance"": ""OO"", ""foot_position"": ""angle candidate"", ""angle"": ""off-line candidate; opponent may reorient"", ""ring_position"": ""center"", ""space"": {""A"": ""center"", ""B"": ""center"", ""retreat_available"": ""both""}, ""A"": {""head"": ""level-change cue / low variant"", ""weight"": ""neutral / variant dependent"", ""guard"": ""target-specific block"", ""phase"": ""impact/cover"", ""arm"": ""home"", ""rotation"": ""punch-specific rotation; magnitude variable"", ""balance"": ""stable"", ""free_hand"": ""both"", ""foot"": ""neutral"", ""bearing"": ""facing opponent""}, ""B"": {""head"": ""outside incoming punch"", ""weight"": ""variant dependent: support/load must be checked"", ""guard"": ""attacking arm displaced; other hand protection conditional"", ""phase"": ""recovery"", ""arm"": ""lead/variant extended"", ""rotation"": ""punch-specific rotation; magnitude variable"", ""balance"": ""stable only after placement; transient step risk"", ""free_hand"": ""both"", ""foot"": ""neutral"", ""bearing"": ""reoriented toward opponent; conditional completion""}, ""belief"": {""A"": ""unknown"", ""B"": ""cue observed; response not deterministic""}, ""target"": ""head / combination variable"", ""phase_window"": ""훅 측면 블록을 먼저 복구""}","{""distance"": ""mid"", ""stance"": ""OO"", ""foot_position"": ""angle candidate"", ""angle"": ""off-line candidate; opponent may reorient"", ""ring_position"": ""center"", ""space"": {""A"": ""center"", ""B"": ""center"", ""retreat_available"": ""both""}, ""A"": {""head"": ""level-change cue / low variant"", ""weight"": ""neutral / variant dependent"", ""guard"": ""target-specific block"", ""phase"": ""footwork"", ""arm"": ""home"", ""rotation"": ""punch-specific rotation; magnitude variable"", ""balance"": ""stable only after placement; transient step risk"", ""free_hand"": ""both"", ""foot"": ""neutral"", ""bearing"": ""reoriented toward opponent; conditional completion""}, ""B"": {""head"": ""outside incoming punch"", ""weight"": ""variant dependent: support/load must be checked"", ""guard"": ""attacking arm displaced; other hand protection conditional"", ""phase"": ""recovery"", ""arm"": ""lead/variant extended"", ""rotation"": ""punch-specific rotation; magnitude variable"", ""balance"": ""stable only after placement; transient step risk"", ""free_hand"": ""both"", ""foot"": ""neutral"", ""bearing"": ""reoriented toward opponent; conditional completion""}, ""belief"": {""A"": ""unknown"", ""B"": ""cue observed; response not deterministic""}, ""target"": ""head / combination variable"", ""phase_window"": ""출구가 열려 있을 때 옆으로""}",콤비네이션 직선 추격에서 벗어남,상대 훅·링 커팅·뒤돌기 금지,"[""N03_S15""]",방어·짧은 타격 뒤 옆 이동과 재지향,출구가 열려 있을 때 옆으로,"[""S06""]",biomechanical inference
N03_S15,B: Reset · 재정렬,RESET,POSITION,B,N03,"{""distance"": ""mid"", ""stance"": ""OO"", ""foot_position"": ""angle candidate"", ""angle"": ""off-line candidate; opponent may reorient"", ""ring_position"": ""center"", ""space"": {""A"": ""center"", ""B"": ""center"", ""retreat_available"": ""both""}, ""A"": {""head"": ""level-change cue / low variant"", ""weight"": ""neutral / variant dependent"", ""guard"": ""target-specific block"", ""phase"": ""footwork"", ""arm"": ""home"", ""rotation"": ""punch-specific rotation; magnitude variable"", ""balance"": ""stable only after placement; transient step risk"", ""free_hand"": ""both"", ""foot"": ""neutral"", ""bearing"": ""reoriented toward opponent; conditional completion""}, ""B"": {""head"": ""outside incoming punch"", ""weight"": ""variant dependent: support/load must be checked"", ""guard"": ""attacking arm displaced; other hand protection conditional"", ""phase"": ""recovery"", ""arm"": ""lead/variant extended"", ""rotation"": ""punch-specific rotation; magnitude variable"", ""balance"": ""stable only after placement; transient step risk"", ""free_hand"": ""both"", ""foot"": ""neutral"", ""bearing"": ""reoriented toward opponent; conditional completion""}, ""belief"": {""A"": ""unknown"", ""B"": ""cue observed; response not deterministic""}, ""target"": ""head / combination variable"", ""phase_window"": ""출구가 열려 있을 때 옆으로""}","{""distance"": ""mid"", ""stance"": ""OO"", ""foot_position"": ""neutral"", ""angle"": ""centerline aligned"", ""ring_position"": ""center"", ""space"": {""A"": ""center"", ""B"": ""center"", ""retreat_available"": ""both""}, ""A"": {""head"": ""center line / guarded"", ""weight"": ""neutral / ready"", ""guard"": ""normal"", ""phase"": ""neutral"", ""arm"": ""home"", ""rotation"": ""none"", ""balance"": ""stable"", ""free_hand"": ""both"", ""foot"": ""neutral"", ""bearing"": ""facing opponent""}, ""B"": {""head"": ""center line / guarded"", ""weight"": ""neutral / ready"", ""guard"": ""normal"", ""phase"": ""neutral"", ""arm"": ""home"", ""rotation"": ""none"", ""balance"": ""stable"", ""free_hand"": ""both"", ""foot"": ""neutral"", ""bearing"": ""facing opponent""}, ""belief"": {""A"": ""unknown"", ""B"": ""cue observed; response not deterministic""}, ""target"": ""none"", ""phase_window"": ""추격 중단 후 서로 재정렬""}",새 교환 준비,시간 비용; 상대가 계속 치면 완료 불가,"[""N03_S0""]",손·발·시선·상대 bearing을 다시 맞춤,추격 중단 후 서로 재정렬,"[""S06""]",biomechanical inference
N04_S0,시작 상태,,STATE,,N04,"{""distance"": ""mid"", ""stance"": ""OO"", ""foot_position"": ""neutral"", ""angle"": ""centerline aligned"", ""ring_position"": ""center"", ""space"": {""A"": ""center"", ""B"": ""center"", ""retreat_available"": ""both""}, ""A"": {""head"": ""center line"", ""weight"": ""neutral / variant dependent"", ""guard"": ""normal"", ""phase"": ""neutral"", ""arm"": ""home"", ""rotation"": ""none"", ""balance"": ""stable"", ""free_hand"": ""both"", ""foot"": ""neutral"", ""bearing"": ""facing opponent""}, ""B"": {""head"": ""center line"", ""weight"": ""neutral / variant dependent"", ""guard"": ""normal"", ""phase"": ""neutral"", ""arm"": ""home"", ""rotation"": ""none"", ""balance"": ""stable"", ""free_hand"": ""both"", ""foot"": ""neutral"", ""bearing"": ""facing opponent""}, ""belief"": {""A"": ""unknown"", ""B"": ""unknown""}, ""target"": ""none"", ""phase_window"": ""neutral""}","{""distance"": ""mid"", ""stance"": ""OO"", ""foot_position"": ""neutral"", ""angle"": ""centerline aligned"", ""ring_position"": ""center"", ""space"": {""A"": ""center"", ""B"": ""center"", ""retreat_available"": ""both""}, ""A"": {""head"": ""center line"", ""weight"": ""neutral / variant dependent"", ""guard"": ""normal"", ""phase"": ""neutral"", ""arm"": ""home"", ""rotation"": ""none"", ""balance"": ""stable"", ""free_hand"": ""both"", ""foot"": ""neutral"", ""bearing"": ""facing opponent""}, ""B"": {""head"": ""center line"", ""weight"": ""neutral / variant dependent"", ""guard"": ""normal"", ""phase"": ""neutral"", ""arm"": ""home"", ""rotation"": ""none"", ""balance"": ""stable"", ""free_hand"": ""both"", ""foot"": ""neutral"", ""bearing"": ""facing opponent""}, ""belief"": {""A"": ""unknown"", ""B"": ""unknown""}, ""target"": ""none"", ""phase_window"": ""neutral""}",교환의 전제 확인,중립도 선제 위협에 노출,"[""N04_S1"", ""N02_S0"", ""N05_S0"", ""N07_S0"", ""N08_S0"", ""N19_S0"", ""N22_S0"", ""N25_S0""]",,,,
N04_S1,A: Rear straight / cross · 뒷손 직선,CROSS,OFFENSE,A,N04,"{""distance"": ""mid"", ""stance"": ""OO"", ""foot_position"": ""neutral"", ""angle"": ""centerline aligned"", ""ring_position"": ""center"", ""space"": {""A"": ""center"", ""B"": ""center"", ""retreat_available"": ""both""}, ""A"": {""head"": ""center line"", ""weight"": ""neutral / variant dependent"", ""guard"": ""normal"", ""phase"": ""neutral"", ""arm"": ""home"", ""rotation"": ""none"", ""balance"": ""stable"", ""free_hand"": ""both"", ""foot"": ""neutral"", ""bearing"": ""facing opponent""}, ""B"": {""head"": ""center line"", ""weight"": ""neutral / variant dependent"", ""guard"": ""normal"", ""phase"": ""neutral"", ""arm"": ""home"", ""rotation"": ""none"", ""balance"": ""stable"", ""free_hand"": ""both"", ""foot"": ""neutral"", ""bearing"": ""facing opponent""}, ""belief"": {""A"": ""unknown"", ""B"": ""unknown""}, ""target"": ""none"", ""phase_window"": ""neutral""}","{""distance"": ""mid"", ""stance"": ""OO"", ""foot_position"": ""neutral"", ""angle"": ""centerline aligned"", ""ring_position"": ""center"", ""space"": {""A"": ""center"", ""B"": ""center"", ""retreat_available"": ""both""}, ""A"": {""head"": ""center line"", ""weight"": ""neutral / variant dependent"", ""guard"": ""attacking arm displaced; other hand protection conditional"", ""phase"": ""extension"", ""arm"": ""rear extended"", ""rotation"": ""punch-specific rotation; magnitude variable"", ""balance"": ""stable"", ""free_hand"": ""both"", ""foot"": ""neutral"", ""bearing"": ""facing opponent""}, ""B"": {""head"": ""center line"", ""weight"": ""neutral / variant dependent"", ""guard"": ""normal"", ""phase"": ""neutral"", ""arm"": ""home"", ""rotation"": ""none"", ""balance"": ""stable"", ""free_hand"": ""both"", ""foot"": ""neutral"", ""bearing"": ""facing opponent""}, ""belief"": {""A"": ""unknown"", ""B"": ""unknown""}, ""target"": ""head / combination variable"", ""phase_window"": ""중거리 뒷손 직선""}",상대 복귀·열린 직선 통로 이용,뒷손 가드 이탈과 회전 회수 구간,"[""N04_S2"", ""N04_S11""]",몸통·팔을 협응해 뒷손 직선 후 회수,중거리 뒷손 직선,"[""S03""]",biomechanical inference
N04_S2,B: Outside slip · 바깥 슬립,SOUT,DEFENSE,B,N04,"{""distance"": ""mid"", ""stance"": ""OO"", ""foot_position"": ""neutral"", ""angle"": ""centerline aligned"", ""ring_position"": ""center"", ""space"": {""A"": ""center"", ""B"": ""center"", ""retreat_available"": ""both""}, ""A"": {""head"": ""center line"", ""weight"": ""neutral / variant dependent"", ""guard"": ""attacking arm displaced; other hand protection conditional"", ""phase"": ""extension"", ""arm"": ""rear extended"", ""rotation"": ""punch-specific rotation; magnitude variable"", ""balance"": ""stable"", ""free_hand"": ""both"", ""foot"": ""neutral"", ""bearing"": ""facing opponent""}, ""B"": {""head"": ""center line"", ""weight"": ""neutral / variant dependent"", ""guard"": ""normal"", ""phase"": ""neutral"", ""arm"": ""home"", ""rotation"": ""none"", ""balance"": ""stable"", ""free_hand"": ""both"", ""foot"": ""neutral"", ""bearing"": ""facing opponent""}, ""belief"": {""A"": ""unknown"", ""B"": ""unknown""}, ""target"": ""head / combination variable"", ""phase_window"": ""중거리 뒷손 직선""}","{""distance"": ""mid"", ""stance"": ""OO"", ""foot_position"": ""neutral"", ""angle"": ""head off punching line; body angle not automatic"", ""ring_position"": ""center"", ""space"": {""A"": ""center"", ""B"": ""center"", ""retreat_available"": ""both""}, ""A"": {""head"": ""center line"", ""weight"": ""neutral / variant dependent"", ""guard"": ""attacking arm displaced; other hand protection conditional"", ""phase"": ""recovery"", ""arm"": ""rear extended"", ""rotation"": ""punch-specific rotation; magnitude variable"", ""balance"": ""stable"", ""free_hand"": ""both"", ""foot"": ""neutral"", ""bearing"": ""facing opponent""}, ""B"": {""head"": ""outside incoming punch"", ""weight"": ""variant dependent: support/load must be checked"", ""guard"": ""normal"", ""phase"": ""evasion"", ""arm"": ""home"", ""rotation"": ""none"", ""balance"": ""stable"", ""free_hand"": ""both"", ""foot"": ""neutral"", ""bearing"": ""facing opponent""}, ""belief"": {""A"": ""unknown"", ""B"": ""unknown""}, ""target"": ""head / combination variable"", ""phase_window"": ""A 크로스 팔 바깥: OO에서 B 왼쪽""}",해당 직선 공격선을 벗어남,다음 펀치 재조준·훅·균형 손실,"[""N04_S3""]",들어오는 특정 펀치의 팔 바깥으로 머리 이동,A 크로스 팔 바깥: OO에서 B 왼쪽,"[""S02"", ""S07""]",biomechanical inference
N04_S3,B: Counter hook · 카운터 훅,CH,COUNTER,B,N04,"{""distance"": ""mid"", ""stance"": ""OO"", ""foot_position"": ""neutral"", ""angle"": ""head off punching line; body angle not automatic"", ""ring_position"": ""center"", ""space"": {""A"": ""center"", ""B"": ""center"", ""retreat_available"": ""both""}, ""A"": {""head"": ""center line"", ""weight"": ""neutral / variant dependent"", ""guard"": ""attacking arm displaced; other hand protection conditional"", ""phase"": ""recovery"", ""arm"": ""rear extended"", ""rotation"": ""punch-specific rotation; magnitude variable"", ""balance"": ""stable"", ""free_hand"": ""both"", ""foot"": ""neutral"", ""bearing"": ""facing opponent""}, ""B"": {""head"": ""outside incoming punch"", ""weight"": ""variant dependent: support/load must be checked"", ""guard"": ""normal"", ""phase"": ""evasion"", ""arm"": ""home"", ""rotation"": ""none"", ""balance"": ""stable"", ""free_hand"": ""both"", ""foot"": ""neutral"", ""bearing"": ""facing opponent""}, ""belief"": {""A"": ""unknown"", ""B"": ""unknown""}, ""target"": ""head / combination variable"", ""phase_window"": ""A 크로스 팔 바깥: OO에서 B 왼쪽""}","{""distance"": ""mid"", ""stance"": ""OO"", ""foot_position"": ""neutral"", ""angle"": ""head off punching line; body angle not automatic"", ""ring_position"": ""center"", ""space"": {""A"": ""center"", ""B"": ""center"", ""retreat_available"": ""both""}, ""A"": {""head"": ""center line"", ""weight"": ""neutral / variant dependent"", ""guard"": ""attacking arm displaced; other hand protection conditional"", ""phase"": ""recovery"", ""arm"": ""rear extended"", ""rotation"": ""punch-specific rotation; magnitude variable"", ""balance"": ""stable"", ""free_hand"": ""both"", ""foot"": ""neutral"", ""bearing"": ""facing opponent""}, ""B"": {""head"": ""outside incoming punch"", ""weight"": ""variant dependent: support/load must be checked"", ""guard"": ""attacking arm displaced; other hand protection conditional"", ""phase"": ""extension"", ""arm"": ""lead/variant extended"", ""rotation"": ""punch-specific rotation; magnitude variable"", ""balance"": ""stable"", ""free_hand"": ""both"", ""foot"": ""neutral"", ""bearing"": ""facing opponent""}, ""belief"": {""A"": ""unknown"", ""B"": ""unknown""}, ""target"": ""head / combination variable"", ""phase_window"": ""B가 짧은 앞손 훅 사거리·지지면 확보""}",직선 복귀·측면 노출 활용,"짧은 사거리, 반대 손 카운터","[""N04_S4""]",방어로 생긴 측면 표적을 짧게 공격,B가 짧은 앞손 훅 사거리·지지면 확보,"[""S03"", ""S16""]",biomechanical inference
N04_S4,A: Weave / roll · 위빙·롤,ROLL,DEFENSE,A,N04,"{""distance"": ""mid"", ""stance"": ""OO"", ""foot_position"": ""neutral"", ""angle"": ""head off punching line; body angle not automatic"", ""ring_position"": ""center"", ""space"": {""A"": ""center"", ""B"": ""center"", ""retreat_available"": ""both""}, ""A"": {""head"": ""center line"", ""weight"": ""neutral / variant dependent"", ""guard"": ""attacking arm displaced; other hand protection conditional"", ""phase"": ""recovery"", ""arm"": ""rear extended"", ""rotation"": ""punch-specific rotation; magnitude variable"", ""balance"": ""stable"", ""free_hand"": ""both"", ""foot"": ""neutral"", ""bearing"": ""facing opponent""}, ""B"": {""head"": ""outside incoming punch"", ""weight"": ""variant dependent: support/load must be checked"", ""guard"": ""attacking arm displaced; other hand protection conditional"", ""phase"": ""extension"", ""arm"": ""lead/variant extended"", ""rotation"": ""punch-specific rotation; magnitude variable"", ""balance"": ""stable"", ""free_hand"": ""both"", ""foot"": ""neutral"", ""bearing"": ""facing opponent""}, ""belief"": {""A"": ""unknown"", ""B"": ""unknown""}, ""target"": ""head / combination variable"", ""phase_window"": ""B가 짧은 앞손 훅 사거리·지지면 확보""}","{""distance"": ""mid"", ""stance"": ""OO"", ""foot_position"": ""neutral"", ""angle"": ""head off punching line; body angle not automatic"", ""ring_position"": ""center"", ""space"": {""A"": ""center"", ""B"": ""center"", ""retreat_available"": ""both""}, ""A"": {""head"": ""low → lateral path"", ""weight"": ""exit leg dependent"", ""guard"": ""attacking arm displaced; other hand protection conditional"", ""phase"": ""evasion"", ""arm"": ""home"", ""rotation"": ""roll exit-dependent"", ""balance"": ""stable"", ""free_hand"": ""both"", ""foot"": ""neutral"", ""bearing"": ""facing opponent""}, ""B"": {""head"": ""outside incoming punch"", ""weight"": ""variant dependent: support/load must be checked"", ""guard"": ""attacking arm displaced; other hand protection conditional"", ""phase"": ""recovery"", ""arm"": ""lead/variant extended"", ""rotation"": ""punch-specific rotation; magnitude variable"", ""balance"": ""stable"", ""free_hand"": ""both"", ""foot"": ""neutral"", ""bearing"": ""facing opponent""}, ""belief"": {""A"": ""unknown"", ""B"": ""unknown""}, ""target"": ""head / combination variable"", ""phase_window"": ""B 훅 궤도 아래 옆으로 이동""}",높은 훅 아래를 지나 측면으로 나옴,반복 경로·허리 굽힘·다음 낮은 공격,"[""N04_S5""]",무릎·몸통으로 U형 또는 곡선 머리 이동,B 훅 궤도 아래 옆으로 이동,"[""S01"", ""S08"", ""S09""]",biomechanical inference
N04_S5,A: Body hook · 보디 훅,BH,OFFENSE,A,N04,"{""distance"": ""mid"", ""stance"": ""OO"", ""foot_position"": ""neutral"", ""angle"": ""head off punching line; body angle not automatic"", ""ring_position"": ""center"", ""space"": {""A"": ""center"", ""B"": ""center"", ""retreat_available"": ""both""}, ""A"": {""head"": ""low → lateral path"", ""weight"": ""exit leg dependent"", ""guard"": ""attacking arm displaced; other hand protection conditional"", ""phase"": ""evasion"", ""arm"": ""home"", ""rotation"": ""roll exit-dependent"", ""balance"": ""stable"", ""free_hand"": ""both"", ""foot"": ""neutral"", ""bearing"": ""facing opponent""}, ""B"": {""head"": ""outside incoming punch"", ""weight"": ""variant dependent: support/load must be checked"", ""guard"": ""attacking arm displaced; other hand protection conditional"", ""phase"": ""recovery"", ""arm"": ""lead/variant extended"", ""rotation"": ""punch-specific rotation; magnitude variable"", ""balance"": ""stable"", ""free_hand"": ""both"", ""foot"": ""neutral"", ""bearing"": ""facing opponent""}, ""belief"": {""A"": ""unknown"", ""B"": ""unknown""}, ""target"": ""head / combination variable"", ""phase_window"": ""B 훅 궤도 아래 옆으로 이동""}","{""distance"": ""pocket"", ""stance"": ""OO"", ""foot_position"": ""neutral"", ""angle"": ""head off punching line; body angle not automatic"", ""ring_position"": ""center"", ""space"": {""A"": ""center"", ""B"": ""center"", ""retreat_available"": ""both""}, ""A"": {""head"": ""low → lateral path"", ""weight"": ""exit leg dependent"", ""guard"": ""attacking arm displaced; other hand protection conditional"", ""phase"": ""extension"", ""arm"": ""lead/variant extended"", ""rotation"": ""punch-specific rotation; magnitude variable"", ""balance"": ""stable"", ""free_hand"": ""both"", ""foot"": ""neutral"", ""bearing"": ""facing opponent""}, ""B"": {""head"": ""outside incoming punch"", ""weight"": ""variant dependent: support/load must be checked"", ""guard"": ""attacking arm displaced; other hand protection conditional"", ""phase"": ""recovery"", ""arm"": ""lead/variant extended"", ""rotation"": ""punch-specific rotation; magnitude variable"", ""balance"": ""stable"", ""free_hand"": ""both"", ""foot"": ""neutral"", ""bearing"": ""facing opponent""}, ""belief"": {""A"": ""unknown"", ""B"": ""unknown""}, ""target"": ""body"", ""phase_window"": ""롤 출구에서 B 보디 사거리 유지""}",높은 가드 아래 공격,보디로 손을 보내며 머리 측면이 열릴 수 있음,"[""N04_S6""]",높이를 바꾸고 짧은 훅으로 갈비·복부의 합법 표적,롤 출구에서 B 보디 사거리 유지,"[""S03"", ""S16""]",biomechanical inference
N04_S6,B: Elbow body block · 팔꿈치 블록,ELBOW,DEFENSE,B,N04,"{""distance"": ""pocket"", ""stance"": ""OO"", ""foot_position"": ""neutral"", ""angle"": ""head off punching line; body angle not automatic"", ""ring_position"": ""center"", ""space"": {""A"": ""center"", ""B"": ""center"", ""retreat_available"": ""both""}, ""A"": {""head"": ""low → lateral path"", ""weight"": ""exit leg dependent"", ""guard"": ""attacking arm displaced; other hand protection conditional"", ""phase"": ""extension"", ""arm"": ""lead/variant extended"", ""rotation"": ""punch-specific rotation; magnitude variable"", ""balance"": ""stable"", ""free_hand"": ""both"", ""foot"": ""neutral"", ""bearing"": ""facing opponent""}, ""B"": {""head"": ""outside incoming punch"", ""weight"": ""variant dependent: support/load must be checked"", ""guard"": ""attacking arm displaced; other hand protection conditional"", ""phase"": ""recovery"", ""arm"": ""lead/variant extended"", ""rotation"": ""punch-specific rotation; magnitude variable"", ""balance"": ""stable"", ""free_hand"": ""both"", ""foot"": ""neutral"", ""bearing"": ""facing opponent""}, ""belief"": {""A"": ""unknown"", ""B"": ""unknown""}, ""target"": ""body"", ""phase_window"": ""롤 출구에서 B 보디 사거리 유지""}","{""distance"": ""pocket"", ""stance"": ""OO"", ""foot_position"": ""neutral"", ""angle"": ""head off punching line; body angle not automatic"", ""ring_position"": ""center"", ""space"": {""A"": ""center"", ""B"": ""center"", ""retreat_available"": ""both""}, ""A"": {""head"": ""low → lateral path"", ""weight"": ""exit leg dependent"", ""guard"": ""attacking arm displaced; other hand protection conditional"", ""phase"": ""recovery"", ""arm"": ""lead/variant extended"", ""rotation"": ""punch-specific rotation; magnitude variable"", ""balance"": ""stable"", ""free_hand"": ""both"", ""foot"": ""neutral"", ""bearing"": ""facing opponent""}, ""B"": {""head"": ""outside incoming punch"", ""weight"": ""variant dependent: support/load must be checked"", ""guard"": ""elbow tucked; head glove conditional"", ""phase"": ""impact/cover"", ""arm"": ""home"", ""rotation"": ""punch-specific rotation; magnitude variable"", ""balance"": ""stable"", ""free_hand"": ""both"", ""foot"": ""neutral"", ""bearing"": ""facing opponent""}, ""belief"": {""A"": ""unknown"", ""B"": ""unknown""}, ""target"": ""body"", ""phase_window"": ""합법 보디를 팔꿈치로 차단""}",보디 훅·사선 공격을 팔로 받음,같은 쪽 머리 가드가 실제로 내려가면 head opening,"[""N04_S7""]",팔꿈치를 좁히거나 몸통 회전으로 보디 통로 차단,합법 보디를 팔꿈치로 차단,"[""S01"", ""S16""]",biomechanical inference
N04_S7,B: Lead uppercut · 앞손 어퍼컷,LU,OFFENSE,B,N04,"{""distance"": ""pocket"", ""stance"": ""OO"", ""foot_position"": ""neutral"", ""angle"": ""head off punching line; body angle not automatic"", ""ring_position"": ""center"", ""space"": {""A"": ""center"", ""B"": ""center"", ""retreat_available"": ""both""}, ""A"": {""head"": ""low → lateral path"", ""weight"": ""exit leg dependent"", ""guard"": ""attacking arm displaced; other hand protection conditional"", ""phase"": ""recovery"", ""arm"": ""lead/variant extended"", ""rotation"": ""punch-specific rotation; magnitude variable"", ""balance"": ""stable"", ""free_hand"": ""both"", ""foot"": ""neutral"", ""bearing"": ""facing opponent""}, ""B"": {""head"": ""outside incoming punch"", ""weight"": ""variant dependent: support/load must be checked"", ""guard"": ""elbow tucked; head glove conditional"", ""phase"": ""impact/cover"", ""arm"": ""home"", ""rotation"": ""punch-specific rotation; magnitude variable"", ""balance"": ""stable"", ""free_hand"": ""both"", ""foot"": ""neutral"", ""bearing"": ""facing opponent""}, ""belief"": {""A"": ""unknown"", ""B"": ""unknown""}, ""target"": ""body"", ""phase_window"": ""합법 보디를 팔꿈치로 차단""}","{""distance"": ""pocket"", ""stance"": ""OO"", ""foot_position"": ""neutral"", ""angle"": ""head off punching line; body angle not automatic"", ""ring_position"": ""center"", ""space"": {""A"": ""center"", ""B"": ""center"", ""retreat_available"": ""both""}, ""A"": {""head"": ""low → lateral path"", ""weight"": ""exit leg dependent"", ""guard"": ""attacking arm displaced; other hand protection conditional"", ""phase"": ""recovery"", ""arm"": ""lead/variant extended"", ""rotation"": ""punch-specific rotation; magnitude variable"", ""balance"": ""stable"", ""free_hand"": ""both"", ""foot"": ""neutral"", ""bearing"": ""facing opponent""}, ""B"": {""head"": ""outside incoming punch"", ""weight"": ""variant dependent: support/load must be checked"", ""guard"": ""attacking arm displaced; other hand protection conditional"", ""phase"": ""extension"", ""arm"": ""lead/variant extended"", ""rotation"": ""punch-specific rotation; magnitude variable"", ""balance"": ""stable"", ""free_hand"": ""both"", ""foot"": ""neutral"", ""bearing"": ""facing opponent""}, ""belief"": {""A"": ""unknown"", ""B"": ""unknown""}, ""target"": ""head / combination variable"", ""phase_window"": ""A가 low center에 남고 중앙 상승 통로가 열렸을 때""}",열린 중앙·낮은 머리의 접근 경로 공략,먼 거리에서 뜨는 궤적·앞손 가드 이탈,"[""N04_S8""]",앞손을 짧은 상승 궤도로 보냄,A가 low center에 남고 중앙 상승 통로가 열렸을 때,"[""S03""]",biomechanical inference
N04_S8,A: Smother · 펀치 공간 압축,SMOTHER,DEFENSE,A,N04,"{""distance"": ""pocket"", ""stance"": ""OO"", ""foot_position"": ""neutral"", ""angle"": ""head off punching line; body angle not automatic"", ""ring_position"": ""center"", ""space"": {""A"": ""center"", ""B"": ""center"", ""retreat_available"": ""both""}, ""A"": {""head"": ""low → lateral path"", ""weight"": ""exit leg dependent"", ""guard"": ""attacking arm displaced; other hand protection conditional"", ""phase"": ""recovery"", ""arm"": ""lead/variant extended"", ""rotation"": ""punch-specific rotation; magnitude variable"", ""balance"": ""stable"", ""free_hand"": ""both"", ""foot"": ""neutral"", ""bearing"": ""facing opponent""}, ""B"": {""head"": ""outside incoming punch"", ""weight"": ""variant dependent: support/load must be checked"", ""guard"": ""attacking arm displaced; other hand protection conditional"", ""phase"": ""extension"", ""arm"": ""lead/variant extended"", ""rotation"": ""punch-specific rotation; magnitude variable"", ""balance"": ""stable"", ""free_hand"": ""both"", ""foot"": ""neutral"", ""bearing"": ""facing opponent""}, ""belief"": {""A"": ""unknown"", ""B"": ""unknown""}, ""target"": ""head / combination variable"", ""phase_window"": ""A가 low center에 남고 중앙 상승 통로가 열렸을 때""}","{""distance"": ""clinch"", ""stance"": ""OO"", ""foot_position"": ""neutral"", ""angle"": ""head off punching line; body angle not automatic"", ""ring_position"": ""center"", ""space"": {""A"": ""center"", ""B"": ""center"", ""retreat_available"": ""both""}, ""A"": {""head"": ""low → lateral path"", ""weight"": ""exit leg dependent"", ""guard"": ""attacking arm displaced; other hand protection conditional"", ""phase"": ""contact"", ""arm"": ""contact / restriction dependent"", ""rotation"": ""punch-specific rotation; magnitude variable"", ""balance"": ""stable"", ""free_hand"": ""both"", ""foot"": ""neutral"", ""bearing"": ""facing opponent""}, ""B"": {""head"": ""outside incoming punch"", ""weight"": ""variant dependent: support/load must be checked"", ""guard"": ""attacking arm displaced; other hand protection conditional"", ""phase"": ""recovery"", ""arm"": ""lead/variant extended"", ""rotation"": ""punch-specific rotation; magnitude variable"", ""balance"": ""stable"", ""free_hand"": ""both"", ""foot"": ""neutral"", ""bearing"": ""facing opponent""}, ""belief"": {""A"": ""unknown"", ""B"": ""unknown""}, ""target"": ""short legal targets only; no holding-and-hitting"", ""phase_window"": ""어퍼컷 완전 궤도 전에 팔·몸 사이 공간 압축""}",긴 궤적의 완전 신전 방해,짧은 훅·어퍼컷·머리 충돌·위치 상실,"[""N04_S9""]",몸과 발로 너무 가까운 거리까지 압축,어퍼컷 완전 궤도 전에 팔·몸 사이 공간 압축,"[""S06"", ""S17""]",biomechanical inference
N04_S9,B: Clinch · 클린치 국면,CLINCH,DEFENSE,B,N04,"{""distance"": ""clinch"", ""stance"": ""OO"", ""foot_position"": ""neutral"", ""angle"": ""head off punching line; body angle not automatic"", ""ring_position"": ""center"", ""space"": {""A"": ""center"", ""B"": ""center"", ""retreat_available"": ""both""}, ""A"": {""head"": ""low → lateral path"", ""weight"": ""exit leg dependent"", ""guard"": ""attacking arm displaced; other hand protection conditional"", ""phase"": ""contact"", ""arm"": ""contact / restriction dependent"", ""rotation"": ""punch-specific rotation; magnitude variable"", ""balance"": ""stable"", ""free_hand"": ""both"", ""foot"": ""neutral"", ""bearing"": ""facing opponent""}, ""B"": {""head"": ""outside incoming punch"", ""weight"": ""variant dependent: support/load must be checked"", ""guard"": ""attacking arm displaced; other hand protection conditional"", ""phase"": ""recovery"", ""arm"": ""lead/variant extended"", ""rotation"": ""punch-specific rotation; magnitude variable"", ""balance"": ""stable"", ""free_hand"": ""both"", ""foot"": ""neutral"", ""bearing"": ""facing opponent""}, ""belief"": {""A"": ""unknown"", ""B"": ""unknown""}, ""target"": ""short legal targets only; no holding-and-hitting"", ""phase_window"": ""어퍼컷 완전 궤도 전에 팔·몸 사이 공간 압축""}","{""distance"": ""clinch"", ""stance"": ""OO"", ""foot_position"": ""neutral"", ""angle"": ""head off punching line; body angle not automatic"", ""ring_position"": ""center"", ""space"": {""A"": ""center"", ""B"": ""center"", ""retreat_available"": ""both""}, ""A"": {""head"": ""low → lateral path"", ""weight"": ""exit leg dependent"", ""guard"": ""attacking arm displaced; other hand protection conditional"", ""phase"": ""contact"", ""arm"": ""contact / restriction dependent"", ""rotation"": ""punch-specific rotation; magnitude variable"", ""balance"": ""stable"", ""free_hand"": ""both"", ""foot"": ""neutral"", ""bearing"": ""facing opponent""}, ""B"": {""head"": ""outside incoming punch"", ""weight"": ""variant dependent: support/load must be checked"", ""guard"": ""attacking arm displaced; other hand protection conditional"", ""phase"": ""contact"", ""arm"": ""contact / restriction dependent"", ""rotation"": ""punch-specific rotation; magnitude variable"", ""balance"": ""stable"", ""free_hand"": ""both"", ""foot"": ""neutral"", ""bearing"": ""facing opponent""}, ""belief"": {""A"": ""unknown"", ""B"": ""unknown""}, ""target"": ""short legal targets only; no holding-and-hitting"", ""phase_window"": ""자유손 교환을 중단""}",긴 펀치 공간 감소,짧은 자유손·심판 break·홀딩 반칙,"[""N04_S10""]",밀착·팔 얽힘으로 교환이 중단되는 국면,자유손 교환을 중단,"[""S17""]",biomechanical inference
N04_S10,A: Referee break · 심판 분리,BREAK,POSITION,A,N04,"{""distance"": ""clinch"", ""stance"": ""OO"", ""foot_position"": ""neutral"", ""angle"": ""head off punching line; body angle not automatic"", ""ring_position"": ""center"", ""space"": {""A"": ""center"", ""B"": ""center"", ""retreat_available"": ""both""}, ""A"": {""head"": ""low → lateral path"", ""weight"": ""exit leg dependent"", ""guard"": ""attacking arm displaced; other hand protection conditional"", ""phase"": ""contact"", ""arm"": ""contact / restriction dependent"", ""rotation"": ""punch-specific rotation; magnitude variable"", ""balance"": ""stable"", ""free_hand"": ""both"", ""foot"": ""neutral"", ""bearing"": ""facing opponent""}, ""B"": {""head"": ""outside incoming punch"", ""weight"": ""variant dependent: support/load must be checked"", ""guard"": ""attacking arm displaced; other hand protection conditional"", ""phase"": ""contact"", ""arm"": ""contact / restriction dependent"", ""rotation"": ""punch-specific rotation; magnitude variable"", ""balance"": ""stable"", ""free_hand"": ""both"", ""foot"": ""neutral"", ""bearing"": ""facing opponent""}, ""belief"": {""A"": ""unknown"", ""B"": ""unknown""}, ""target"": ""short legal targets only; no holding-and-hitting"", ""phase_window"": ""자유손 교환을 중단""}","{""distance"": ""long"", ""stance"": ""OO"", ""foot_position"": ""neutral"", ""angle"": ""centerline aligned"", ""ring_position"": ""center"", ""space"": {""A"": ""center"", ""B"": ""center"", ""retreat_available"": ""both""}, ""A"": {""head"": ""center line / guarded"", ""weight"": ""neutral / ready"", ""guard"": ""normal"", ""phase"": ""neutral"", ""arm"": ""home"", ""rotation"": ""none"", ""balance"": ""stable"", ""free_hand"": ""both"", ""foot"": ""neutral"", ""bearing"": ""facing opponent""}, ""B"": {""head"": ""center line / guarded"", ""weight"": ""neutral / ready"", ""guard"": ""normal"", ""phase"": ""neutral"", ""arm"": ""home"", ""rotation"": ""none"", ""balance"": ""stable"", ""free_hand"": ""both"", ""foot"": ""neutral"", ""bearing"": ""facing opponent""}, ""belief"": {""A"": ""unknown"", ""B"": ""unknown""}, ""target"": ""none"", ""phase_window"": ""심판 break 뒤 재개""}",밀착 국면에서 합법 새 거리,주도권·공간이 바뀜; break 중 공격 금지,"[""N04_S0""]",지시에 따라 분리·재개까지 타격 보류,심판 break 뒤 재개,"[""S17""]",biomechanical inference
N04_S11,B: Inside slip · 안쪽 슬립,SIN,DEFENSE,B,N04,"{""distance"": ""mid"", ""stance"": ""OO"", ""foot_position"": ""neutral"", ""angle"": ""centerline aligned"", ""ring_position"": ""center"", ""space"": {""A"": ""center"", ""B"": ""center"", ""retreat_available"": ""both""}, ""A"": {""head"": ""center line"", ""weight"": ""neutral / variant dependent"", ""guard"": ""attacking arm displaced; other hand protection conditional"", ""phase"": ""extension"", ""arm"": ""rear extended"", ""rotation"": ""punch-specific rotation; magnitude variable"", ""balance"": ""stable"", ""free_hand"": ""both"", ""foot"": ""neutral"", ""bearing"": ""facing opponent""}, ""B"": {""head"": ""center line"", ""weight"": ""neutral / variant dependent"", ""guard"": ""normal"", ""phase"": ""neutral"", ""arm"": ""home"", ""rotation"": ""none"", ""balance"": ""stable"", ""free_hand"": ""both"", ""foot"": ""neutral"", ""bearing"": ""facing opponent""}, ""belief"": {""A"": ""unknown"", ""B"": ""unknown""}, ""target"": ""head / combination variable"", ""phase_window"": ""중거리 뒷손 직선""}","{""distance"": ""mid"", ""stance"": ""OO"", ""foot_position"": ""neutral"", ""angle"": ""head off punching line; body angle not automatic"", ""ring_position"": ""center"", ""space"": {""A"": ""center"", ""B"": ""center"", ""retreat_available"": ""both""}, ""A"": {""head"": ""center line"", ""weight"": ""neutral / variant dependent"", ""guard"": ""attacking arm displaced; other hand protection conditional"", ""phase"": ""recovery"", ""arm"": ""rear extended"", ""rotation"": ""punch-specific rotation; magnitude variable"", ""balance"": ""stable"", ""free_hand"": ""both"", ""foot"": ""neutral"", ""bearing"": ""facing opponent""}, ""B"": {""head"": ""inside incoming punch"", ""weight"": ""variant dependent: support/load must be checked"", ""guard"": ""normal"", ""phase"": ""evasion"", ""arm"": ""home"", ""rotation"": ""none"", ""balance"": ""stable"", ""free_hand"": ""both"", ""foot"": ""neutral"", ""bearing"": ""facing opponent""}, ""belief"": {""A"": ""unknown"", ""B"": ""unknown""}, ""target"": ""head / combination variable"", ""phase_window"": ""A 크로스 안쪽: OO에서 B 오른쪽; A 자유 앞손에 접근""}",가까운 보디·짧은 반격 통로,자유손 공격 통로로 접근,"[""N04_S12""]",펀치와 상대 자유손 사이로 머리 이동,A 크로스 안쪽: OO에서 B 오른쪽; A 자유 앞손에 접근,"[""S02"", ""S07""]",biomechanical inference
N04_S12,A: Lead hook · 앞손 훅,LH,OFFENSE,A,N04,"{""distance"": ""mid"", ""stance"": ""OO"", ""foot_position"": ""neutral"", ""angle"": ""head off punching line; body angle not automatic"", ""ring_position"": ""center"", ""space"": {""A"": ""center"", ""B"": ""center"", ""retreat_available"": ""both""}, ""A"": {""head"": ""center line"", ""weight"": ""neutral / variant dependent"", ""guard"": ""attacking arm displaced; other hand protection conditional"", ""phase"": ""recovery"", ""arm"": ""rear extended"", ""rotation"": ""punch-specific rotation; magnitude variable"", ""balance"": ""stable"", ""free_hand"": ""both"", ""foot"": ""neutral"", ""bearing"": ""facing opponent""}, ""B"": {""head"": ""inside incoming punch"", ""weight"": ""variant dependent: support/load must be checked"", ""guard"": ""normal"", ""phase"": ""evasion"", ""arm"": ""home"", ""rotation"": ""none"", ""balance"": ""stable"", ""free_hand"": ""both"", ""foot"": ""neutral"", ""bearing"": ""facing opponent""}, ""belief"": {""A"": ""unknown"", ""B"": ""unknown""}, ""target"": ""head / combination variable"", ""phase_window"": ""A 크로스 안쪽: OO에서 B 오른쪽; A 자유 앞손에 접근""}","{""distance"": ""mid"", ""stance"": ""OO"", ""foot_position"": ""neutral"", ""angle"": ""head off punching line; body angle not automatic"", ""ring_position"": ""center"", ""space"": {""A"": ""center"", ""B"": ""center"", ""retreat_available"": ""both""}, ""A"": {""head"": ""center line"", ""weight"": ""neutral / variant dependent"", ""guard"": ""attacking arm displaced; other hand protection conditional"", ""phase"": ""extension"", ""arm"": ""lead/variant extended"", ""rotation"": ""punch-specific rotation; magnitude variable"", ""balance"": ""stable"", ""free_hand"": ""both"", ""foot"": ""neutral"", ""bearing"": ""facing opponent""}, ""B"": {""head"": ""inside incoming punch"", ""weight"": ""variant dependent: support/load must be checked"", ""guard"": ""normal"", ""phase"": ""evasion"", ""arm"": ""home"", ""rotation"": ""none"", ""balance"": ""stable"", ""free_hand"": ""both"", ""foot"": ""neutral"", ""bearing"": ""facing opponent""}, ""belief"": {""A"": ""unknown"", ""B"": ""unknown""}, ""target"": ""head / combination variable"", ""phase_window"": ""B가 stationary이고 앞손 훅 궤도 안에 남음""}",직선 밖 이동한 표적·측면 가드 공략,넓게 돌면 직선 인터셉트와 반대 훅에 노출,"[""N04_S13""]",앞손 곡선으로 옆 표적을 향하고 짧게 회수,B가 stationary이고 앞손 훅 궤도 안에 남음,"[""S03""]",biomechanical inference
N04_S13,B: Weave / roll · 위빙·롤,ROLL,DEFENSE,B,N04,"{""distance"": ""mid"", ""stance"": ""OO"", ""foot_position"": ""neutral"", ""angle"": ""head off punching line; body angle not automatic"", ""ring_position"": ""center"", ""space"": {""A"": ""center"", ""B"": ""center"", ""retreat_available"": ""both""}, ""A"": {""head"": ""center line"", ""weight"": ""neutral / variant dependent"", ""guard"": ""attacking arm displaced; other hand protection conditional"", ""phase"": ""extension"", ""arm"": ""lead/variant extended"", ""rotation"": ""punch-specific rotation; magnitude variable"", ""balance"": ""stable"", ""free_hand"": ""both"", ""foot"": ""neutral"", ""bearing"": ""facing opponent""}, ""B"": {""head"": ""inside incoming punch"", ""weight"": ""variant dependent: support/load must be checked"", ""guard"": ""normal"", ""phase"": ""evasion"", ""arm"": ""home"", ""rotation"": ""none"", ""balance"": ""stable"", ""free_hand"": ""both"", ""foot"": ""neutral"", ""bearing"": ""facing opponent""}, ""belief"": {""A"": ""unknown"", ""B"": ""unknown""}, ""target"": ""head / combination variable"", ""phase_window"": ""B가 stationary이고 앞손 훅 궤도 안에 남음""}","{""distance"": ""mid"", ""stance"": ""OO"", ""foot_position"": ""neutral"", ""angle"": ""head off punching line; body angle not automatic"", ""ring_position"": ""center"", ""space"": {""A"": ""center"", ""B"": ""center"", ""retreat_available"": ""both""}, ""A"": {""head"": ""center line"", ""weight"": ""neutral / variant dependent"", ""guard"": ""attacking arm displaced; other hand protection conditional"", ""phase"": ""recovery"", ""arm"": ""lead/variant extended"", ""rotation"": ""punch-specific rotation; magnitude variable"", ""balance"": ""stable"", ""free_hand"": ""both"", ""foot"": ""neutral"", ""bearing"": ""facing opponent""}, ""B"": {""head"": ""low → lateral path"", ""weight"": ""exit leg dependent"", ""guard"": ""normal"", ""phase"": ""evasion"", ""arm"": ""home"", ""rotation"": ""roll exit-dependent"", ""balance"": ""stable"", ""free_hand"": ""both"", ""foot"": ""neutral"", ""bearing"": ""facing opponent""}, ""belief"": {""A"": ""unknown"", ""B"": ""unknown""}, ""target"": ""head / combination variable"", ""phase_window"": ""늦지 않게 높이를 낮추고 옆 출구 선택""}",높은 훅 아래를 지나 측면으로 나옴,반복 경로·허리 굽힘·다음 낮은 공격,"[""N04_S14""]",무릎·몸통으로 U형 또는 곡선 머리 이동,늦지 않게 높이를 낮추고 옆 출구 선택,"[""S01"", ""S08"", ""S09""]",biomechanical inference
N04_S14,B: Rear uppercut · 뒷손 어퍼컷,RU,OFFENSE,B,N04,"{""distance"": ""mid"", ""stance"": ""OO"", ""foot_position"": ""neutral"", ""angle"": ""head off punching line; body angle not automatic"", ""ring_position"": ""center"", ""space"": {""A"": ""center"", ""B"": ""center"", ""retreat_available"": ""both""}, ""A"": {""head"": ""center line"", ""weight"": ""neutral / variant dependent"", ""guard"": ""attacking arm displaced; other hand protection conditional"", ""phase"": ""recovery"", ""arm"": ""lead/variant extended"", ""rotation"": ""punch-specific rotation; magnitude variable"", ""balance"": ""stable"", ""free_hand"": ""both"", ""foot"": ""neutral"", ""bearing"": ""facing opponent""}, ""B"": {""head"": ""low → lateral path"", ""weight"": ""exit leg dependent"", ""guard"": ""normal"", ""phase"": ""evasion"", ""arm"": ""home"", ""rotation"": ""roll exit-dependent"", ""balance"": ""stable"", ""free_hand"": ""both"", ""foot"": ""neutral"", ""bearing"": ""facing opponent""}, ""belief"": {""A"": ""unknown"", ""B"": ""unknown""}, ""target"": ""head / combination variable"", ""phase_window"": ""늦지 않게 높이를 낮추고 옆 출구 선택""}","{""distance"": ""mid"", ""stance"": ""OO"", ""foot_position"": ""neutral"", ""angle"": ""head off punching line; body angle not automatic"", ""ring_position"": ""center"", ""space"": {""A"": ""center"", ""B"": ""center"", ""retreat_available"": ""both""}, ""A"": {""head"": ""center line"", ""weight"": ""neutral / variant dependent"", ""guard"": ""attacking arm displaced; other hand protection conditional"", ""phase"": ""recovery"", ""arm"": ""lead/variant extended"", ""rotation"": ""punch-specific rotation; magnitude variable"", ""balance"": ""stable"", ""free_hand"": ""both"", ""foot"": ""neutral"", ""bearing"": ""facing opponent""}, ""B"": {""head"": ""low → lateral path"", ""weight"": ""exit leg dependent"", ""guard"": ""attacking arm displaced; other hand protection conditional"", ""phase"": ""extension"", ""arm"": ""rear extended"", ""rotation"": ""punch-specific rotation; magnitude variable"", ""balance"": ""stable"", ""free_hand"": ""both"", ""foot"": ""neutral"", ""bearing"": ""facing opponent""}, ""belief"": {""A"": ""unknown"", ""B"": ""unknown""}, ""target"": ""head / combination variable"", ""phase_window"": ""롤 이후 A가 중앙으로 돌아오고 짧은 상승 사거리""}",팔 사이 중앙 표적·낮은 진입 공략,준비 때 손을 내리면 훅·직선에 노출,"[""N04_S15""]",뒷손을 상승 곡선으로 보냄,롤 이후 A가 중앙으로 돌아오고 짧은 상승 사거리,"[""S03""]",biomechanical inference
N04_S15,A: Block · 블록,BLOCK,DEFENSE,A,N04,"{""distance"": ""mid"", ""stance"": ""OO"", ""foot_position"": ""neutral"", ""angle"": ""head off punching line; body angle not automatic"", ""ring_position"": ""center"", ""space"": {""A"": ""center"", ""B"": ""center"", ""retreat_available"": ""both""}, ""A"": {""head"": ""center line"", ""weight"": ""neutral / variant dependent"", ""guard"": ""attacking arm displaced; other hand protection conditional"", ""phase"": ""recovery"", ""arm"": ""lead/variant extended"", ""rotation"": ""punch-specific rotation; magnitude variable"", ""balance"": ""stable"", ""free_hand"": ""both"", ""foot"": ""neutral"", ""bearing"": ""facing opponent""}, ""B"": {""head"": ""low → lateral path"", ""weight"": ""exit leg dependent"", ""guard"": ""attacking arm displaced; other hand protection conditional"", ""phase"": ""extension"", ""arm"": ""rear extended"", ""rotation"": ""punch-specific rotation; magnitude variable"", ""balance"": ""stable"", ""free_hand"": ""both"", ""foot"": ""neutral"", ""bearing"": ""facing opponent""}, ""belief"": {""A"": ""unknown"", ""B"": ""unknown""}, ""target"": ""head / combination variable"", ""phase_window"": ""롤 이후 A가 중앙으로 돌아오고 짧은 상승 사거리""}","{""distance"": ""mid"", ""stance"": ""OO"", ""foot_position"": ""neutral"", ""angle"": ""head off punching line; body angle not automatic"", ""ring_position"": ""center"", ""space"": {""A"": ""center"", ""B"": ""center"", ""retreat_available"": ""both""}, ""A"": {""head"": ""center line"", ""weight"": ""neutral / variant dependent"", ""guard"": ""target-specific block"", ""phase"": ""impact/cover"", ""arm"": ""home"", ""rotation"": ""punch-specific rotation; magnitude variable"", ""balance"": ""stable"", ""free_hand"": ""both"", ""foot"": ""neutral"", ""bearing"": ""facing opponent""}, ""B"": {""head"": ""low → lateral path"", ""weight"": ""exit leg dependent"", ""guard"": ""attacking arm displaced; other hand protection conditional"", ""phase"": ""recovery"", ""arm"": ""rear extended"", ""rotation"": ""punch-specific rotation; magnitude variable"", ""balance"": ""stable"", ""free_hand"": ""both"", ""foot"": ""neutral"", ""bearing"": ""facing opponent""}, ""belief"": {""A"": ""unknown"", ""B"": ""unknown""}, ""target"": ""head / combination variable"", ""phase_window"": ""가드 중앙을 좁혀 받음""}",머리·보디 맞교환을 제한,충격·다른 표적 열림·고정 방어 읽힘,"[""N04_S16""]",팔·글러브로 예상 공격 통로를 닫음,가드 중앙을 좁혀 받음,"[""S01"", ""S02""]",biomechanical inference
N04_S16,A: Exit angle · 각도 탈출,EXIT,POSITION,A,N04,"{""distance"": ""mid"", ""stance"": ""OO"", ""foot_position"": ""neutral"", ""angle"": ""head off punching line; body angle not automatic"", ""ring_position"": ""center"", ""space"": {""A"": ""center"", ""B"": ""center"", ""retreat_available"": ""both""}, ""A"": {""head"": ""center line"", ""weight"": ""neutral / variant dependent"", ""guard"": ""target-specific block"", ""phase"": ""impact/cover"", ""arm"": ""home"", ""rotation"": ""punch-specific rotation; magnitude variable"", ""balance"": ""stable"", ""free_hand"": ""both"", ""foot"": ""neutral"", ""bearing"": ""facing opponent""}, ""B"": {""head"": ""low → lateral path"", ""weight"": ""exit leg dependent"", ""guard"": ""attacking arm displaced; other hand protection conditional"", ""phase"": ""recovery"", ""arm"": ""rear extended"", ""rotation"": ""punch-specific rotation; magnitude variable"", ""balance"": ""stable"", ""free_hand"": ""both"", ""foot"": ""neutral"", ""bearing"": ""facing opponent""}, ""belief"": {""A"": ""unknown"", ""B"": ""unknown""}, ""target"": ""head / combination variable"", ""phase_window"": ""가드 중앙을 좁혀 받음""}","{""distance"": ""mid"", ""stance"": ""OO"", ""foot_position"": ""angle candidate"", ""angle"": ""off-line candidate; opponent may reorient"", ""ring_position"": ""center"", ""space"": {""A"": ""center"", ""B"": ""center"", ""retreat_available"": ""both""}, ""A"": {""head"": ""center line"", ""weight"": ""neutral / variant dependent"", ""guard"": ""target-specific block"", ""phase"": ""footwork"", ""arm"": ""home"", ""rotation"": ""punch-specific rotation; magnitude variable"", ""balance"": ""stable only after placement; transient step risk"", ""free_hand"": ""both"", ""foot"": ""neutral"", ""bearing"": ""reoriented toward opponent; conditional completion""}, ""B"": {""head"": ""low → lateral path"", ""weight"": ""exit leg dependent"", ""guard"": ""attacking arm displaced; other hand protection conditional"", ""phase"": ""recovery"", ""arm"": ""rear extended"", ""rotation"": ""punch-specific rotation; magnitude variable"", ""balance"": ""stable"", ""free_hand"": ""both"", ""foot"": ""neutral"", ""bearing"": ""facing opponent""}, ""belief"": {""A"": ""unknown"", ""B"": ""unknown""}, ""target"": ""head / combination variable"", ""phase_window"": ""연속 교환을 끊을 측면 공간""}",콤비네이션 직선 추격에서 벗어남,상대 훅·링 커팅·뒤돌기 금지,"[""N04_S17""]",방어·짧은 타격 뒤 옆 이동과 재지향,연속 교환을 끊을 측면 공간,"[""S06""]",biomechanical inference
N04_S17,B: Reset · 재정렬,RESET,POSITION,B,N04,"{""distance"": ""mid"", ""stance"": ""OO"", ""foot_position"": ""angle candidate"", ""angle"": ""off-line candidate; opponent may reorient"", ""ring_position"": ""center"", ""space"": {""A"": ""center"", ""B"": ""center"", ""retreat_available"": ""both""}, ""A"": {""head"": ""center line"", ""weight"": ""neutral / variant dependent"", ""guard"": ""target-specific block"", ""phase"": ""footwork"", ""arm"": ""home"", ""rotation"": ""punch-specific rotation; magnitude variable"", ""balance"": ""stable only after placement; transient step risk"", ""free_hand"": ""both"", ""foot"": ""neutral"", ""bearing"": ""reoriented toward opponent; conditional completion""}, ""B"": {""head"": ""low → lateral path"", ""weight"": ""exit leg dependent"", ""guard"": ""attacking arm displaced; other hand protection conditional"", ""phase"": ""recovery"", ""arm"": ""rear extended"", ""rotation"": ""punch-specific rotation; magnitude variable"", ""balance"": ""stable"", ""free_hand"": ""both"", ""foot"": ""neutral"", ""bearing"": ""facing opponent""}, ""belief"": {""A"": ""unknown"", ""B"": ""unknown""}, ""target"": ""head / combination variable"", ""phase_window"": ""연속 교환을 끊을 측면 공간""}","{""distance"": ""mid"", ""stance"": ""OO"", ""foot_position"": ""neutral"", ""angle"": ""centerline aligned"", ""ring_position"": ""center"", ""space"": {""A"": ""center"", ""B"": ""center"", ""retreat_available"": ""both""}, ""A"": {""head"": ""center line / guarded"", ""weight"": ""neutral / ready"", ""guard"": ""normal"", ""phase"": ""neutral"", ""arm"": ""home"", ""rotation"": ""none"", ""balance"": ""stable"", ""free_hand"": ""both"", ""foot"": ""neutral"", ""bearing"": ""facing opponent""}, ""B"": {""head"": ""center line / guarded"", ""weight"": ""neutral / ready"", ""guard"": ""normal"", ""phase"": ""neutral"", ""arm"": ""home"", ""rotation"": ""none"", ""balance"": ""stable"", ""free_hand"": ""both"", ""foot"": ""neutral"", ""bearing"": ""facing opponent""}, ""belief"": {""A"": ""unknown"", ""B"": ""unknown""}, ""target"": ""none"", ""phase_window"": ""옆 이동에 재지향""}",새 교환 준비,시간 비용; 상대가 계속 치면 완료 불가,"[""N04_S0""]",손·발·시선·상대 bearing을 다시 맞춤,옆 이동에 재지향,"[""S06""]",biomechanical inference
N05_S0,시작 상태,,STATE,,N05,"{""distance"": ""long"", ""stance"": ""OO"", ""foot_position"": ""neutral"", ""angle"": ""centerline aligned"", ""ring_position"": ""center"", ""space"": {""A"": ""center"", ""B"": ""center"", ""retreat_available"": ""both""}, ""A"": {""head"": ""center line"", ""weight"": ""neutral / variant dependent"", ""guard"": ""normal"", ""phase"": ""neutral"", ""arm"": ""home"", ""rotation"": ""none"", ""balance"": ""stable"", ""free_hand"": ""both"", ""foot"": ""neutral"", ""bearing"": ""facing opponent""}, ""B"": {""head"": ""center line"", ""weight"": ""neutral / variant dependent"", ""guard"": ""normal"", ""phase"": ""neutral"", ""arm"": ""home"", ""rotation"": ""none"", ""balance"": ""stable"", ""free_hand"": ""both"", ""foot"": ""neutral"", ""bearing"": ""facing opponent""}, ""belief"": {""A"": ""unknown"", ""B"": ""unknown""}, ""target"": ""none"", ""phase_window"": ""neutral""}","{""distance"": ""long"", ""stance"": ""OO"", ""foot_position"": ""neutral"", ""angle"": ""centerline aligned"", ""ring_position"": ""center"", ""space"": {""A"": ""center"", ""B"": ""center"", ""retreat_available"": ""both""}, ""A"": {""head"": ""center line"", ""weight"": ""neutral / variant dependent"", ""guard"": ""normal"", ""phase"": ""neutral"", ""arm"": ""home"", ""rotation"": ""none"", ""balance"": ""stable"", ""free_hand"": ""both"", ""foot"": ""neutral"", ""bearing"": ""facing opponent""}, ""B"": {""head"": ""center line"", ""weight"": ""neutral / variant dependent"", ""guard"": ""normal"", ""phase"": ""neutral"", ""arm"": ""home"", ""rotation"": ""none"", ""balance"": ""stable"", ""free_hand"": ""both"", ""foot"": ""neutral"", ""bearing"": ""facing opponent""}, ""belief"": {""A"": ""unknown"", ""B"": ""unknown""}, ""target"": ""none"", ""phase_window"": ""neutral""}",교환의 전제 확인,중립도 선제 위협에 노출,"[""N05_S1"", ""N05_S9"", ""N02_S0"", ""N04_S0"", ""N07_S0"", ""N08_S0"", ""N19_S0"", ""N22_S0"", ""N25_S0""]",,,,
N05_S1,A: Lead jab · 잽,JAB,OFFENSE,A,N05,"{""distance"": ""long"", ""stance"": ""OO"", ""foot_position"": ""neutral"", ""angle"": ""centerline aligned"", ""ring_position"": ""center"", ""space"": {""A"": ""center"", ""B"": ""center"", ""retreat_available"": ""both""}, ""A"": {""head"": ""center line"", ""weight"": ""neutral / variant dependent"", ""guard"": ""normal"", ""phase"": ""neutral"", ""arm"": ""home"", ""rotation"": ""none"", ""balance"": ""stable"", ""free_hand"": ""both"", ""foot"": ""neutral"", ""bearing"": ""facing opponent""}, ""B"": {""head"": ""center line"", ""weight"": ""neutral / variant dependent"", ""guard"": ""normal"", ""phase"": ""neutral"", ""arm"": ""home"", ""rotation"": ""none"", ""balance"": ""stable"", ""free_hand"": ""both"", ""foot"": ""neutral"", ""bearing"": ""facing opponent""}, ""belief"": {""A"": ""unknown"", ""B"": ""unknown""}, ""target"": ""none"", ""phase_window"": ""neutral""}","{""distance"": ""long"", ""stance"": ""OO"", ""foot_position"": ""neutral"", ""angle"": ""centerline aligned"", ""ring_position"": ""center"", ""space"": {""A"": ""center"", ""B"": ""center"", ""retreat_available"": ""both""}, ""A"": {""head"": ""center line"", ""weight"": ""neutral / variant dependent"", ""guard"": ""attacking arm displaced; other hand protection conditional"", ""phase"": ""extension"", ""arm"": ""lead/variant extended"", ""rotation"": ""none"", ""balance"": ""stable"", ""free_hand"": ""both"", ""foot"": ""neutral"", ""bearing"": ""facing opponent""}, ""B"": {""head"": ""center line"", ""weight"": ""neutral / variant dependent"", ""guard"": ""normal"", ""phase"": ""neutral"", ""arm"": ""home"", ""rotation"": ""none"", ""balance"": ""stable"", ""free_hand"": ""both"", ""foot"": ""neutral"", ""bearing"": ""facing opponent""}, ""belief"": {""A"": ""unknown"", ""B"": ""unknown""}, ""target"": ""head / combination variable"", ""phase_window"": ""잽 끝거리""}",사거리·반응을 확인하고 시야를 가림,앞손 복귀 동안 같은 쪽 가드가 비며 단조로운 타이밍을 읽힐 수 있음,"[""N05_S2""]",앞손을 짧게 직선으로 보내고 복귀,잽 끝거리,"[""S01"", ""S02""]",biomechanical inference
N05_S2,B: Pull · 작은 풀,PULL,DEFENSE,B,N05,"{""distance"": ""long"", ""stance"": ""OO"", ""foot_position"": ""neutral"", ""angle"": ""centerline aligned"", ""ring_position"": ""center"", ""space"": {""A"": ""center"", ""B"": ""center"", ""retreat_available"": ""both""}, ""A"": {""head"": ""center line"", ""weight"": ""neutral / variant dependent"", ""guard"": ""attacking arm displaced; other hand protection conditional"", ""phase"": ""extension"", ""arm"": ""lead/variant extended"", ""rotation"": ""none"", ""balance"": ""stable"", ""free_hand"": ""both"", ""foot"": ""neutral"", ""bearing"": ""facing opponent""}, ""B"": {""head"": ""center line"", ""weight"": ""neutral / variant dependent"", ""guard"": ""normal"", ""phase"": ""neutral"", ""arm"": ""home"", ""rotation"": ""none"", ""balance"": ""stable"", ""free_hand"": ""both"", ""foot"": ""neutral"", ""bearing"": ""facing opponent""}, ""belief"": {""A"": ""unknown"", ""B"": ""unknown""}, ""target"": ""head / combination variable"", ""phase_window"": ""잽 끝거리""}","{""distance"": ""long"", ""stance"": ""OO"", ""foot_position"": ""neutral"", ""angle"": ""centerline aligned"", ""ring_position"": ""center"", ""space"": {""A"": ""center"", ""B"": ""center"", ""retreat_available"": ""both""}, ""A"": {""head"": ""center line"", ""weight"": ""neutral / variant dependent"", ""guard"": ""attacking arm displaced; other hand protection conditional"", ""phase"": ""recovery"", ""arm"": ""lead/variant extended"", ""rotation"": ""none"", ""balance"": ""stable"", ""free_hand"": ""both"", ""foot"": ""neutral"", ""bearing"": ""facing opponent""}, ""B"": {""head"": ""rearward"", ""weight"": ""rear-leg loaded tendency"", ""guard"": ""normal"", ""phase"": ""evasion"", ""arm"": ""home"", ""rotation"": ""none"", ""balance"": ""support margin reduced if exaggerated"", ""free_hand"": ""both"", ""foot"": ""neutral"", ""bearing"": ""facing opponent""}, ""belief"": {""A"": ""unknown"", ""B"": ""unknown""}, ""target"": ""head / combination variable"", ""phase_window"": ""작은 후방 머리 이동만으로 잽이 짧아짐""}",짧게 빗나가게 하고 반격 거리 유지,몸통 사거리 유지·추격 두 번째 펀치,"[""N05_S3""]",발을 크게 옮기지 않고 머리만 후방 이동,작은 후방 머리 이동만으로 잽이 짧아짐,"[""S01"", ""S02""]",biomechanical inference
N05_S3,B: Counter cross · 카운터 크로스,CC,COUNTER,B,N05,"{""distance"": ""long"", ""stance"": ""OO"", ""foot_position"": ""neutral"", ""angle"": ""centerline aligned"", ""ring_position"": ""center"", ""space"": {""A"": ""center"", ""B"": ""center"", ""retreat_available"": ""both""}, ""A"": {""head"": ""center line"", ""weight"": ""neutral / variant dependent"", ""guard"": ""attacking arm displaced; other hand protection conditional"", ""phase"": ""recovery"", ""arm"": ""lead/variant extended"", ""rotation"": ""none"", ""balance"": ""stable"", ""free_hand"": ""both"", ""foot"": ""neutral"", ""bearing"": ""facing opponent""}, ""B"": {""head"": ""rearward"", ""weight"": ""rear-leg loaded tendency"", ""guard"": ""normal"", ""phase"": ""evasion"", ""arm"": ""home"", ""rotation"": ""none"", ""balance"": ""support margin reduced if exaggerated"", ""free_hand"": ""both"", ""foot"": ""neutral"", ""bearing"": ""facing opponent""}, ""belief"": {""A"": ""unknown"", ""B"": ""unknown""}, ""target"": ""head / combination variable"", ""phase_window"": ""작은 후방 머리 이동만으로 잽이 짧아짐""}","{""distance"": ""long"", ""stance"": ""OO"", ""foot_position"": ""neutral"", ""angle"": ""centerline aligned"", ""ring_position"": ""center"", ""space"": {""A"": ""center"", ""B"": ""center"", ""retreat_available"": ""both""}, ""A"": {""head"": ""center line"", ""weight"": ""neutral / variant dependent"", ""guard"": ""attacking arm displaced; other hand protection conditional"", ""phase"": ""recovery"", ""arm"": ""lead/variant extended"", ""rotation"": ""none"", ""balance"": ""stable"", ""free_hand"": ""both"", ""foot"": ""neutral"", ""bearing"": ""facing opponent""}, ""B"": {""head"": ""rearward"", ""weight"": ""rear-leg loaded tendency"", ""guard"": ""attacking arm displaced; other hand protection conditional"", ""phase"": ""extension"", ""arm"": ""rear extended"", ""rotation"": ""punch-specific rotation; magnitude variable"", ""balance"": ""support margin reduced if exaggerated"", ""free_hand"": ""both"", ""foot"": ""neutral"", ""bearing"": ""facing opponent""}, ""belief"": {""A"": ""unknown"", ""B"": ""unknown""}, ""target"": ""head / combination variable"", ""phase_window"": ""B 균형·뒷손 사거리 남고 A 잽 회수 중""}",열린 중앙·늦은 복귀 활용,과도한 진입·다음 훅 위험,"[""N05_S4""]",상대 공격·복귀 창에 뒷손 직선,B 균형·뒷손 사거리 남고 A 잽 회수 중,"[""S03"", ""S07""]",biomechanical inference
N05_S4,A: Outside slip · 바깥 슬립,SOUT,DEFENSE,A,N05,"{""distance"": ""long"", ""stance"": ""OO"", ""foot_position"": ""neutral"", ""angle"": ""centerline aligned"", ""ring_position"": ""center"", ""space"": {""A"": ""center"", ""B"": ""center"", ""retreat_available"": ""both""}, ""A"": {""head"": ""center line"", ""weight"": ""neutral / variant dependent"", ""guard"": ""attacking arm displaced; other hand protection conditional"", ""phase"": ""recovery"", ""arm"": ""lead/variant extended"", ""rotation"": ""none"", ""balance"": ""stable"", ""free_hand"": ""both"", ""foot"": ""neutral"", ""bearing"": ""facing opponent""}, ""B"": {""head"": ""rearward"", ""weight"": ""rear-leg loaded tendency"", ""guard"": ""attacking arm displaced; other hand protection conditional"", ""phase"": ""extension"", ""arm"": ""rear extended"", ""rotation"": ""punch-specific rotation; magnitude variable"", ""balance"": ""support margin reduced if exaggerated"", ""free_hand"": ""both"", ""foot"": ""neutral"", ""bearing"": ""facing opponent""}, ""belief"": {""A"": ""unknown"", ""B"": ""unknown""}, ""target"": ""head / combination variable"", ""phase_window"": ""B 균형·뒷손 사거리 남고 A 잽 회수 중""}","{""distance"": ""long"", ""stance"": ""OO"", ""foot_position"": ""neutral"", ""angle"": ""head off punching line; body angle not automatic"", ""ring_position"": ""center"", ""space"": {""A"": ""center"", ""B"": ""center"", ""retreat_available"": ""both""}, ""A"": {""head"": ""outside incoming punch"", ""weight"": ""variant dependent: support/load must be checked"", ""guard"": ""attacking arm displaced; other hand protection conditional"", ""phase"": ""evasion"", ""arm"": ""home"", ""rotation"": ""none"", ""balance"": ""stable"", ""free_hand"": ""both"", ""foot"": ""neutral"", ""bearing"": ""facing opponent""}, ""B"": {""head"": ""rearward"", ""weight"": ""rear-leg loaded tendency"", ""guard"": ""attacking arm displaced; other hand protection conditional"", ""phase"": ""recovery"", ""arm"": ""rear extended"", ""rotation"": ""punch-specific rotation; magnitude variable"", ""balance"": ""support margin reduced if exaggerated"", ""free_hand"": ""both"", ""foot"": ""neutral"", ""bearing"": ""facing opponent""}, ""belief"": {""A"": ""unknown"", ""B"": ""unknown""}, ""target"": ""head / combination variable"", ""phase_window"": ""카운터 크로스 바깥으로 이동""}",해당 직선 공격선을 벗어남,다음 펀치 재조준·훅·균형 손실,"[""N05_S5""]",들어오는 특정 펀치의 팔 바깥으로 머리 이동,카운터 크로스 바깥으로 이동,"[""S02"", ""S07""]",biomechanical inference
N05_S5,A: Counter hook · 카운터 훅,CH,COUNTER,A,N05,"{""distance"": ""long"", ""stance"": ""OO"", ""foot_position"": ""neutral"", ""angle"": ""head off punching line; body angle not automatic"", ""ring_position"": ""center"", ""space"": {""A"": ""center"", ""B"": ""center"", ""retreat_available"": ""both""}, ""A"": {""head"": ""outside incoming punch"", ""weight"": ""variant dependent: support/load must be checked"", ""guard"": ""attacking arm displaced; other hand protection conditional"", ""phase"": ""evasion"", ""arm"": ""home"", ""rotation"": ""none"", ""balance"": ""stable"", ""free_hand"": ""both"", ""foot"": ""neutral"", ""bearing"": ""facing opponent""}, ""B"": {""head"": ""rearward"", ""weight"": ""rear-leg loaded tendency"", ""guard"": ""attacking arm displaced; other hand protection conditional"", ""phase"": ""recovery"", ""arm"": ""rear extended"", ""rotation"": ""punch-specific rotation; magnitude variable"", ""balance"": ""support margin reduced if exaggerated"", ""free_hand"": ""both"", ""foot"": ""neutral"", ""bearing"": ""facing opponent""}, ""belief"": {""A"": ""unknown"", ""B"": ""unknown""}, ""target"": ""head / combination variable"", ""phase_window"": ""카운터 크로스 바깥으로 이동""}","{""distance"": ""mid"", ""stance"": ""OO"", ""foot_position"": ""neutral"", ""angle"": ""head off punching line; body angle not automatic"", ""ring_position"": ""center"", ""space"": {""A"": ""center"", ""B"": ""center"", ""retreat_available"": ""both""}, ""A"": {""head"": ""outside incoming punch"", ""weight"": ""variant dependent: support/load must be checked"", ""guard"": ""attacking arm displaced; other hand protection conditional"", ""phase"": ""extension"", ""arm"": ""lead/variant extended"", ""rotation"": ""punch-specific rotation; magnitude variable"", ""balance"": ""stable"", ""free_hand"": ""both"", ""foot"": ""neutral"", ""bearing"": ""facing opponent""}, ""B"": {""head"": ""rearward"", ""weight"": ""rear-leg loaded tendency"", ""guard"": ""attacking arm displaced; other hand protection conditional"", ""phase"": ""recovery"", ""arm"": ""rear extended"", ""rotation"": ""punch-specific rotation; magnitude variable"", ""balance"": ""support margin reduced if exaggerated"", ""free_hand"": ""both"", ""foot"": ""neutral"", ""bearing"": ""facing opponent""}, ""belief"": {""A"": ""unknown"", ""B"": ""unknown""}, ""target"": ""head / combination variable"", ""phase_window"": ""짧은 발 보정으로 훅 사거리 확보""}",직선 복귀·측면 노출 활용,"짧은 사거리, 반대 손 카운터","[""N05_S6""]",방어로 생긴 측면 표적을 짧게 공격,짧은 발 보정으로 훅 사거리 확보,"[""S03"", ""S16""]",biomechanical inference
N05_S6,B: Block · 블록,BLOCK,DEFENSE,B,N05,"{""distance"": ""mid"", ""stance"": ""OO"", ""foot_position"": ""neutral"", ""angle"": ""head off punching line; body angle not automatic"", ""ring_position"": ""center"", ""space"": {""A"": ""center"", ""B"": ""center"", ""retreat_available"": ""both""}, ""A"": {""head"": ""outside incoming punch"", ""weight"": ""variant dependent: support/load must be checked"", ""guard"": ""attacking arm displaced; other hand protection conditional"", ""phase"": ""extension"", ""arm"": ""lead/variant extended"", ""rotation"": ""punch-specific rotation; magnitude variable"", ""balance"": ""stable"", ""free_hand"": ""both"", ""foot"": ""neutral"", ""bearing"": ""facing opponent""}, ""B"": {""head"": ""rearward"", ""weight"": ""rear-leg loaded tendency"", ""guard"": ""attacking arm displaced; other hand protection conditional"", ""phase"": ""recovery"", ""arm"": ""rear extended"", ""rotation"": ""punch-specific rotation; magnitude variable"", ""balance"": ""support margin reduced if exaggerated"", ""free_hand"": ""both"", ""foot"": ""neutral"", ""bearing"": ""facing opponent""}, ""belief"": {""A"": ""unknown"", ""B"": ""unknown""}, ""target"": ""head / combination variable"", ""phase_window"": ""짧은 발 보정으로 훅 사거리 확보""}","{""distance"": ""mid"", ""stance"": ""OO"", ""foot_position"": ""neutral"", ""angle"": ""head off punching line; body angle not automatic"", ""ring_position"": ""center"", ""space"": {""A"": ""center"", ""B"": ""center"", ""retreat_available"": ""both""}, ""A"": {""head"": ""outside incoming punch"", ""weight"": ""variant dependent: support/load must be checked"", ""guard"": ""attacking arm displaced; other hand protection conditional"", ""phase"": ""recovery"", ""arm"": ""lead/variant extended"", ""rotation"": ""punch-specific rotation; magnitude variable"", ""balance"": ""stable"", ""free_hand"": ""both"", ""foot"": ""neutral"", ""bearing"": ""facing opponent""}, ""B"": {""head"": ""rearward"", ""weight"": ""rear-leg loaded tendency"", ""guard"": ""target-specific block"", ""phase"": ""impact/cover"", ""arm"": ""home"", ""rotation"": ""punch-specific rotation; magnitude variable"", ""balance"": ""support margin reduced if exaggerated"", ""free_hand"": ""both"", ""foot"": ""neutral"", ""bearing"": ""facing opponent""}, ""belief"": {""A"": ""unknown"", ""B"": ""unknown""}, ""target"": ""head / combination variable"", ""phase_window"": ""B 가드 회수 완료; 훅 측면 닫음""}",머리·보디 맞교환을 제한,충격·다른 표적 열림·고정 방어 읽힘,"[""N05_S7""]",팔·글러브로 예상 공격 통로를 닫음,B 가드 회수 완료; 훅 측면 닫음,"[""S01"", ""S02""]",biomechanical inference
N05_S7,B: Exit angle · 각도 탈출,EXIT,POSITION,B,N05,"{""distance"": ""mid"", ""stance"": ""OO"", ""foot_position"": ""neutral"", ""angle"": ""head off punching line; body angle not automatic"", ""ring_position"": ""center"", ""space"": {""A"": ""center"", ""B"": ""center"", ""retreat_available"": ""both""}, ""A"": {""head"": ""outside incoming punch"", ""weight"": ""variant dependent: support/load must be checked"", ""guard"": ""attacking arm displaced; other hand protection conditional"", ""phase"": ""recovery"", ""arm"": ""lead/variant extended"", ""rotation"": ""punch-specific rotation; magnitude variable"", ""balance"": ""stable"", ""free_hand"": ""both"", ""foot"": ""neutral"", ""bearing"": ""facing opponent""}, ""B"": {""head"": ""rearward"", ""weight"": ""rear-leg loaded tendency"", ""guard"": ""target-specific block"", ""phase"": ""impact/cover"", ""arm"": ""home"", ""rotation"": ""punch-specific rotation; magnitude variable"", ""balance"": ""support margin reduced if exaggerated"", ""free_hand"": ""both"", ""foot"": ""neutral"", ""bearing"": ""facing opponent""}, ""belief"": {""A"": ""unknown"", ""B"": ""unknown""}, ""target"": ""head / combination variable"", ""phase_window"": ""B 가드 회수 완료; 훅 측면 닫음""}","{""distance"": ""mid"", ""stance"": ""OO"", ""foot_position"": ""angle candidate"", ""angle"": ""off-line candidate; opponent may reorient"", ""ring_position"": ""center"", ""space"": {""A"": ""center"", ""B"": ""center"", ""retreat_available"": ""both""}, ""A"": {""head"": ""outside incoming punch"", ""weight"": ""variant dependent: support/load must be checked"", ""guard"": ""attacking arm displaced; other hand protection conditional"", ""phase"": ""recovery"", ""arm"": ""lead/variant extended"", ""rotation"": ""punch-specific rotation; magnitude variable"", ""balance"": ""stable"", ""free_hand"": ""both"", ""foot"": ""neutral"", ""bearing"": ""facing opponent""}, ""B"": {""head"": ""rearward"", ""weight"": ""rear-leg loaded tendency"", ""guard"": ""target-specific block"", ""phase"": ""footwork"", ""arm"": ""home"", ""rotation"": ""punch-specific rotation; magnitude variable"", ""balance"": ""stable only after placement; transient step risk"", ""free_hand"": ""both"", ""foot"": ""neutral"", ""bearing"": ""reoriented toward opponent; conditional completion""}, ""belief"": {""A"": ""unknown"", ""B"": ""unknown""}, ""target"": ""head / combination variable"", ""phase_window"": ""옆 출구 확보""}",콤비네이션 직선 추격에서 벗어남,상대 훅·링 커팅·뒤돌기 금지,"[""N05_S8""]",방어·짧은 타격 뒤 옆 이동과 재지향,옆 출구 확보,"[""S06""]",biomechanical inference
N05_S8,A: Reset · 재정렬,RESET,POSITION,A,N05,"{""distance"": ""mid"", ""stance"": ""OO"", ""foot_position"": ""angle candidate"", ""angle"": ""off-line candidate; opponent may reorient"", ""ring_position"": ""center"", ""space"": {""A"": ""center"", ""B"": ""center"", ""retreat_available"": ""both""}, ""A"": {""head"": ""outside incoming punch"", ""weight"": ""variant dependent: support/load must be checked"", ""guard"": ""attacking arm displaced; other hand protection conditional"", ""phase"": ""recovery"", ""arm"": ""lead/variant extended"", ""rotation"": ""punch-specific rotation; magnitude variable"", ""balance"": ""stable"", ""free_hand"": ""both"", ""foot"": ""neutral"", ""bearing"": ""facing opponent""}, ""B"": {""head"": ""rearward"", ""weight"": ""rear-leg loaded tendency"", ""guard"": ""target-specific block"", ""phase"": ""footwork"", ""arm"": ""home"", ""rotation"": ""punch-specific rotation; magnitude variable"", ""balance"": ""stable only after placement; transient step risk"", ""free_hand"": ""both"", ""foot"": ""neutral"", ""bearing"": ""reoriented toward opponent; conditional completion""}, ""belief"": {""A"": ""unknown"", ""B"": ""unknown""}, ""target"": ""head / combination variable"", ""phase_window"": ""옆 출구 확보""}","{""distance"": ""long"", ""stance"": ""OO"", ""foot_position"": ""neutral"", ""angle"": ""centerline aligned"", ""ring_position"": ""center"", ""space"": {""A"": ""center"", ""B"": ""center"", ""retreat_available"": ""both""}, ""A"": {""head"": ""center line / guarded"", ""weight"": ""neutral / ready"", ""guard"": ""normal"", ""phase"": ""neutral"", ""arm"": ""home"", ""rotation"": ""none"", ""balance"": ""stable"", ""free_hand"": ""both"", ""foot"": ""neutral"", ""bearing"": ""facing opponent""}, ""B"": {""head"": ""center line / guarded"", ""weight"": ""neutral / ready"", ""guard"": ""normal"", ""phase"": ""neutral"", ""arm"": ""home"", ""rotation"": ""none"", ""balance"": ""stable"", ""free_hand"": ""both"", ""foot"": ""neutral"", ""bearing"": ""facing opponent""}, ""belief"": {""A"": ""unknown"", ""B"": ""unknown""}, ""target"": ""none"", ""phase_window"": ""추격 대신 다시 잽 거리""}",새 교환 준비,시간 비용; 상대가 계속 치면 완료 불가,"[""N05_S0""]",손·발·시선·상대 bearing을 다시 맞춤,추격 대신 다시 잽 거리,"[""S06""]",biomechanical inference
N05_S9,A: Lead jab · 잽,JAB,OFFENSE,A,N05,"{""distance"": ""long"", ""stance"": ""OO"", ""foot_position"": ""neutral"", ""angle"": ""centerline aligned"", ""ring_position"": ""center"", ""space"": {""A"": ""center"", ""B"": ""center"", ""retreat_available"": ""both""}, ""A"": {""head"": ""center line"", ""weight"": ""neutral / variant dependent"", ""guard"": ""normal"", ""phase"": ""neutral"", ""arm"": ""home"", ""rotation"": ""none"", ""balance"": ""stable"", ""free_hand"": ""both"", ""foot"": ""neutral"", ""bearing"": ""facing opponent""}, ""B"": {""head"": ""center line"", ""weight"": ""neutral / variant dependent"", ""guard"": ""normal"", ""phase"": ""neutral"", ""arm"": ""home"", ""rotation"": ""none"", ""balance"": ""stable"", ""free_hand"": ""both"", ""foot"": ""neutral"", ""bearing"": ""facing opponent""}, ""belief"": {""A"": ""unknown"", ""B"": ""unknown""}, ""target"": ""none"", ""phase_window"": ""neutral""}","{""distance"": ""long"", ""stance"": ""OO"", ""foot_position"": ""neutral"", ""angle"": ""centerline aligned"", ""ring_position"": ""center"", ""space"": {""A"": ""center"", ""B"": ""center"", ""retreat_available"": ""both""}, ""A"": {""head"": ""center line"", ""weight"": ""neutral / variant dependent"", ""guard"": ""attacking arm displaced; other hand protection conditional"", ""phase"": ""extension"", ""arm"": ""lead/variant extended"", ""rotation"": ""none"", ""balance"": ""stable"", ""free_hand"": ""both"", ""foot"": ""neutral"", ""bearing"": ""facing opponent""}, ""B"": {""head"": ""center line"", ""weight"": ""neutral / variant dependent"", ""guard"": ""normal"", ""phase"": ""neutral"", ""arm"": ""home"", ""rotation"": ""none"", ""balance"": ""stable"", ""free_hand"": ""both"", ""foot"": ""neutral"", ""bearing"": ""facing opponent""}, ""belief"": {""A"": ""unknown"", ""B"": ""unknown""}, ""target"": ""head / combination variable"", ""phase_window"": ""B 풀 습관이 관찰된 끝거리""}",사거리·반응을 확인하고 시야를 가림,앞손 복귀 동안 같은 쪽 가드가 비며 단조로운 타이밍을 읽힐 수 있음,"[""N05_S10""]",앞손을 짧게 직선으로 보내고 복귀,B 풀 습관이 관찰된 끝거리,"[""S01"", ""S02""]",biomechanical inference
N05_S10,B: Pull · 작은 풀,PULL,DEFENSE,B,N05,"{""distance"": ""long"", ""stance"": ""OO"", ""foot_position"": ""neutral"", ""angle"": ""centerline aligned"", ""ring_position"": ""center"", ""space"": {""A"": ""center"", ""B"": ""center"", ""retreat_available"": ""both""}, ""A"": {""head"": ""center line"", ""weight"": ""neutral / variant dependent"", ""guard"": ""attacking arm displaced; other hand protection conditional"", ""phase"": ""extension"", ""arm"": ""lead/variant extended"", ""rotation"": ""none"", ""balance"": ""stable"", ""free_hand"": ""both"", ""foot"": ""neutral"", ""bearing"": ""facing opponent""}, ""B"": {""head"": ""center line"", ""weight"": ""neutral / variant dependent"", ""guard"": ""normal"", ""phase"": ""neutral"", ""arm"": ""home"", ""rotation"": ""none"", ""balance"": ""stable"", ""free_hand"": ""both"", ""foot"": ""neutral"", ""bearing"": ""facing opponent""}, ""belief"": {""A"": ""unknown"", ""B"": ""unknown""}, ""target"": ""head / combination variable"", ""phase_window"": ""B 풀 습관이 관찰된 끝거리""}","{""distance"": ""long"", ""stance"": ""OO"", ""foot_position"": ""neutral"", ""angle"": ""centerline aligned"", ""ring_position"": ""center"", ""space"": {""A"": ""center"", ""B"": ""center"", ""retreat_available"": ""both""}, ""A"": {""head"": ""center line"", ""weight"": ""neutral / variant dependent"", ""guard"": ""attacking arm displaced; other hand protection conditional"", ""phase"": ""recovery"", ""arm"": ""lead/variant extended"", ""rotation"": ""none"", ""balance"": ""stable"", ""free_hand"": ""both"", ""foot"": ""neutral"", ""bearing"": ""facing opponent""}, ""B"": {""head"": ""rearward"", ""weight"": ""rear-leg loaded tendency"", ""guard"": ""normal"", ""phase"": ""evasion"", ""arm"": ""home"", ""rotation"": ""none"", ""balance"": ""support margin reduced if exaggerated"", ""free_hand"": ""both"", ""foot"": ""neutral"", ""bearing"": ""facing opponent""}, ""belief"": {""A"": ""unknown"", ""B"": ""unknown""}, ""target"": ""head / combination variable"", ""phase_window"": ""B 머리 후방; 발은 그대로""}",짧게 빗나가게 하고 반격 거리 유지,몸통 사거리 유지·추격 두 번째 펀치,"[""N05_S11""]",발을 크게 옮기지 않고 머리만 후방 이동,B 머리 후방; 발은 그대로,"[""S01"", ""S02""]",biomechanical inference
N05_S11,A: Double jab · 더블 잽,DOUBLE,OFFENSE,A,N05,"{""distance"": ""long"", ""stance"": ""OO"", ""foot_position"": ""neutral"", ""angle"": ""centerline aligned"", ""ring_position"": ""center"", ""space"": {""A"": ""center"", ""B"": ""center"", ""retreat_available"": ""both""}, ""A"": {""head"": ""center line"", ""weight"": ""neutral / variant dependent"", ""guard"": ""attacking arm displaced; other hand protection conditional"", ""phase"": ""recovery"", ""arm"": ""lead/variant extended"", ""rotation"": ""none"", ""balance"": ""stable"", ""free_hand"": ""both"", ""foot"": ""neutral"", ""bearing"": ""facing opponent""}, ""B"": {""head"": ""rearward"", ""weight"": ""rear-leg loaded tendency"", ""guard"": ""normal"", ""phase"": ""evasion"", ""arm"": ""home"", ""rotation"": ""none"", ""balance"": ""support margin reduced if exaggerated"", ""free_hand"": ""both"", ""foot"": ""neutral"", ""bearing"": ""facing opponent""}, ""belief"": {""A"": ""unknown"", ""B"": ""unknown""}, ""target"": ""head / combination variable"", ""phase_window"": ""B 머리 후방; 발은 그대로""}","{""distance"": ""mid"", ""stance"": ""OO"", ""foot_position"": ""neutral"", ""angle"": ""centerline aligned"", ""ring_position"": ""center"", ""space"": {""A"": ""center"", ""B"": ""center"", ""retreat_available"": ""both""}, ""A"": {""head"": ""center line"", ""weight"": ""neutral / variant dependent"", ""guard"": ""attacking arm displaced; other hand protection conditional"", ""phase"": ""extension"", ""arm"": ""lead/variant extended"", ""rotation"": ""none"", ""balance"": ""stable"", ""free_hand"": ""both"", ""foot"": ""neutral"", ""bearing"": ""facing opponent""}, ""B"": {""head"": ""rearward"", ""weight"": ""rear-leg loaded tendency"", ""guard"": ""normal"", ""phase"": ""evasion"", ""arm"": ""home"", ""rotation"": ""none"", ""balance"": ""support margin reduced if exaggerated"", ""free_hand"": ""both"", ""foot"": ""neutral"", ""bearing"": ""facing opponent""}, ""belief"": {""A"": ""unknown"", ""B"": ""unknown""}, ""target"": ""head / combination variable"", ""phase_window"": ""A가 균형 있는 스텝으로 두 번째 잽 도달""}",한 번의 방어 후 재조준·진입 가능,"두 잽 사이 인터셉트, 연속 전진의 균형 손실","[""N05_S12""]",첫 잽을 복귀시켜 두 번째 잽의 표적·박자를 조절,A가 균형 있는 스텝으로 두 번째 잽 도달,"[""S01"", ""S06""]",biomechanical inference
N05_S12,B: Step-back · 후퇴 스텝,BACK,POSITION,B,N05,"{""distance"": ""mid"", ""stance"": ""OO"", ""foot_position"": ""neutral"", ""angle"": ""centerline aligned"", ""ring_position"": ""center"", ""space"": {""A"": ""center"", ""B"": ""center"", ""retreat_available"": ""both""}, ""A"": {""head"": ""center line"", ""weight"": ""neutral / variant dependent"", ""guard"": ""attacking arm displaced; other hand protection conditional"", ""phase"": ""extension"", ""arm"": ""lead/variant extended"", ""rotation"": ""none"", ""balance"": ""stable"", ""free_hand"": ""both"", ""foot"": ""neutral"", ""bearing"": ""facing opponent""}, ""B"": {""head"": ""rearward"", ""weight"": ""rear-leg loaded tendency"", ""guard"": ""normal"", ""phase"": ""evasion"", ""arm"": ""home"", ""rotation"": ""none"", ""balance"": ""support margin reduced if exaggerated"", ""free_hand"": ""both"", ""foot"": ""neutral"", ""bearing"": ""facing opponent""}, ""belief"": {""A"": ""unknown"", ""B"": ""unknown""}, ""target"": ""head / combination variable"", ""phase_window"": ""A가 균형 있는 스텝으로 두 번째 잽 도달""}","{""distance"": ""long"", ""stance"": ""OO"", ""foot_position"": ""neutral"", ""angle"": ""centerline aligned"", ""ring_position"": ""center"", ""space"": {""A"": ""center"", ""B"": ""center"", ""retreat_available"": ""both""}, ""A"": {""head"": ""center line"", ""weight"": ""neutral / variant dependent"", ""guard"": ""attacking arm displaced; other hand protection conditional"", ""phase"": ""recovery"", ""arm"": ""lead/variant extended"", ""rotation"": ""none"", ""balance"": ""stable"", ""free_hand"": ""both"", ""foot"": ""neutral"", ""bearing"": ""facing opponent""}, ""B"": {""head"": ""rearward"", ""weight"": ""rear-leg loaded tendency"", ""guard"": ""normal"", ""phase"": ""footwork"", ""arm"": ""home"", ""rotation"": ""none"", ""balance"": ""stable only after placement; transient step risk"", ""free_hand"": ""both"", ""foot"": ""neutral"", ""bearing"": ""facing opponent""}, ""belief"": {""A"": ""unknown"", ""B"": ""unknown""}, ""target"": ""head / combination variable"", ""phase_window"": ""상체만 더 젖히지 않고 발 후퇴""}",상대 펀치 사거리 밖으로,추격·로프·전진 반격에 새 스텝 필요,"[""N05_S13""]",두 발의 간격을 보존하며 뒤로 이동,상체만 더 젖히지 않고 발 후퇴,"[""S01"", ""S06""]",biomechanical inference
N05_S13,A: Body jab · 보디 잽,BJAB,OFFENSE,A,N05,"{""distance"": ""long"", ""stance"": ""OO"", ""foot_position"": ""neutral"", ""angle"": ""centerline aligned"", ""ring_position"": ""center"", ""space"": {""A"": ""center"", ""B"": ""center"", ""retreat_available"": ""both""}, ""A"": {""head"": ""center line"", ""weight"": ""neutral / variant dependent"", ""guard"": ""attacking arm displaced; other hand protection conditional"", ""phase"": ""recovery"", ""arm"": ""lead/variant extended"", ""rotation"": ""none"", ""balance"": ""stable"", ""free_hand"": ""both"", ""foot"": ""neutral"", ""bearing"": ""facing opponent""}, ""B"": {""head"": ""rearward"", ""weight"": ""rear-leg loaded tendency"", ""guard"": ""normal"", ""phase"": ""footwork"", ""arm"": ""home"", ""rotation"": ""none"", ""balance"": ""stable only after placement; transient step risk"", ""free_hand"": ""both"", ""foot"": ""neutral"", ""bearing"": ""facing opponent""}, ""belief"": {""A"": ""unknown"", ""B"": ""unknown""}, ""target"": ""head / combination variable"", ""phase_window"": ""상체만 더 젖히지 않고 발 후퇴""}","{""distance"": ""long"", ""stance"": ""OO"", ""foot_position"": ""neutral"", ""angle"": ""centerline aligned"", ""ring_position"": ""center"", ""space"": {""A"": ""center"", ""B"": ""center"", ""retreat_available"": ""both""}, ""A"": {""head"": ""low; lateral offset conditional"", ""weight"": ""neutral / variant dependent"", ""guard"": ""attacking arm displaced; other hand protection conditional"", ""phase"": ""extension"", ""arm"": ""lead/variant extended"", ""rotation"": ""none"", ""balance"": ""stable"", ""free_hand"": ""both"", ""foot"": ""neutral"", ""bearing"": ""facing opponent""}, ""B"": {""head"": ""rearward"", ""weight"": ""rear-leg loaded tendency"", ""guard"": ""normal"", ""phase"": ""footwork"", ""arm"": ""home"", ""rotation"": ""none"", ""balance"": ""stable only after placement; transient step risk"", ""free_hand"": ""both"", ""foot"": ""neutral"", ""bearing"": ""facing opponent""}, ""belief"": {""A"": ""unknown"", ""B"": ""unknown""}, ""target"": ""body"", ""phase_window"": ""B 머리보다 가까운 몸통 표적 도달""}",머리 가드 아래 공격·높이 선택 강요,머리가 전방 low에 머물면 위쪽 카운터에 접근,"[""N05_S14""]",무릎으로 높이를 낮추고 앞손으로 합법 보디 표적,B 머리보다 가까운 몸통 표적 도달,"[""S01"", ""S10""]",biomechanical inference
N05_S14,B: Catch · 캐치,CATCH,DEFENSE,B,N05,"{""distance"": ""long"", ""stance"": ""OO"", ""foot_position"": ""neutral"", ""angle"": ""centerline aligned"", ""ring_position"": ""center"", ""space"": {""A"": ""center"", ""B"": ""center"", ""retreat_available"": ""both""}, ""A"": {""head"": ""low; lateral offset conditional"", ""weight"": ""neutral / variant dependent"", ""guard"": ""attacking arm displaced; other hand protection conditional"", ""phase"": ""extension"", ""arm"": ""lead/variant extended"", ""rotation"": ""none"", ""balance"": ""stable"", ""free_hand"": ""both"", ""foot"": ""neutral"", ""bearing"": ""facing opponent""}, ""B"": {""head"": ""rearward"", ""weight"": ""rear-leg loaded tendency"", ""guard"": ""normal"", ""phase"": ""footwork"", ""arm"": ""home"", ""rotation"": ""none"", ""balance"": ""stable only after placement; transient step risk"", ""free_hand"": ""both"", ""foot"": ""neutral"", ""bearing"": ""facing opponent""}, ""belief"": {""A"": ""unknown"", ""B"": ""unknown""}, ""target"": ""body"", ""phase_window"": ""B 머리보다 가까운 몸통 표적 도달""}","{""distance"": ""long"", ""stance"": ""OO"", ""foot_position"": ""neutral"", ""angle"": ""centerline aligned"", ""ring_position"": ""center"", ""space"": {""A"": ""center"", ""B"": ""center"", ""retreat_available"": ""both""}, ""A"": {""head"": ""low; lateral offset conditional"", ""weight"": ""neutral / variant dependent"", ""guard"": ""attacking arm displaced; other hand protection conditional"", ""phase"": ""recovery"", ""arm"": ""lead/variant extended"", ""rotation"": ""none"", ""balance"": ""stable"", ""free_hand"": ""both"", ""foot"": ""neutral"", ""bearing"": ""facing opponent""}, ""B"": {""head"": ""rearward"", ""weight"": ""rear-leg loaded tendency"", ""guard"": ""small catch; rest covered if recovered"", ""phase"": ""impact/cover"", ""arm"": ""home"", ""rotation"": ""none"", ""balance"": ""stable only after placement; transient step risk"", ""free_hand"": ""both"", ""foot"": ""neutral"", ""bearing"": ""facing opponent""}, ""belief"": {""A"": ""unknown"", ""B"": ""unknown""}, ""target"": ""body"", ""phase_window"": ""보디 궤도에 맞춘 작은 방어; 머리 가드 유지""}",사거리 유지·반대 손 준비,큰 도달·글러브가 얼굴로 밀림·페인트 반응,"[""N05_S15""]",작은 글러브 면으로 직선을 받음,보디 궤도에 맞춘 작은 방어; 머리 가드 유지,"[""S02"", ""S11""]",biomechanical inference
N05_S15,B: Counter jab · 카운터 잽,CJ,COUNTER,B,N05,"{""distance"": ""long"", ""stance"": ""OO"", ""foot_position"": ""neutral"", ""angle"": ""centerline aligned"", ""ring_position"": ""center"", ""space"": {""A"": ""center"", ""B"": ""center"", ""retreat_available"": ""both""}, ""A"": {""head"": ""low; lateral offset conditional"", ""weight"": ""neutral / variant dependent"", ""guard"": ""attacking arm displaced; other hand protection conditional"", ""phase"": ""recovery"", ""arm"": ""lead/variant extended"", ""rotation"": ""none"", ""balance"": ""stable"", ""free_hand"": ""both"", ""foot"": ""neutral"", ""bearing"": ""facing opponent""}, ""B"": {""head"": ""rearward"", ""weight"": ""rear-leg loaded tendency"", ""guard"": ""small catch; rest covered if recovered"", ""phase"": ""impact/cover"", ""arm"": ""home"", ""rotation"": ""none"", ""balance"": ""stable only after placement; transient step risk"", ""free_hand"": ""both"", ""foot"": ""neutral"", ""bearing"": ""facing opponent""}, ""belief"": {""A"": ""unknown"", ""B"": ""unknown""}, ""target"": ""body"", ""phase_window"": ""보디 궤도에 맞춘 작은 방어; 머리 가드 유지""}","{""distance"": ""long"", ""stance"": ""OO"", ""foot_position"": ""neutral"", ""angle"": ""centerline aligned"", ""ring_position"": ""center"", ""space"": {""A"": ""center"", ""B"": ""center"", ""retreat_available"": ""both""}, ""A"": {""head"": ""low; lateral offset conditional"", ""weight"": ""neutral / variant dependent"", ""guard"": ""attacking arm displaced; other hand protection conditional"", ""phase"": ""recovery"", ""arm"": ""lead/variant extended"", ""rotation"": ""none"", ""balance"": ""stable"", ""free_hand"": ""both"", ""foot"": ""neutral"", ""bearing"": ""facing opponent""}, ""B"": {""head"": ""rearward"", ""weight"": ""rear-leg loaded tendency"", ""guard"": ""attacking arm displaced; other hand protection conditional"", ""phase"": ""extension"", ""arm"": ""lead/variant extended"", ""rotation"": ""none"", ""balance"": ""stable only after placement; transient step risk"", ""free_hand"": ""both"", ""foot"": ""neutral"", ""bearing"": ""facing opponent""}, ""belief"": {""A"": ""unknown"", ""B"": ""unknown""}, ""target"": ""head / combination variable"", ""phase_window"": ""A 낮은 머리 복귀가 느리고 앞손 사거리""}",작은 반격으로 주도권·거리 회복,상대의 두 번째 공격에 다시 읽힘,"[""N05_S16""]",방어 뒤 또는 상대 준비에 짧은 앞손 직선,A 낮은 머리 복귀가 느리고 앞손 사거리,"[""S11"", ""S16""]",biomechanical inference
N05_S16,A: Exit angle · 각도 탈출,EXIT,POSITION,A,N05,"{""distance"": ""long"", ""stance"": ""OO"", ""foot_position"": ""neutral"", ""angle"": ""centerline aligned"", ""ring_position"": ""center"", ""space"": {""A"": ""center"", ""B"": ""center"", ""retreat_available"": ""both""}, ""A"": {""head"": ""low; lateral offset conditional"", ""weight"": ""neutral / variant dependent"", ""guard"": ""attacking arm displaced; other hand protection conditional"", ""phase"": ""recovery"", ""arm"": ""lead/variant extended"", ""rotation"": ""none"", ""balance"": ""stable"", ""free_hand"": ""both"", ""foot"": ""neutral"", ""bearing"": ""facing opponent""}, ""B"": {""head"": ""rearward"", ""weight"": ""rear-leg loaded tendency"", ""guard"": ""attacking arm displaced; other hand protection conditional"", ""phase"": ""extension"", ""arm"": ""lead/variant extended"", ""rotation"": ""none"", ""balance"": ""stable only after placement; transient step risk"", ""free_hand"": ""both"", ""foot"": ""neutral"", ""bearing"": ""facing opponent""}, ""belief"": {""A"": ""unknown"", ""B"": ""unknown""}, ""target"": ""head / combination variable"", ""phase_window"": ""A 낮은 머리 복귀가 느리고 앞손 사거리""}","{""distance"": ""long"", ""stance"": ""OO"", ""foot_position"": ""angle candidate"", ""angle"": ""off-line candidate; opponent may reorient"", ""ring_position"": ""center"", ""space"": {""A"": ""center"", ""B"": ""center"", ""retreat_available"": ""both""}, ""A"": {""head"": ""low; lateral offset conditional"", ""weight"": ""neutral / variant dependent"", ""guard"": ""attacking arm displaced; other hand protection conditional"", ""phase"": ""footwork"", ""arm"": ""home"", ""rotation"": ""none"", ""balance"": ""stable only after placement; transient step risk"", ""free_hand"": ""both"", ""foot"": ""neutral"", ""bearing"": ""reoriented toward opponent; conditional completion""}, ""B"": {""head"": ""rearward"", ""weight"": ""rear-leg loaded tendency"", ""guard"": ""attacking arm displaced; other hand protection conditional"", ""phase"": ""recovery"", ""arm"": ""lead/variant extended"", ""rotation"": ""none"", ""balance"": ""stable only after placement; transient step risk"", ""free_hand"": ""both"", ""foot"": ""neutral"", ""bearing"": ""facing opponent""}, ""belief"": {""A"": ""unknown"", ""B"": ""unknown""}, ""target"": ""head / combination variable"", ""phase_window"": ""가드를 올리며 옆 이동""}",콤비네이션 직선 추격에서 벗어남,상대 훅·링 커팅·뒤돌기 금지,"[""N05_S0""]",방어·짧은 타격 뒤 옆 이동과 재지향,가드를 올리며 옆 이동,"[""S06""]",biomechanical inference
N06_S0,시작 상태,,STATE,,N06,"{""distance"": ""pocket"", ""stance"": ""OO"", ""foot_position"": ""neutral"", ""angle"": ""centerline aligned"", ""ring_position"": ""center"", ""space"": {""A"": ""center"", ""B"": ""center"", ""retreat_available"": ""both""}, ""A"": {""head"": ""center line"", ""weight"": ""neutral / variant dependent"", ""guard"": ""normal"", ""phase"": ""neutral"", ""arm"": ""home"", ""rotation"": ""none"", ""balance"": ""stable"", ""free_hand"": ""both"", ""foot"": ""neutral"", ""bearing"": ""facing opponent""}, ""B"": {""head"": ""center line"", ""weight"": ""neutral / variant dependent"", ""guard"": ""normal"", ""phase"": ""neutral"", ""arm"": ""home"", ""rotation"": ""none"", ""balance"": ""stable"", ""free_hand"": ""both"", ""foot"": ""neutral"", ""bearing"": ""facing opponent""}, ""belief"": {""A"": ""unknown"", ""B"": ""unknown""}, ""target"": ""none"", ""phase_window"": ""neutral""}","{""distance"": ""pocket"", ""stance"": ""OO"", ""foot_position"": ""neutral"", ""angle"": ""centerline aligned"", ""ring_position"": ""center"", ""space"": {""A"": ""center"", ""B"": ""center"", ""retreat_available"": ""both""}, ""A"": {""head"": ""center line"", ""weight"": ""neutral / variant dependent"", ""guard"": ""normal"", ""phase"": ""neutral"", ""arm"": ""home"", ""rotation"": ""none"", ""balance"": ""stable"", ""free_hand"": ""both"", ""foot"": ""neutral"", ""bearing"": ""facing opponent""}, ""B"": {""head"": ""center line"", ""weight"": ""neutral / variant dependent"", ""guard"": ""normal"", ""phase"": ""neutral"", ""arm"": ""home"", ""rotation"": ""none"", ""balance"": ""stable"", ""free_hand"": ""both"", ""foot"": ""neutral"", ""bearing"": ""facing opponent""}, ""belief"": {""A"": ""unknown"", ""B"": ""unknown""}, ""target"": ""none"", ""phase_window"": ""neutral""}",교환의 전제 확인,중립도 선제 위협에 노출,"[""N06_S1"", ""N08_S0"", ""N20_S0""]",,,,
N06_S1,A: Lead hook · 앞손 훅,LH,OFFENSE,A,N06,"{""distance"": ""pocket"", ""stance"": ""OO"", ""foot_position"": ""neutral"", ""angle"": ""centerline aligned"", ""ring_position"": ""center"", ""space"": {""A"": ""center"", ""B"": ""center"", ""retreat_available"": ""both""}, ""A"": {""head"": ""center line"", ""weight"": ""neutral / variant dependent"", ""guard"": ""normal"", ""phase"": ""neutral"", ""arm"": ""home"", ""rotation"": ""none"", ""balance"": ""stable"", ""free_hand"": ""both"", ""foot"": ""neutral"", ""bearing"": ""facing opponent""}, ""B"": {""head"": ""center line"", ""weight"": ""neutral / variant dependent"", ""guard"": ""normal"", ""phase"": ""neutral"", ""arm"": ""home"", ""rotation"": ""none"", ""balance"": ""stable"", ""free_hand"": ""both"", ""foot"": ""neutral"", ""bearing"": ""facing opponent""}, ""belief"": {""A"": ""unknown"", ""B"": ""unknown""}, ""target"": ""none"", ""phase_window"": ""neutral""}","{""distance"": ""pocket"", ""stance"": ""OO"", ""foot_position"": ""neutral"", ""angle"": ""centerline aligned"", ""ring_position"": ""center"", ""space"": {""A"": ""center"", ""B"": ""center"", ""retreat_available"": ""both""}, ""A"": {""head"": ""center line"", ""weight"": ""neutral / variant dependent"", ""guard"": ""attacking arm displaced; other hand protection conditional"", ""phase"": ""extension"", ""arm"": ""lead/variant extended"", ""rotation"": ""punch-specific rotation; magnitude variable"", ""balance"": ""stable"", ""free_hand"": ""both"", ""foot"": ""neutral"", ""bearing"": ""facing opponent""}, ""B"": {""head"": ""center line"", ""weight"": ""neutral / variant dependent"", ""guard"": ""normal"", ""phase"": ""neutral"", ""arm"": ""home"", ""rotation"": ""none"", ""balance"": ""stable"", ""free_hand"": ""both"", ""foot"": ""neutral"", ""bearing"": ""facing opponent""}, ""belief"": {""A"": ""unknown"", ""B"": ""unknown""}, ""target"": ""head / combination variable"", ""phase_window"": ""B 머리 측면으로 짧은 앞손 훅""}",직선 밖 이동한 표적·측면 가드 공략,넓게 돌면 직선 인터셉트와 반대 훅에 노출,"[""N06_S2""]",앞손 곡선으로 옆 표적을 향하고 짧게 회수,B 머리 측면으로 짧은 앞손 훅,"[""S03""]",biomechanical inference
N06_S2,B: Weave / roll · 위빙·롤,ROLL,DEFENSE,B,N06,"{""distance"": ""pocket"", ""stance"": ""OO"", ""foot_position"": ""neutral"", ""angle"": ""centerline aligned"", ""ring_position"": ""center"", ""space"": {""A"": ""center"", ""B"": ""center"", ""retreat_available"": ""both""}, ""A"": {""head"": ""center line"", ""weight"": ""neutral / variant dependent"", ""guard"": ""attacking arm displaced; other hand protection conditional"", ""phase"": ""extension"", ""arm"": ""lead/variant extended"", ""rotation"": ""punch-specific rotation; magnitude variable"", ""balance"": ""stable"", ""free_hand"": ""both"", ""foot"": ""neutral"", ""bearing"": ""facing opponent""}, ""B"": {""head"": ""center line"", ""weight"": ""neutral / variant dependent"", ""guard"": ""normal"", ""phase"": ""neutral"", ""arm"": ""home"", ""rotation"": ""none"", ""balance"": ""stable"", ""free_hand"": ""both"", ""foot"": ""neutral"", ""bearing"": ""facing opponent""}, ""belief"": {""A"": ""unknown"", ""B"": ""unknown""}, ""target"": ""head / combination variable"", ""phase_window"": ""B 머리 측면으로 짧은 앞손 훅""}","{""distance"": ""pocket"", ""stance"": ""OO"", ""foot_position"": ""neutral"", ""angle"": ""centerline aligned"", ""ring_position"": ""center"", ""space"": {""A"": ""center"", ""B"": ""center"", ""retreat_available"": ""both""}, ""A"": {""head"": ""center line"", ""weight"": ""neutral / variant dependent"", ""guard"": ""attacking arm displaced; other hand protection conditional"", ""phase"": ""recovery"", ""arm"": ""lead/variant extended"", ""rotation"": ""punch-specific rotation; magnitude variable"", ""balance"": ""stable"", ""free_hand"": ""both"", ""foot"": ""neutral"", ""bearing"": ""facing opponent""}, ""B"": {""head"": ""low → lateral path"", ""weight"": ""exit leg dependent"", ""guard"": ""normal"", ""phase"": ""evasion"", ""arm"": ""home"", ""rotation"": ""roll exit-dependent"", ""balance"": ""stable"", ""free_hand"": ""both"", ""foot"": ""neutral"", ""bearing"": ""facing opponent""}, ""belief"": {""A"": ""unknown"", ""B"": ""unknown""}, ""target"": ""head / combination variable"", ""phase_window"": ""높은 훅 아래 곡선으로 이동""}",높은 훅 아래를 지나 측면으로 나옴,반복 경로·허리 굽힘·다음 낮은 공격,"[""N06_S3"", ""N06_S9""]",무릎·몸통으로 U형 또는 곡선 머리 이동,높은 훅 아래 곡선으로 이동,"[""S01"", ""S08"", ""S09""]",biomechanical inference
N06_S3,A: Rear uppercut · 뒷손 어퍼컷,RU,OFFENSE,A,N06,"{""distance"": ""pocket"", ""stance"": ""OO"", ""foot_position"": ""neutral"", ""angle"": ""centerline aligned"", ""ring_position"": ""center"", ""space"": {""A"": ""center"", ""B"": ""center"", ""retreat_available"": ""both""}, ""A"": {""head"": ""center line"", ""weight"": ""neutral / variant dependent"", ""guard"": ""attacking arm displaced; other hand protection conditional"", ""phase"": ""recovery"", ""arm"": ""lead/variant extended"", ""rotation"": ""punch-specific rotation; magnitude variable"", ""balance"": ""stable"", ""free_hand"": ""both"", ""foot"": ""neutral"", ""bearing"": ""facing opponent""}, ""B"": {""head"": ""low → lateral path"", ""weight"": ""exit leg dependent"", ""guard"": ""normal"", ""phase"": ""evasion"", ""arm"": ""home"", ""rotation"": ""roll exit-dependent"", ""balance"": ""stable"", ""free_hand"": ""both"", ""foot"": ""neutral"", ""bearing"": ""facing opponent""}, ""belief"": {""A"": ""unknown"", ""B"": ""unknown""}, ""target"": ""head / combination variable"", ""phase_window"": ""높은 훅 아래 곡선으로 이동""}","{""distance"": ""pocket"", ""stance"": ""OO"", ""foot_position"": ""neutral"", ""angle"": ""centerline aligned"", ""ring_position"": ""center"", ""space"": {""A"": ""center"", ""B"": ""center"", ""retreat_available"": ""both""}, ""A"": {""head"": ""center line"", ""weight"": ""neutral / variant dependent"", ""guard"": ""attacking arm displaced; other hand protection conditional"", ""phase"": ""extension"", ""arm"": ""rear extended"", ""rotation"": ""punch-specific rotation; magnitude variable"", ""balance"": ""stable"", ""free_hand"": ""both"", ""foot"": ""neutral"", ""bearing"": ""facing opponent""}, ""B"": {""head"": ""low → lateral path"", ""weight"": ""exit leg dependent"", ""guard"": ""normal"", ""phase"": ""evasion"", ""arm"": ""home"", ""rotation"": ""roll exit-dependent"", ""balance"": ""stable"", ""free_hand"": ""both"", ""foot"": ""neutral"", ""bearing"": ""facing opponent""}, ""belief"": {""A"": ""unknown"", ""B"": ""unknown""}, ""target"": ""head / combination variable"", ""phase_window"": ""B가 롤 중 낮은 중앙을 통과하며 상승 궤도와 겹칠 때만""}",팔 사이 중앙 표적·낮은 진입 공략,준비 때 손을 내리면 훅·직선에 노출,"[""N06_S4""]",뒷손을 상승 곡선으로 보냄,B가 롤 중 낮은 중앙을 통과하며 상승 궤도와 겹칠 때만,"[""S03""]",biomechanical inference
N06_S4,B: Slip + pivot · 슬립+피벗,SPIVOT,DEFENSE,B,N06,"{""distance"": ""pocket"", ""stance"": ""OO"", ""foot_position"": ""neutral"", ""angle"": ""centerline aligned"", ""ring_position"": ""center"", ""space"": {""A"": ""center"", ""B"": ""center"", ""retreat_available"": ""both""}, ""A"": {""head"": ""center line"", ""weight"": ""neutral / variant dependent"", ""guard"": ""attacking arm displaced; other hand protection conditional"", ""phase"": ""extension"", ""arm"": ""rear extended"", ""rotation"": ""punch-specific rotation; magnitude variable"", ""balance"": ""stable"", ""free_hand"": ""both"", ""foot"": ""neutral"", ""bearing"": ""facing opponent""}, ""B"": {""head"": ""low → lateral path"", ""weight"": ""exit leg dependent"", ""guard"": ""normal"", ""phase"": ""evasion"", ""arm"": ""home"", ""rotation"": ""roll exit-dependent"", ""balance"": ""stable"", ""free_hand"": ""both"", ""foot"": ""neutral"", ""bearing"": ""facing opponent""}, ""belief"": {""A"": ""unknown"", ""B"": ""unknown""}, ""target"": ""head / combination variable"", ""phase_window"": ""B가 롤 중 낮은 중앙을 통과하며 상승 궤도와 겹칠 때만""}","{""distance"": ""pocket"", ""stance"": ""OO"", ""foot_position"": ""angle candidate"", ""angle"": ""off-line candidate; opponent may reorient"", ""ring_position"": ""center"", ""space"": {""A"": ""center"", ""B"": ""center"", ""retreat_available"": ""both""}, ""A"": {""head"": ""center line"", ""weight"": ""neutral / variant dependent"", ""guard"": ""attacking arm displaced; other hand protection conditional"", ""phase"": ""recovery"", ""arm"": ""rear extended"", ""rotation"": ""punch-specific rotation; magnitude variable"", ""balance"": ""stable"", ""free_hand"": ""both"", ""foot"": ""neutral"", ""bearing"": ""facing opponent""}, ""B"": {""head"": ""outside incoming punch"", ""weight"": ""variant dependent: support/load must be checked"", ""guard"": ""normal"", ""phase"": ""footwork + action"", ""arm"": ""home"", ""rotation"": ""roll exit-dependent"", ""balance"": ""stable only after placement; transient step risk"", ""free_hand"": ""both"", ""foot"": ""neutral"", ""bearing"": ""reoriented toward opponent; conditional completion""}, ""belief"": {""A"": ""unknown"", ""B"": ""unknown""}, ""target"": ""head / combination variable"", ""phase_window"": ""머리를 상승선 바깥으로 빼고 발각도도 변경""}",복귀 공격선 밖에 남는 선택,축발·출구가 막히면 회전 미완,"[""N06_S5""]",머리 회피와 재지향 회전 결합,머리를 상승선 바깥으로 빼고 발각도도 변경,"[""S06"", ""S07""]",biomechanical inference
N06_S5,B: Counter hook · 카운터 훅,CH,COUNTER,B,N06,"{""distance"": ""pocket"", ""stance"": ""OO"", ""foot_position"": ""angle candidate"", ""angle"": ""off-line candidate; opponent may reorient"", ""ring_position"": ""center"", ""space"": {""A"": ""center"", ""B"": ""center"", ""retreat_available"": ""both""}, ""A"": {""head"": ""center line"", ""weight"": ""neutral / variant dependent"", ""guard"": ""attacking arm displaced; other hand protection conditional"", ""phase"": ""recovery"", ""arm"": ""rear extended"", ""rotation"": ""punch-specific rotation; magnitude variable"", ""balance"": ""stable"", ""free_hand"": ""both"", ""foot"": ""neutral"", ""bearing"": ""facing opponent""}, ""B"": {""head"": ""outside incoming punch"", ""weight"": ""variant dependent: support/load must be checked"", ""guard"": ""normal"", ""phase"": ""footwork + action"", ""arm"": ""home"", ""rotation"": ""roll exit-dependent"", ""balance"": ""stable only after placement; transient step risk"", ""free_hand"": ""both"", ""foot"": ""neutral"", ""bearing"": ""reoriented toward opponent; conditional completion""}, ""belief"": {""A"": ""unknown"", ""B"": ""unknown""}, ""target"": ""head / combination variable"", ""phase_window"": ""머리를 상승선 바깥으로 빼고 발각도도 변경""}","{""distance"": ""pocket"", ""stance"": ""OO"", ""foot_position"": ""angle candidate"", ""angle"": ""off-line candidate; opponent may reorient"", ""ring_position"": ""center"", ""space"": {""A"": ""center"", ""B"": ""center"", ""retreat_available"": ""both""}, ""A"": {""head"": ""center line"", ""weight"": ""neutral / variant dependent"", ""guard"": ""attacking arm displaced; other hand protection conditional"", ""phase"": ""recovery"", ""arm"": ""rear extended"", ""rotation"": ""punch-specific rotation; magnitude variable"", ""balance"": ""stable"", ""free_hand"": ""both"", ""foot"": ""neutral"", ""bearing"": ""facing opponent""}, ""B"": {""head"": ""outside incoming punch"", ""weight"": ""variant dependent: support/load must be checked"", ""guard"": ""attacking arm displaced; other hand protection conditional"", ""phase"": ""extension"", ""arm"": ""lead/variant extended"", ""rotation"": ""punch-specific rotation; magnitude variable"", ""balance"": ""stable only after placement; transient step risk"", ""free_hand"": ""both"", ""foot"": ""neutral"", ""bearing"": ""reoriented toward opponent; conditional completion""}, ""belief"": {""A"": ""unknown"", ""B"": ""unknown""}, ""target"": ""head / combination variable"", ""phase_window"": ""A 어퍼컷 팔 회수·측면 노출 사거리""}",직선 복귀·측면 노출 활용,"짧은 사거리, 반대 손 카운터","[""N06_S6""]",방어로 생긴 측면 표적을 짧게 공격,A 어퍼컷 팔 회수·측면 노출 사거리,"[""S03"", ""S16""]",biomechanical inference
N06_S6,A: Block · 블록,BLOCK,DEFENSE,A,N06,"{""distance"": ""pocket"", ""stance"": ""OO"", ""foot_position"": ""angle candidate"", ""angle"": ""off-line candidate; opponent may reorient"", ""ring_position"": ""center"", ""space"": {""A"": ""center"", ""B"": ""center"", ""retreat_available"": ""both""}, ""A"": {""head"": ""center line"", ""weight"": ""neutral / variant dependent"", ""guard"": ""attacking arm displaced; other hand protection conditional"", ""phase"": ""recovery"", ""arm"": ""rear extended"", ""rotation"": ""punch-specific rotation; magnitude variable"", ""balance"": ""stable"", ""free_hand"": ""both"", ""foot"": ""neutral"", ""bearing"": ""facing opponent""}, ""B"": {""head"": ""outside incoming punch"", ""weight"": ""variant dependent: support/load must be checked"", ""guard"": ""attacking arm displaced; other hand protection conditional"", ""phase"": ""extension"", ""arm"": ""lead/variant extended"", ""rotation"": ""punch-specific rotation; magnitude variable"", ""balance"": ""stable only after placement; transient step risk"", ""free_hand"": ""both"", ""foot"": ""neutral"", ""bearing"": ""reoriented toward opponent; conditional completion""}, ""belief"": {""A"": ""unknown"", ""B"": ""unknown""}, ""target"": ""head / combination variable"", ""phase_window"": ""A 어퍼컷 팔 회수·측면 노출 사거리""}","{""distance"": ""pocket"", ""stance"": ""OO"", ""foot_position"": ""angle candidate"", ""angle"": ""off-line candidate; opponent may reorient"", ""ring_position"": ""center"", ""space"": {""A"": ""center"", ""B"": ""center"", ""retreat_available"": ""both""}, ""A"": {""head"": ""center line"", ""weight"": ""neutral / variant dependent"", ""guard"": ""target-specific block"", ""phase"": ""impact/cover"", ""arm"": ""home"", ""rotation"": ""punch-specific rotation; magnitude variable"", ""balance"": ""stable"", ""free_hand"": ""both"", ""foot"": ""neutral"", ""bearing"": ""facing opponent""}, ""B"": {""head"": ""outside incoming punch"", ""weight"": ""variant dependent: support/load must be checked"", ""guard"": ""attacking arm displaced; other hand protection conditional"", ""phase"": ""recovery"", ""arm"": ""lead/variant extended"", ""rotation"": ""punch-specific rotation; magnitude variable"", ""balance"": ""stable only after placement; transient step risk"", ""free_hand"": ""both"", ""foot"": ""neutral"", ""bearing"": ""reoriented toward opponent; conditional completion""}, ""belief"": {""A"": ""unknown"", ""B"": ""unknown""}, ""target"": ""head / combination variable"", ""phase_window"": ""반격 훅 면을 닫음""}",머리·보디 맞교환을 제한,충격·다른 표적 열림·고정 방어 읽힘,"[""N06_S7""]",팔·글러브로 예상 공격 통로를 닫음,반격 훅 면을 닫음,"[""S01"", ""S02""]",biomechanical inference
N06_S7,A: Exit angle · 각도 탈출,EXIT,POSITION,A,N06,"{""distance"": ""pocket"", ""stance"": ""OO"", ""foot_position"": ""angle candidate"", ""angle"": ""off-line candidate; opponent may reorient"", ""ring_position"": ""center"", ""space"": {""A"": ""center"", ""B"": ""center"", ""retreat_available"": ""both""}, ""A"": {""head"": ""center line"", ""weight"": ""neutral / variant dependent"", ""guard"": ""target-specific block"", ""phase"": ""impact/cover"", ""arm"": ""home"", ""rotation"": ""punch-specific rotation; magnitude variable"", ""balance"": ""stable"", ""free_hand"": ""both"", ""foot"": ""neutral"", ""bearing"": ""facing opponent""}, ""B"": {""head"": ""outside incoming punch"", ""weight"": ""variant dependent: support/load must be checked"", ""guard"": ""attacking arm displaced; other hand protection conditional"", ""phase"": ""recovery"", ""arm"": ""lead/variant extended"", ""rotation"": ""punch-specific rotation; magnitude variable"", ""balance"": ""stable only after placement; transient step risk"", ""free_hand"": ""both"", ""foot"": ""neutral"", ""bearing"": ""reoriented toward opponent; conditional completion""}, ""belief"": {""A"": ""unknown"", ""B"": ""unknown""}, ""target"": ""head / combination variable"", ""phase_window"": ""반격 훅 면을 닫음""}","{""distance"": ""pocket"", ""stance"": ""OO"", ""foot_position"": ""angle candidate"", ""angle"": ""off-line candidate; opponent may reorient"", ""ring_position"": ""center"", ""space"": {""A"": ""center"", ""B"": ""center"", ""retreat_available"": ""both""}, ""A"": {""head"": ""center line"", ""weight"": ""neutral / variant dependent"", ""guard"": ""target-specific block"", ""phase"": ""footwork"", ""arm"": ""home"", ""rotation"": ""punch-specific rotation; magnitude variable"", ""balance"": ""stable only after placement; transient step risk"", ""free_hand"": ""both"", ""foot"": ""neutral"", ""bearing"": ""reoriented toward opponent; conditional completion""}, ""B"": {""head"": ""outside incoming punch"", ""weight"": ""variant dependent: support/load must be checked"", ""guard"": ""attacking arm displaced; other hand protection conditional"", ""phase"": ""recovery"", ""arm"": ""lead/variant extended"", ""rotation"": ""punch-specific rotation; magnitude variable"", ""balance"": ""stable only after placement; transient step risk"", ""free_hand"": ""both"", ""foot"": ""neutral"", ""bearing"": ""reoriented toward opponent; conditional completion""}, ""belief"": {""A"": ""unknown"", ""B"": ""unknown""}, ""target"": ""head / combination variable"", ""phase_window"": ""옆 출구에서 가드 복구""}",콤비네이션 직선 추격에서 벗어남,상대 훅·링 커팅·뒤돌기 금지,"[""N06_S8""]",방어·짧은 타격 뒤 옆 이동과 재지향,옆 출구에서 가드 복구,"[""S06""]",biomechanical inference
N06_S8,B: Reset · 재정렬,RESET,POSITION,B,N06,"{""distance"": ""pocket"", ""stance"": ""OO"", ""foot_position"": ""angle candidate"", ""angle"": ""off-line candidate; opponent may reorient"", ""ring_position"": ""center"", ""space"": {""A"": ""center"", ""B"": ""center"", ""retreat_available"": ""both""}, ""A"": {""head"": ""center line"", ""weight"": ""neutral / variant dependent"", ""guard"": ""target-specific block"", ""phase"": ""footwork"", ""arm"": ""home"", ""rotation"": ""punch-specific rotation; magnitude variable"", ""balance"": ""stable only after placement; transient step risk"", ""free_hand"": ""both"", ""foot"": ""neutral"", ""bearing"": ""reoriented toward opponent; conditional completion""}, ""B"": {""head"": ""outside incoming punch"", ""weight"": ""variant dependent: support/load must be checked"", ""guard"": ""attacking arm displaced; other hand protection conditional"", ""phase"": ""recovery"", ""arm"": ""lead/variant extended"", ""rotation"": ""punch-specific rotation; magnitude variable"", ""balance"": ""stable only after placement; transient step risk"", ""free_hand"": ""both"", ""foot"": ""neutral"", ""bearing"": ""reoriented toward opponent; conditional completion""}, ""belief"": {""A"": ""unknown"", ""B"": ""unknown""}, ""target"": ""head / combination variable"", ""phase_window"": ""옆 출구에서 가드 복구""}","{""distance"": ""pocket"", ""stance"": ""OO"", ""foot_position"": ""neutral"", ""angle"": ""centerline aligned"", ""ring_position"": ""center"", ""space"": {""A"": ""center"", ""B"": ""center"", ""retreat_available"": ""both""}, ""A"": {""head"": ""center line / guarded"", ""weight"": ""neutral / ready"", ""guard"": ""normal"", ""phase"": ""neutral"", ""arm"": ""home"", ""rotation"": ""none"", ""balance"": ""stable"", ""free_hand"": ""both"", ""foot"": ""neutral"", ""bearing"": ""facing opponent""}, ""B"": {""head"": ""center line / guarded"", ""weight"": ""neutral / ready"", ""guard"": ""normal"", ""phase"": ""neutral"", ""arm"": ""home"", ""rotation"": ""none"", ""balance"": ""stable"", ""free_hand"": ""both"", ""foot"": ""neutral"", ""bearing"": ""facing opponent""}, ""belief"": {""A"": ""unknown"", ""B"": ""unknown""}, ""target"": ""none"", ""phase_window"": ""새 bearing에 재정렬""}",새 교환 준비,시간 비용; 상대가 계속 치면 완료 불가,"[""N06_S0""]",손·발·시선·상대 bearing을 다시 맞춤,새 bearing에 재정렬,"[""S06""]",biomechanical inference
N06_S9,B: Counter body shot · 보디 카운터,CB,COUNTER,B,N06,"{""distance"": ""pocket"", ""stance"": ""OO"", ""foot_position"": ""neutral"", ""angle"": ""centerline aligned"", ""ring_position"": ""center"", ""space"": {""A"": ""center"", ""B"": ""center"", ""retreat_available"": ""both""}, ""A"": {""head"": ""center line"", ""weight"": ""neutral / variant dependent"", ""guard"": ""attacking arm displaced; other hand protection conditional"", ""phase"": ""recovery"", ""arm"": ""lead/variant extended"", ""rotation"": ""punch-specific rotation; magnitude variable"", ""balance"": ""stable"", ""free_hand"": ""both"", ""foot"": ""neutral"", ""bearing"": ""facing opponent""}, ""B"": {""head"": ""low → lateral path"", ""weight"": ""exit leg dependent"", ""guard"": ""normal"", ""phase"": ""evasion"", ""arm"": ""home"", ""rotation"": ""roll exit-dependent"", ""balance"": ""stable"", ""free_hand"": ""both"", ""foot"": ""neutral"", ""bearing"": ""facing opponent""}, ""belief"": {""A"": ""unknown"", ""B"": ""unknown""}, ""target"": ""head / combination variable"", ""phase_window"": ""높은 훅 아래 곡선으로 이동""}","{""distance"": ""pocket"", ""stance"": ""OO"", ""foot_position"": ""neutral"", ""angle"": ""centerline aligned"", ""ring_position"": ""center"", ""space"": {""A"": ""center"", ""B"": ""center"", ""retreat_available"": ""both""}, ""A"": {""head"": ""center line"", ""weight"": ""neutral / variant dependent"", ""guard"": ""attacking arm displaced; other hand protection conditional"", ""phase"": ""recovery"", ""arm"": ""lead/variant extended"", ""rotation"": ""punch-specific rotation; magnitude variable"", ""balance"": ""stable"", ""free_hand"": ""both"", ""foot"": ""neutral"", ""bearing"": ""facing opponent""}, ""B"": {""head"": ""low; lateral offset conditional"", ""weight"": ""exit leg dependent"", ""guard"": ""attacking arm displaced; other hand protection conditional"", ""phase"": ""extension"", ""arm"": ""lead/variant extended"", ""rotation"": ""roll exit-dependent"", ""balance"": ""stable"", ""free_hand"": ""both"", ""foot"": ""neutral"", ""bearing"": ""facing opponent""}, ""belief"": {""A"": ""unknown"", ""B"": ""unknown""}, ""target"": ""body"", ""phase_window"": ""A 훅 회수 전에 롤 출구에서 합법 보디 도달""}",들린 팔·높은 가드 아래 이용,머리를 맞교환 라인에 두면 위험,"[""N06_S10""]",상대 위쪽 공격 뒤 합법 몸통 표적,A 훅 회수 전에 롤 출구에서 합법 보디 도달,"[""S16"", ""S10""]",biomechanical inference
N06_S10,A: Elbow body block · 팔꿈치 블록,ELBOW,DEFENSE,A,N06,"{""distance"": ""pocket"", ""stance"": ""OO"", ""foot_position"": ""neutral"", ""angle"": ""centerline aligned"", ""ring_position"": ""center"", ""space"": {""A"": ""center"", ""B"": ""center"", ""retreat_available"": ""both""}, ""A"": {""head"": ""center line"", ""weight"": ""neutral / variant dependent"", ""guard"": ""attacking arm displaced; other hand protection conditional"", ""phase"": ""recovery"", ""arm"": ""lead/variant extended"", ""rotation"": ""punch-specific rotation; magnitude variable"", ""balance"": ""stable"", ""free_hand"": ""both"", ""foot"": ""neutral"", ""bearing"": ""facing opponent""}, ""B"": {""head"": ""low; lateral offset conditional"", ""weight"": ""exit leg dependent"", ""guard"": ""attacking arm displaced; other hand protection conditional"", ""phase"": ""extension"", ""arm"": ""lead/variant extended"", ""rotation"": ""roll exit-dependent"", ""balance"": ""stable"", ""free_hand"": ""both"", ""foot"": ""neutral"", ""bearing"": ""facing opponent""}, ""belief"": {""A"": ""unknown"", ""B"": ""unknown""}, ""target"": ""body"", ""phase_window"": ""A 훅 회수 전에 롤 출구에서 합법 보디 도달""}","{""distance"": ""pocket"", ""stance"": ""OO"", ""foot_position"": ""neutral"", ""angle"": ""centerline aligned"", ""ring_position"": ""center"", ""space"": {""A"": ""center"", ""B"": ""center"", ""retreat_available"": ""both""}, ""A"": {""head"": ""center line"", ""weight"": ""neutral / variant dependent"", ""guard"": ""elbow tucked; head glove conditional"", ""phase"": ""impact/cover"", ""arm"": ""home"", ""rotation"": ""punch-specific rotation; magnitude variable"", ""balance"": ""stable"", ""free_hand"": ""both"", ""foot"": ""neutral"", ""bearing"": ""facing opponent""}, ""B"": {""head"": ""low; lateral offset conditional"", ""weight"": ""exit leg dependent"", ""guard"": ""attacking arm displaced; other hand protection conditional"", ""phase"": ""recovery"", ""arm"": ""lead/variant extended"", ""rotation"": ""roll exit-dependent"", ""balance"": ""stable"", ""free_hand"": ""both"", ""foot"": ""neutral"", ""bearing"": ""facing opponent""}, ""belief"": {""A"": ""unknown"", ""B"": ""unknown""}, ""target"": ""body"", ""phase_window"": ""가드 손을 유지하며 팔꿈치·회전""}",보디 훅·사선 공격을 팔로 받음,같은 쪽 머리 가드가 실제로 내려가면 head opening,"[""N06_S11""]",팔꿈치를 좁히거나 몸통 회전으로 보디 통로 차단,가드 손을 유지하며 팔꿈치·회전,"[""S01"", ""S16""]",biomechanical inference
N06_S11,A: Rear hook · 뒷손 훅,RH,OFFENSE,A,N06,"{""distance"": ""pocket"", ""stance"": ""OO"", ""foot_position"": ""neutral"", ""angle"": ""centerline aligned"", ""ring_position"": ""center"", ""space"": {""A"": ""center"", ""B"": ""center"", ""retreat_available"": ""both""}, ""A"": {""head"": ""center line"", ""weight"": ""neutral / variant dependent"", ""guard"": ""elbow tucked; head glove conditional"", ""phase"": ""impact/cover"", ""arm"": ""home"", ""rotation"": ""punch-specific rotation; magnitude variable"", ""balance"": ""stable"", ""free_hand"": ""both"", ""foot"": ""neutral"", ""bearing"": ""facing opponent""}, ""B"": {""head"": ""low; lateral offset conditional"", ""weight"": ""exit leg dependent"", ""guard"": ""attacking arm displaced; other hand protection conditional"", ""phase"": ""recovery"", ""arm"": ""lead/variant extended"", ""rotation"": ""roll exit-dependent"", ""balance"": ""stable"", ""free_hand"": ""both"", ""foot"": ""neutral"", ""bearing"": ""facing opponent""}, ""belief"": {""A"": ""unknown"", ""B"": ""unknown""}, ""target"": ""body"", ""phase_window"": ""가드 손을 유지하며 팔꿈치·회전""}","{""distance"": ""pocket"", ""stance"": ""OO"", ""foot_position"": ""neutral"", ""angle"": ""centerline aligned"", ""ring_position"": ""center"", ""space"": {""A"": ""center"", ""B"": ""center"", ""retreat_available"": ""both""}, ""A"": {""head"": ""center line"", ""weight"": ""neutral / variant dependent"", ""guard"": ""attacking arm displaced; other hand protection conditional"", ""phase"": ""extension"", ""arm"": ""rear extended"", ""rotation"": ""punch-specific rotation; magnitude variable"", ""balance"": ""stable"", ""free_hand"": ""both"", ""foot"": ""neutral"", ""bearing"": ""facing opponent""}, ""B"": {""head"": ""low; lateral offset conditional"", ""weight"": ""exit leg dependent"", ""guard"": ""attacking arm displaced; other hand protection conditional"", ""phase"": ""recovery"", ""arm"": ""lead/variant extended"", ""rotation"": ""roll exit-dependent"", ""balance"": ""stable"", ""free_hand"": ""both"", ""foot"": ""neutral"", ""bearing"": ""facing opponent""}, ""belief"": {""A"": ""unknown"", ""B"": ""unknown""}, ""target"": ""head / combination variable"", ""phase_window"": ""B 앞손 보디 공격으로 같은 쪽 머리가 실제 비는 경우""}",앞손 방어 뒤 측면 공격,큰 궤적과 뒷손 가드 공백,"[""N06_S12""]",뒷손을 짧은 곡선으로 회전,B 앞손 보디 공격으로 같은 쪽 머리가 실제 비는 경우,"[""S03""]",biomechanical inference
N06_S12,B: High guard · 하이 가드,HG,DEFENSE,B,N06,"{""distance"": ""pocket"", ""stance"": ""OO"", ""foot_position"": ""neutral"", ""angle"": ""centerline aligned"", ""ring_position"": ""center"", ""space"": {""A"": ""center"", ""B"": ""center"", ""retreat_available"": ""both""}, ""A"": {""head"": ""center line"", ""weight"": ""neutral / variant dependent"", ""guard"": ""attacking arm displaced; other hand protection conditional"", ""phase"": ""extension"", ""arm"": ""rear extended"", ""rotation"": ""punch-specific rotation; magnitude variable"", ""balance"": ""stable"", ""free_hand"": ""both"", ""foot"": ""neutral"", ""bearing"": ""facing opponent""}, ""B"": {""head"": ""low; lateral offset conditional"", ""weight"": ""exit leg dependent"", ""guard"": ""attacking arm displaced; other hand protection conditional"", ""phase"": ""recovery"", ""arm"": ""lead/variant extended"", ""rotation"": ""roll exit-dependent"", ""balance"": ""stable"", ""free_hand"": ""both"", ""foot"": ""neutral"", ""bearing"": ""facing opponent""}, ""belief"": {""A"": ""unknown"", ""B"": ""unknown""}, ""target"": ""head / combination variable"", ""phase_window"": ""B 앞손 보디 공격으로 같은 쪽 머리가 실제 비는 경우""}","{""distance"": ""pocket"", ""stance"": ""OO"", ""foot_position"": ""neutral"", ""angle"": ""centerline aligned"", ""ring_position"": ""center"", ""space"": {""A"": ""center"", ""B"": ""center"", ""retreat_available"": ""both""}, ""A"": {""head"": ""center line"", ""weight"": ""neutral / variant dependent"", ""guard"": ""attacking arm displaced; other hand protection conditional"", ""phase"": ""recovery"", ""arm"": ""rear extended"", ""rotation"": ""punch-specific rotation; magnitude variable"", ""balance"": ""stable"", ""free_hand"": ""both"", ""foot"": ""neutral"", ""bearing"": ""facing opponent""}, ""B"": {""head"": ""low; lateral offset conditional"", ""weight"": ""exit leg dependent"", ""guard"": ""high guard; body cover elbow-dependent"", ""phase"": ""impact/cover"", ""arm"": ""home"", ""rotation"": ""roll exit-dependent"", ""balance"": ""stable"", ""free_hand"": ""both"", ""foot"": ""neutral"", ""bearing"": ""facing opponent""}, ""belief"": {""A"": ""unknown"", ""B"": ""unknown""}, ""target"": ""head / combination variable"", ""phase_window"": ""측면 가드 복구가 가능한 타이밍""}",측면·직선 타격 면적을 일부 가림,시야·보디·기동성 제한; 충격 전달 가능,"[""N06_S13""]",글러브·팔을 머리 주변에 압축,측면 가드 복구가 가능한 타이밍,"[""S01"", ""S02""]",biomechanical inference
N06_S13,B: Smother · 펀치 공간 압축,SMOTHER,DEFENSE,B,N06,"{""distance"": ""pocket"", ""stance"": ""OO"", ""foot_position"": ""neutral"", ""angle"": ""centerline aligned"", ""ring_position"": ""center"", ""space"": {""A"": ""center"", ""B"": ""center"", ""retreat_available"": ""both""}, ""A"": {""head"": ""center line"", ""weight"": ""neutral / variant dependent"", ""guard"": ""attacking arm displaced; other hand protection conditional"", ""phase"": ""recovery"", ""arm"": ""rear extended"", ""rotation"": ""punch-specific rotation; magnitude variable"", ""balance"": ""stable"", ""free_hand"": ""both"", ""foot"": ""neutral"", ""bearing"": ""facing opponent""}, ""B"": {""head"": ""low; lateral offset conditional"", ""weight"": ""exit leg dependent"", ""guard"": ""high guard; body cover elbow-dependent"", ""phase"": ""impact/cover"", ""arm"": ""home"", ""rotation"": ""roll exit-dependent"", ""balance"": ""stable"", ""free_hand"": ""both"", ""foot"": ""neutral"", ""bearing"": ""facing opponent""}, ""belief"": {""A"": ""unknown"", ""B"": ""unknown""}, ""target"": ""head / combination variable"", ""phase_window"": ""측면 가드 복구가 가능한 타이밍""}","{""distance"": ""clinch"", ""stance"": ""OO"", ""foot_position"": ""neutral"", ""angle"": ""centerline aligned"", ""ring_position"": ""center"", ""space"": {""A"": ""center"", ""B"": ""center"", ""retreat_available"": ""both""}, ""A"": {""head"": ""center line"", ""weight"": ""neutral / variant dependent"", ""guard"": ""attacking arm displaced; other hand protection conditional"", ""phase"": ""recovery"", ""arm"": ""rear extended"", ""rotation"": ""punch-specific rotation; magnitude variable"", ""balance"": ""stable"", ""free_hand"": ""both"", ""foot"": ""neutral"", ""bearing"": ""facing opponent""}, ""B"": {""head"": ""low; lateral offset conditional"", ""weight"": ""exit leg dependent"", ""guard"": ""high guard; body cover elbow-dependent"", ""phase"": ""contact"", ""arm"": ""contact / restriction dependent"", ""rotation"": ""roll exit-dependent"", ""balance"": ""stable"", ""free_hand"": ""both"", ""foot"": ""neutral"", ""bearing"": ""facing opponent""}, ""belief"": {""A"": ""unknown"", ""B"": ""unknown""}, ""target"": ""short legal targets only; no holding-and-hitting"", ""phase_window"": ""다음 넓은 훅 startup 전에 밀착""}",긴 궤적의 완전 신전 방해,짧은 훅·어퍼컷·머리 충돌·위치 상실,"[""N06_S14""]",몸과 발로 너무 가까운 거리까지 압축,다음 넓은 훅 startup 전에 밀착,"[""S06"", ""S17""]",biomechanical inference
N06_S14,A: Referee break · 심판 분리,BREAK,POSITION,A,N06,"{""distance"": ""clinch"", ""stance"": ""OO"", ""foot_position"": ""neutral"", ""angle"": ""centerline aligned"", ""ring_position"": ""center"", ""space"": {""A"": ""center"", ""B"": ""center"", ""retreat_available"": ""both""}, ""A"": {""head"": ""center line"", ""weight"": ""neutral / variant dependent"", ""guard"": ""attacking arm displaced; other hand protection conditional"", ""phase"": ""recovery"", ""arm"": ""rear extended"", ""rotation"": ""punch-specific rotation; magnitude variable"", ""balance"": ""stable"", ""free_hand"": ""both"", ""foot"": ""neutral"", ""bearing"": ""facing opponent""}, ""B"": {""head"": ""low; lateral offset conditional"", ""weight"": ""exit leg dependent"", ""guard"": ""high guard; body cover elbow-dependent"", ""phase"": ""contact"", ""arm"": ""contact / restriction dependent"", ""rotation"": ""roll exit-dependent"", ""balance"": ""stable"", ""free_hand"": ""both"", ""foot"": ""neutral"", ""bearing"": ""facing opponent""}, ""belief"": {""A"": ""unknown"", ""B"": ""unknown""}, ""target"": ""short legal targets only; no holding-and-hitting"", ""phase_window"": ""다음 넓은 훅 startup 전에 밀착""}","{""distance"": ""long"", ""stance"": ""OO"", ""foot_position"": ""neutral"", ""angle"": ""centerline aligned"", ""ring_position"": ""center"", ""space"": {""A"": ""center"", ""B"": ""center"", ""retreat_available"": ""both""}, ""A"": {""head"": ""center line / guarded"", ""weight"": ""neutral / ready"", ""guard"": ""normal"", ""phase"": ""neutral"", ""arm"": ""home"", ""rotation"": ""none"", ""balance"": ""stable"", ""free_hand"": ""both"", ""foot"": ""neutral"", ""bearing"": ""facing opponent""}, ""B"": {""head"": ""center line / guarded"", ""weight"": ""neutral / ready"", ""guard"": ""normal"", ""phase"": ""neutral"", ""arm"": ""home"", ""rotation"": ""none"", ""balance"": ""stable"", ""free_hand"": ""both"", ""foot"": ""neutral"", ""bearing"": ""facing opponent""}, ""belief"": {""A"": ""unknown"", ""B"": ""unknown""}, ""target"": ""none"", ""phase_window"": ""심판 분리와 재개""}",밀착 국면에서 합법 새 거리,주도권·공간이 바뀜; break 중 공격 금지,"[""N06_S0""]",지시에 따라 분리·재개까지 타격 보류,심판 분리와 재개,"[""S17""]",biomechanical inference
N07_S0,시작 상태,,STATE,,N07,"{""distance"": ""mid"", ""stance"": ""OO"", ""foot_position"": ""neutral"", ""angle"": ""centerline aligned"", ""ring_position"": ""center"", ""space"": {""A"": ""center"", ""B"": ""center"", ""retreat_available"": ""both""}, ""A"": {""head"": ""center line"", ""weight"": ""neutral / variant dependent"", ""guard"": ""normal"", ""phase"": ""neutral"", ""arm"": ""home"", ""rotation"": ""none"", ""balance"": ""stable"", ""free_hand"": ""both"", ""foot"": ""neutral"", ""bearing"": ""facing opponent""}, ""B"": {""head"": ""center line"", ""weight"": ""neutral / variant dependent"", ""guard"": ""normal"", ""phase"": ""neutral"", ""arm"": ""home"", ""rotation"": ""none"", ""balance"": ""stable"", ""free_hand"": ""both"", ""foot"": ""neutral"", ""bearing"": ""facing opponent""}, ""belief"": {""A"": ""unknown"", ""B"": ""unknown""}, ""target"": ""none"", ""phase_window"": ""neutral""}","{""distance"": ""mid"", ""stance"": ""OO"", ""foot_position"": ""neutral"", ""angle"": ""centerline aligned"", ""ring_position"": ""center"", ""space"": {""A"": ""center"", ""B"": ""center"", ""retreat_available"": ""both""}, ""A"": {""head"": ""center line"", ""weight"": ""neutral / variant dependent"", ""guard"": ""normal"", ""phase"": ""neutral"", ""arm"": ""home"", ""rotation"": ""none"", ""balance"": ""stable"", ""free_hand"": ""both"", ""foot"": ""neutral"", ""bearing"": ""facing opponent""}, ""B"": {""head"": ""center line"", ""weight"": ""neutral / variant dependent"", ""guard"": ""normal"", ""phase"": ""neutral"", ""arm"": ""home"", ""rotation"": ""none"", ""balance"": ""stable"", ""free_hand"": ""both"", ""foot"": ""neutral"", ""bearing"": ""facing opponent""}, ""belief"": {""A"": ""unknown"", ""B"": ""unknown""}, ""target"": ""none"", ""phase_window"": ""neutral""}",교환의 전제 확인,중립도 선제 위협에 노출,"[""N07_S1"", ""N04_S0"", ""N05_S0"", ""N19_S0"", ""N22_S0"", ""N25_S0""]",,,,
N07_S1,A: Rear hook · 뒷손 훅,RH,OFFENSE,A,N07,"{""distance"": ""mid"", ""stance"": ""OO"", ""foot_position"": ""neutral"", ""angle"": ""centerline aligned"", ""ring_position"": ""center"", ""space"": {""A"": ""center"", ""B"": ""center"", ""retreat_available"": ""both""}, ""A"": {""head"": ""center line"", ""weight"": ""neutral / variant dependent"", ""guard"": ""normal"", ""phase"": ""neutral"", ""arm"": ""home"", ""rotation"": ""none"", ""balance"": ""stable"", ""free_hand"": ""both"", ""foot"": ""neutral"", ""bearing"": ""facing opponent""}, ""B"": {""head"": ""center line"", ""weight"": ""neutral / variant dependent"", ""guard"": ""normal"", ""phase"": ""neutral"", ""arm"": ""home"", ""rotation"": ""none"", ""balance"": ""stable"", ""free_hand"": ""both"", ""foot"": ""neutral"", ""bearing"": ""facing opponent""}, ""belief"": {""A"": ""unknown"", ""B"": ""unknown""}, ""target"": ""none"", ""phase_window"": ""neutral""}","{""distance"": ""mid"", ""stance"": ""OO"", ""foot_position"": ""neutral"", ""angle"": ""centerline aligned"", ""ring_position"": ""center"", ""space"": {""A"": ""center"", ""B"": ""center"", ""retreat_available"": ""both""}, ""A"": {""head"": ""center line"", ""weight"": ""neutral / variant dependent"", ""guard"": ""attacking arm displaced; other hand protection conditional"", ""phase"": ""extension"", ""arm"": ""rear extended"", ""rotation"": ""punch-specific rotation; magnitude variable"", ""balance"": ""stable"", ""free_hand"": ""both"", ""foot"": ""neutral"", ""bearing"": ""facing opponent""}, ""B"": {""head"": ""center line"", ""weight"": ""neutral / variant dependent"", ""guard"": ""normal"", ""phase"": ""neutral"", ""arm"": ""home"", ""rotation"": ""none"", ""balance"": ""stable"", ""free_hand"": ""both"", ""foot"": ""neutral"", ""bearing"": ""facing opponent""}, ""belief"": {""A"": ""unknown"", ""B"": ""unknown""}, ""target"": ""head / combination variable"", ""phase_window"": ""중거리 뒷손 훅이 큰 궤적으로 시작""}",앞손 방어 뒤 측면 공격,큰 궤적과 뒷손 가드 공백,"[""N07_S2""]",뒷손을 짧은 곡선으로 회전,중거리 뒷손 훅이 큰 궤적으로 시작,"[""S03""]",biomechanical inference
N07_S2,B: Intercepting straight · 인터셉팅 직선,INTERCEPT,COUNTER,B,N07,"{""distance"": ""mid"", ""stance"": ""OO"", ""foot_position"": ""neutral"", ""angle"": ""centerline aligned"", ""ring_position"": ""center"", ""space"": {""A"": ""center"", ""B"": ""center"", ""retreat_available"": ""both""}, ""A"": {""head"": ""center line"", ""weight"": ""neutral / variant dependent"", ""guard"": ""attacking arm displaced; other hand protection conditional"", ""phase"": ""extension"", ""arm"": ""rear extended"", ""rotation"": ""punch-specific rotation; magnitude variable"", ""balance"": ""stable"", ""free_hand"": ""both"", ""foot"": ""neutral"", ""bearing"": ""facing opponent""}, ""B"": {""head"": ""center line"", ""weight"": ""neutral / variant dependent"", ""guard"": ""normal"", ""phase"": ""neutral"", ""arm"": ""home"", ""rotation"": ""none"", ""balance"": ""stable"", ""free_hand"": ""both"", ""foot"": ""neutral"", ""bearing"": ""facing opponent""}, ""belief"": {""A"": ""unknown"", ""B"": ""unknown""}, ""target"": ""head / combination variable"", ""phase_window"": ""중거리 뒷손 훅이 큰 궤적으로 시작""}","{""distance"": ""mid"", ""stance"": ""OO"", ""foot_position"": ""neutral"", ""angle"": ""centerline aligned"", ""ring_position"": ""center"", ""space"": {""A"": ""center"", ""B"": ""center"", ""retreat_available"": ""both""}, ""A"": {""head"": ""center line"", ""weight"": ""neutral / variant dependent"", ""guard"": ""attacking arm displaced; other hand protection conditional"", ""phase"": ""recovery"", ""arm"": ""rear extended"", ""rotation"": ""punch-specific rotation; magnitude variable"", ""balance"": ""stable"", ""free_hand"": ""both"", ""foot"": ""neutral"", ""bearing"": ""facing opponent""}, ""B"": {""head"": ""center line"", ""weight"": ""neutral / variant dependent"", ""guard"": ""attacking arm displaced; other hand protection conditional"", ""phase"": ""extension"", ""arm"": ""lead/variant extended"", ""rotation"": ""none"", ""balance"": ""stable"", ""free_hand"": ""both"", ""foot"": ""neutral"", ""bearing"": ""facing opponent""}, ""belief"": {""A"": ""unknown"", ""B"": ""unknown""}, ""target"": ""head / combination variable"", ""phase_window"": ""B 짧은 직선이 훅보다 먼저 도달하는 타이밍""}",접근을 멈추거나 두 공격을 동시에 경쟁시킴,머리가 라인에 남으면 동시 피격,"[""N07_S3""]",상대 진입 또는 startup에 직선을 겹침,B 짧은 직선이 훅보다 먼저 도달하는 타이밍,"[""S01"", ""S06""]",biomechanical inference
N07_S3,A: Outside slip · 바깥 슬립,SOUT,DEFENSE,A,N07,"{""distance"": ""mid"", ""stance"": ""OO"", ""foot_position"": ""neutral"", ""angle"": ""centerline aligned"", ""ring_position"": ""center"", ""space"": {""A"": ""center"", ""B"": ""center"", ""retreat_available"": ""both""}, ""A"": {""head"": ""center line"", ""weight"": ""neutral / variant dependent"", ""guard"": ""attacking arm displaced; other hand protection conditional"", ""phase"": ""recovery"", ""arm"": ""rear extended"", ""rotation"": ""punch-specific rotation; magnitude variable"", ""balance"": ""stable"", ""free_hand"": ""both"", ""foot"": ""neutral"", ""bearing"": ""facing opponent""}, ""B"": {""head"": ""center line"", ""weight"": ""neutral / variant dependent"", ""guard"": ""attacking arm displaced; other hand protection conditional"", ""phase"": ""extension"", ""arm"": ""lead/variant extended"", ""rotation"": ""none"", ""balance"": ""stable"", ""free_hand"": ""both"", ""foot"": ""neutral"", ""bearing"": ""facing opponent""}, ""belief"": {""A"": ""unknown"", ""B"": ""unknown""}, ""target"": ""head / combination variable"", ""phase_window"": ""B 짧은 직선이 훅보다 먼저 도달하는 타이밍""}","{""distance"": ""mid"", ""stance"": ""OO"", ""foot_position"": ""neutral"", ""angle"": ""head off punching line; body angle not automatic"", ""ring_position"": ""center"", ""space"": {""A"": ""center"", ""B"": ""center"", ""retreat_available"": ""both""}, ""A"": {""head"": ""outside incoming punch"", ""weight"": ""variant dependent: support/load must be checked"", ""guard"": ""attacking arm displaced; other hand protection conditional"", ""phase"": ""evasion"", ""arm"": ""home"", ""rotation"": ""punch-specific rotation; magnitude variable"", ""balance"": ""stable"", ""free_hand"": ""both"", ""foot"": ""neutral"", ""bearing"": ""facing opponent""}, ""B"": {""head"": ""center line"", ""weight"": ""neutral / variant dependent"", ""guard"": ""attacking arm displaced; other hand protection conditional"", ""phase"": ""recovery"", ""arm"": ""lead/variant extended"", ""rotation"": ""none"", ""balance"": ""stable"", ""free_hand"": ""both"", ""foot"": ""neutral"", ""bearing"": ""facing opponent""}, ""belief"": {""A"": ""unknown"", ""B"": ""unknown""}, ""target"": ""head / combination variable"", ""phase_window"": ""직선 바깥으로 머리 이동하며 훅 중단""}",해당 직선 공격선을 벗어남,다음 펀치 재조준·훅·균형 손실,"[""N07_S4""]",들어오는 특정 펀치의 팔 바깥으로 머리 이동,직선 바깥으로 머리 이동하며 훅 중단,"[""S02"", ""S07""]",biomechanical inference
N07_S4,A: Lead hook · 앞손 훅,LH,OFFENSE,A,N07,"{""distance"": ""mid"", ""stance"": ""OO"", ""foot_position"": ""neutral"", ""angle"": ""head off punching line; body angle not automatic"", ""ring_position"": ""center"", ""space"": {""A"": ""center"", ""B"": ""center"", ""retreat_available"": ""both""}, ""A"": {""head"": ""outside incoming punch"", ""weight"": ""variant dependent: support/load must be checked"", ""guard"": ""attacking arm displaced; other hand protection conditional"", ""phase"": ""evasion"", ""arm"": ""home"", ""rotation"": ""punch-specific rotation; magnitude variable"", ""balance"": ""stable"", ""free_hand"": ""both"", ""foot"": ""neutral"", ""bearing"": ""facing opponent""}, ""B"": {""head"": ""center line"", ""weight"": ""neutral / variant dependent"", ""guard"": ""attacking arm displaced; other hand protection conditional"", ""phase"": ""recovery"", ""arm"": ""lead/variant extended"", ""rotation"": ""none"", ""balance"": ""stable"", ""free_hand"": ""both"", ""foot"": ""neutral"", ""bearing"": ""facing opponent""}, ""belief"": {""A"": ""unknown"", ""B"": ""unknown""}, ""target"": ""head / combination variable"", ""phase_window"": ""직선 바깥으로 머리 이동하며 훅 중단""}","{""distance"": ""mid"", ""stance"": ""OO"", ""foot_position"": ""neutral"", ""angle"": ""head off punching line; body angle not automatic"", ""ring_position"": ""center"", ""space"": {""A"": ""center"", ""B"": ""center"", ""retreat_available"": ""both""}, ""A"": {""head"": ""outside incoming punch"", ""weight"": ""variant dependent: support/load must be checked"", ""guard"": ""attacking arm displaced; other hand protection conditional"", ""phase"": ""extension"", ""arm"": ""lead/variant extended"", ""rotation"": ""punch-specific rotation; magnitude variable"", ""balance"": ""stable"", ""free_hand"": ""both"", ""foot"": ""neutral"", ""bearing"": ""facing opponent""}, ""B"": {""head"": ""center line"", ""weight"": ""neutral / variant dependent"", ""guard"": ""attacking arm displaced; other hand protection conditional"", ""phase"": ""recovery"", ""arm"": ""lead/variant extended"", ""rotation"": ""none"", ""balance"": ""stable"", ""free_hand"": ""both"", ""foot"": ""neutral"", ""bearing"": ""facing opponent""}, ""belief"": {""A"": ""unknown"", ""B"": ""unknown""}, ""target"": ""head / combination variable"", ""phase_window"": ""B 직선 회수 전에 반대 짧은 훅 도달""}",직선 밖 이동한 표적·측면 가드 공략,넓게 돌면 직선 인터셉트와 반대 훅에 노출,"[""N07_S5""]",앞손 곡선으로 옆 표적을 향하고 짧게 회수,B 직선 회수 전에 반대 짧은 훅 도달,"[""S03""]",biomechanical inference
N07_S5,B: Block · 블록,BLOCK,DEFENSE,B,N07,"{""distance"": ""mid"", ""stance"": ""OO"", ""foot_position"": ""neutral"", ""angle"": ""head off punching line; body angle not automatic"", ""ring_position"": ""center"", ""space"": {""A"": ""center"", ""B"": ""center"", ""retreat_available"": ""both""}, ""A"": {""head"": ""outside incoming punch"", ""weight"": ""variant dependent: support/load must be checked"", ""guard"": ""attacking arm displaced; other hand protection conditional"", ""phase"": ""extension"", ""arm"": ""lead/variant extended"", ""rotation"": ""punch-specific rotation; magnitude variable"", ""balance"": ""stable"", ""free_hand"": ""both"", ""foot"": ""neutral"", ""bearing"": ""facing opponent""}, ""B"": {""head"": ""center line"", ""weight"": ""neutral / variant dependent"", ""guard"": ""attacking arm displaced; other hand protection conditional"", ""phase"": ""recovery"", ""arm"": ""lead/variant extended"", ""rotation"": ""none"", ""balance"": ""stable"", ""free_hand"": ""both"", ""foot"": ""neutral"", ""bearing"": ""facing opponent""}, ""belief"": {""A"": ""unknown"", ""B"": ""unknown""}, ""target"": ""head / combination variable"", ""phase_window"": ""B 직선 회수 전에 반대 짧은 훅 도달""}","{""distance"": ""mid"", ""stance"": ""OO"", ""foot_position"": ""neutral"", ""angle"": ""head off punching line; body angle not automatic"", ""ring_position"": ""center"", ""space"": {""A"": ""center"", ""B"": ""center"", ""retreat_available"": ""both""}, ""A"": {""head"": ""outside incoming punch"", ""weight"": ""variant dependent: support/load must be checked"", ""guard"": ""attacking arm displaced; other hand protection conditional"", ""phase"": ""recovery"", ""arm"": ""lead/variant extended"", ""rotation"": ""punch-specific rotation; magnitude variable"", ""balance"": ""stable"", ""free_hand"": ""both"", ""foot"": ""neutral"", ""bearing"": ""facing opponent""}, ""B"": {""head"": ""center line"", ""weight"": ""neutral / variant dependent"", ""guard"": ""target-specific block"", ""phase"": ""impact/cover"", ""arm"": ""home"", ""rotation"": ""none"", ""balance"": ""stable"", ""free_hand"": ""both"", ""foot"": ""neutral"", ""bearing"": ""facing opponent""}, ""belief"": {""A"": ""unknown"", ""B"": ""unknown""}, ""target"": ""head / combination variable"", ""phase_window"": ""측면 가드를 회수""}",머리·보디 맞교환을 제한,충격·다른 표적 열림·고정 방어 읽힘,"[""N07_S6""]",팔·글러브로 예상 공격 통로를 닫음,측면 가드를 회수,"[""S01"", ""S02""]",biomechanical inference
N07_S6,B: Counter body shot · 보디 카운터,CB,COUNTER,B,N07,"{""distance"": ""mid"", ""stance"": ""OO"", ""foot_position"": ""neutral"", ""angle"": ""head off punching line; body angle not automatic"", ""ring_position"": ""center"", ""space"": {""A"": ""center"", ""B"": ""center"", ""retreat_available"": ""both""}, ""A"": {""head"": ""outside incoming punch"", ""weight"": ""variant dependent: support/load must be checked"", ""guard"": ""attacking arm displaced; other hand protection conditional"", ""phase"": ""recovery"", ""arm"": ""lead/variant extended"", ""rotation"": ""punch-specific rotation; magnitude variable"", ""balance"": ""stable"", ""free_hand"": ""both"", ""foot"": ""neutral"", ""bearing"": ""facing opponent""}, ""B"": {""head"": ""center line"", ""weight"": ""neutral / variant dependent"", ""guard"": ""target-specific block"", ""phase"": ""impact/cover"", ""arm"": ""home"", ""rotation"": ""none"", ""balance"": ""stable"", ""free_hand"": ""both"", ""foot"": ""neutral"", ""bearing"": ""facing opponent""}, ""belief"": {""A"": ""unknown"", ""B"": ""unknown""}, ""target"": ""head / combination variable"", ""phase_window"": ""측면 가드를 회수""}","{""distance"": ""mid"", ""stance"": ""OO"", ""foot_position"": ""neutral"", ""angle"": ""head off punching line; body angle not automatic"", ""ring_position"": ""center"", ""space"": {""A"": ""center"", ""B"": ""center"", ""retreat_available"": ""both""}, ""A"": {""head"": ""outside incoming punch"", ""weight"": ""variant dependent: support/load must be checked"", ""guard"": ""attacking arm displaced; other hand protection conditional"", ""phase"": ""recovery"", ""arm"": ""lead/variant extended"", ""rotation"": ""punch-specific rotation; magnitude variable"", ""balance"": ""stable"", ""free_hand"": ""both"", ""foot"": ""neutral"", ""bearing"": ""facing opponent""}, ""B"": {""head"": ""low; lateral offset conditional"", ""weight"": ""neutral / variant dependent"", ""guard"": ""attacking arm displaced; other hand protection conditional"", ""phase"": ""extension"", ""arm"": ""lead/variant extended"", ""rotation"": ""none"", ""balance"": ""stable"", ""free_hand"": ""both"", ""foot"": ""neutral"", ""bearing"": ""facing opponent""}, ""belief"": {""A"": ""unknown"", ""B"": ""unknown""}, ""target"": ""body"", ""phase_window"": ""A 앞손이 위로 복귀 중 몸통 사거리""}",들린 팔·높은 가드 아래 이용,머리를 맞교환 라인에 두면 위험,"[""N07_S7""]",상대 위쪽 공격 뒤 합법 몸통 표적,A 앞손이 위로 복귀 중 몸통 사거리,"[""S16"", ""S10""]",biomechanical inference
N07_S7,A: Elbow body block · 팔꿈치 블록,ELBOW,DEFENSE,A,N07,"{""distance"": ""mid"", ""stance"": ""OO"", ""foot_position"": ""neutral"", ""angle"": ""head off punching line; body angle not automatic"", ""ring_position"": ""center"", ""space"": {""A"": ""center"", ""B"": ""center"", ""retreat_available"": ""both""}, ""A"": {""head"": ""outside incoming punch"", ""weight"": ""variant dependent: support/load must be checked"", ""guard"": ""attacking arm displaced; other hand protection conditional"", ""phase"": ""recovery"", ""arm"": ""lead/variant extended"", ""rotation"": ""punch-specific rotation; magnitude variable"", ""balance"": ""stable"", ""free_hand"": ""both"", ""foot"": ""neutral"", ""bearing"": ""facing opponent""}, ""B"": {""head"": ""low; lateral offset conditional"", ""weight"": ""neutral / variant dependent"", ""guard"": ""attacking arm displaced; other hand protection conditional"", ""phase"": ""extension"", ""arm"": ""lead/variant extended"", ""rotation"": ""none"", ""balance"": ""stable"", ""free_hand"": ""both"", ""foot"": ""neutral"", ""bearing"": ""facing opponent""}, ""belief"": {""A"": ""unknown"", ""B"": ""unknown""}, ""target"": ""body"", ""phase_window"": ""A 앞손이 위로 복귀 중 몸통 사거리""}","{""distance"": ""mid"", ""stance"": ""OO"", ""foot_position"": ""neutral"", ""angle"": ""head off punching line; body angle not automatic"", ""ring_position"": ""center"", ""space"": {""A"": ""center"", ""B"": ""center"", ""retreat_available"": ""both""}, ""A"": {""head"": ""outside incoming punch"", ""weight"": ""variant dependent: support/load must be checked"", ""guard"": ""elbow tucked; head glove conditional"", ""phase"": ""impact/cover"", ""arm"": ""home"", ""rotation"": ""punch-specific rotation; magnitude variable"", ""balance"": ""stable"", ""free_hand"": ""both"", ""foot"": ""neutral"", ""bearing"": ""facing opponent""}, ""B"": {""head"": ""low; lateral offset conditional"", ""weight"": ""neutral / variant dependent"", ""guard"": ""attacking arm displaced; other hand protection conditional"", ""phase"": ""recovery"", ""arm"": ""lead/variant extended"", ""rotation"": ""none"", ""balance"": ""stable"", ""free_hand"": ""both"", ""foot"": ""neutral"", ""bearing"": ""facing opponent""}, ""belief"": {""A"": ""unknown"", ""B"": ""unknown""}, ""target"": ""body"", ""phase_window"": ""보디 면 차단""}",보디 훅·사선 공격을 팔로 받음,같은 쪽 머리 가드가 실제로 내려가면 head opening,"[""N07_S8""]",팔꿈치를 좁히거나 몸통 회전으로 보디 통로 차단,보디 면 차단,"[""S01"", ""S16""]",biomechanical inference
N07_S8,A: Pivot · 피벗,PIVOT,POSITION,A,N07,"{""distance"": ""mid"", ""stance"": ""OO"", ""foot_position"": ""neutral"", ""angle"": ""head off punching line; body angle not automatic"", ""ring_position"": ""center"", ""space"": {""A"": ""center"", ""B"": ""center"", ""retreat_available"": ""both""}, ""A"": {""head"": ""outside incoming punch"", ""weight"": ""variant dependent: support/load must be checked"", ""guard"": ""elbow tucked; head glove conditional"", ""phase"": ""impact/cover"", ""arm"": ""home"", ""rotation"": ""punch-specific rotation; magnitude variable"", ""balance"": ""stable"", ""free_hand"": ""both"", ""foot"": ""neutral"", ""bearing"": ""facing opponent""}, ""B"": {""head"": ""low; lateral offset conditional"", ""weight"": ""neutral / variant dependent"", ""guard"": ""attacking arm displaced; other hand protection conditional"", ""phase"": ""recovery"", ""arm"": ""lead/variant extended"", ""rotation"": ""none"", ""balance"": ""stable"", ""free_hand"": ""both"", ""foot"": ""neutral"", ""bearing"": ""facing opponent""}, ""belief"": {""A"": ""unknown"", ""B"": ""unknown""}, ""target"": ""body"", ""phase_window"": ""보디 면 차단""}","{""distance"": ""mid"", ""stance"": ""OO"", ""foot_position"": ""angle candidate"", ""angle"": ""off-line candidate; opponent may reorient"", ""ring_position"": ""center"", ""space"": {""A"": ""center"", ""B"": ""center"", ""retreat_available"": ""both""}, ""A"": {""head"": ""outside incoming punch"", ""weight"": ""variant dependent: support/load must be checked"", ""guard"": ""elbow tucked; head glove conditional"", ""phase"": ""footwork"", ""arm"": ""home"", ""rotation"": ""punch-specific rotation; magnitude variable"", ""balance"": ""stable only after placement; transient step risk"", ""free_hand"": ""both"", ""foot"": ""neutral"", ""bearing"": ""reoriented toward opponent; conditional completion""}, ""B"": {""head"": ""low; lateral offset conditional"", ""weight"": ""neutral / variant dependent"", ""guard"": ""attacking arm displaced; other hand protection conditional"", ""phase"": ""recovery"", ""arm"": ""lead/variant extended"", ""rotation"": ""none"", ""balance"": ""stable"", ""free_hand"": ""both"", ""foot"": ""neutral"", ""bearing"": ""facing opponent""}, ""belief"": {""A"": ""unknown"", ""B"": ""unknown""}, ""target"": ""body"", ""phase_window"": ""발과 출구 확보""}",공격선 옆각도·출구 확보,축발 막힘·과회전·상대가 같이 돌기,"[""N07_S9""]",지지발 주위로 다른 발과 몸을 재지향,발과 출구 확보,"[""S06""]",biomechanical inference
N07_S9,B: Reset · 재정렬,RESET,POSITION,B,N07,"{""distance"": ""mid"", ""stance"": ""OO"", ""foot_position"": ""angle candidate"", ""angle"": ""off-line candidate; opponent may reorient"", ""ring_position"": ""center"", ""space"": {""A"": ""center"", ""B"": ""center"", ""retreat_available"": ""both""}, ""A"": {""head"": ""outside incoming punch"", ""weight"": ""variant dependent: support/load must be checked"", ""guard"": ""elbow tucked; head glove conditional"", ""phase"": ""footwork"", ""arm"": ""home"", ""rotation"": ""punch-specific rotation; magnitude variable"", ""balance"": ""stable only after placement; transient step risk"", ""free_hand"": ""both"", ""foot"": ""neutral"", ""bearing"": ""reoriented toward opponent; conditional completion""}, ""B"": {""head"": ""low; lateral offset conditional"", ""weight"": ""neutral / variant dependent"", ""guard"": ""attacking arm displaced; other hand protection conditional"", ""phase"": ""recovery"", ""arm"": ""lead/variant extended"", ""rotation"": ""none"", ""balance"": ""stable"", ""free_hand"": ""both"", ""foot"": ""neutral"", ""bearing"": ""facing opponent""}, ""belief"": {""A"": ""unknown"", ""B"": ""unknown""}, ""target"": ""body"", ""phase_window"": ""발과 출구 확보""}","{""distance"": ""mid"", ""stance"": ""OO"", ""foot_position"": ""neutral"", ""angle"": ""centerline aligned"", ""ring_position"": ""center"", ""space"": {""A"": ""center"", ""B"": ""center"", ""retreat_available"": ""both""}, ""A"": {""head"": ""center line / guarded"", ""weight"": ""neutral / ready"", ""guard"": ""normal"", ""phase"": ""neutral"", ""arm"": ""home"", ""rotation"": ""none"", ""balance"": ""stable"", ""free_hand"": ""both"", ""foot"": ""neutral"", ""bearing"": ""facing opponent""}, ""B"": {""head"": ""center line / guarded"", ""weight"": ""neutral / ready"", ""guard"": ""normal"", ""phase"": ""neutral"", ""arm"": ""home"", ""rotation"": ""none"", ""balance"": ""stable"", ""free_hand"": ""both"", ""foot"": ""neutral"", ""bearing"": ""facing opponent""}, ""belief"": {""A"": ""unknown"", ""B"": ""unknown""}, ""target"": ""none"", ""phase_window"": ""재지향과 거리 복귀""}",새 교환 준비,시간 비용; 상대가 계속 치면 완료 불가,"[""N07_S0""]",손·발·시선·상대 bearing을 다시 맞춤,재지향과 거리 복귀,"[""S06""]",biomechanical inference
N08_S0,시작 상태,,STATE,,N08,"{""distance"": ""pocket"", ""stance"": ""OO"", ""foot_position"": ""neutral"", ""angle"": ""centerline aligned"", ""ring_position"": ""center"", ""space"": {""A"": ""center"", ""B"": ""center"", ""retreat_available"": ""both""}, ""A"": {""head"": ""center line"", ""weight"": ""neutral / variant dependent"", ""guard"": ""normal"", ""phase"": ""neutral"", ""arm"": ""home"", ""rotation"": ""none"", ""balance"": ""stable"", ""free_hand"": ""both"", ""foot"": ""neutral"", ""bearing"": ""facing opponent""}, ""B"": {""head"": ""center line"", ""weight"": ""neutral / variant dependent"", ""guard"": ""normal"", ""phase"": ""neutral"", ""arm"": ""home"", ""rotation"": ""none"", ""balance"": ""stable"", ""free_hand"": ""both"", ""foot"": ""neutral"", ""bearing"": ""facing opponent""}, ""belief"": {""A"": ""unknown"", ""B"": ""unknown""}, ""target"": ""none"", ""phase_window"": ""neutral""}","{""distance"": ""pocket"", ""stance"": ""OO"", ""foot_position"": ""neutral"", ""angle"": ""centerline aligned"", ""ring_position"": ""center"", ""space"": {""A"": ""center"", ""B"": ""center"", ""retreat_available"": ""both""}, ""A"": {""head"": ""center line"", ""weight"": ""neutral / variant dependent"", ""guard"": ""normal"", ""phase"": ""neutral"", ""arm"": ""home"", ""rotation"": ""none"", ""balance"": ""stable"", ""free_hand"": ""both"", ""foot"": ""neutral"", ""bearing"": ""facing opponent""}, ""B"": {""head"": ""center line"", ""weight"": ""neutral / variant dependent"", ""guard"": ""normal"", ""phase"": ""neutral"", ""arm"": ""home"", ""rotation"": ""none"", ""balance"": ""stable"", ""free_hand"": ""both"", ""foot"": ""neutral"", ""bearing"": ""facing opponent""}, ""belief"": {""A"": ""unknown"", ""B"": ""unknown""}, ""target"": ""none"", ""phase_window"": ""neutral""}",교환의 전제 확인,중립도 선제 위협에 노출,"[""N08_S1"", ""N02_S0"", ""N04_S0"", ""N05_S0"", ""N06_S0""]",,,,
N08_S1,A: Rear uppercut · 뒷손 어퍼컷,RU,OFFENSE,A,N08,"{""distance"": ""pocket"", ""stance"": ""OO"", ""foot_position"": ""neutral"", ""angle"": ""centerline aligned"", ""ring_position"": ""center"", ""space"": {""A"": ""center"", ""B"": ""center"", ""retreat_available"": ""both""}, ""A"": {""head"": ""center line"", ""weight"": ""neutral / variant dependent"", ""guard"": ""normal"", ""phase"": ""neutral"", ""arm"": ""home"", ""rotation"": ""none"", ""balance"": ""stable"", ""free_hand"": ""both"", ""foot"": ""neutral"", ""bearing"": ""facing opponent""}, ""B"": {""head"": ""center line"", ""weight"": ""neutral / variant dependent"", ""guard"": ""normal"", ""phase"": ""neutral"", ""arm"": ""home"", ""rotation"": ""none"", ""balance"": ""stable"", ""free_hand"": ""both"", ""foot"": ""neutral"", ""bearing"": ""facing opponent""}, ""belief"": {""A"": ""unknown"", ""B"": ""unknown""}, ""target"": ""none"", ""phase_window"": ""neutral""}","{""distance"": ""pocket"", ""stance"": ""OO"", ""foot_position"": ""neutral"", ""angle"": ""centerline aligned"", ""ring_position"": ""center"", ""space"": {""A"": ""center"", ""B"": ""center"", ""retreat_available"": ""both""}, ""A"": {""head"": ""center line"", ""weight"": ""neutral / variant dependent"", ""guard"": ""attacking arm displaced; other hand protection conditional"", ""phase"": ""extension"", ""arm"": ""rear extended"", ""rotation"": ""punch-specific rotation; magnitude variable"", ""balance"": ""stable"", ""free_hand"": ""both"", ""foot"": ""neutral"", ""bearing"": ""facing opponent""}, ""B"": {""head"": ""center line"", ""weight"": ""neutral / variant dependent"", ""guard"": ""normal"", ""phase"": ""neutral"", ""arm"": ""home"", ""rotation"": ""none"", ""balance"": ""stable"", ""free_hand"": ""both"", ""foot"": ""neutral"", ""bearing"": ""facing opponent""}, ""belief"": {""A"": ""unknown"", ""B"": ""unknown""}, ""target"": ""head / combination variable"", ""phase_window"": ""B 머리 중앙으로 짧은 상승 궤도""}",팔 사이 중앙 표적·낮은 진입 공략,준비 때 손을 내리면 훅·직선에 노출,"[""N08_S2"", ""N08_S7""]",뒷손을 상승 곡선으로 보냄,B 머리 중앙으로 짧은 상승 궤도,"[""S03""]",biomechanical inference
N08_S2,B: Duck · 덕,DUCK,DEFENSE,B,N08,"{""distance"": ""pocket"", ""stance"": ""OO"", ""foot_position"": ""neutral"", ""angle"": ""centerline aligned"", ""ring_position"": ""center"", ""space"": {""A"": ""center"", ""B"": ""center"", ""retreat_available"": ""both""}, ""A"": {""head"": ""center line"", ""weight"": ""neutral / variant dependent"", ""guard"": ""attacking arm displaced; other hand protection conditional"", ""phase"": ""extension"", ""arm"": ""rear extended"", ""rotation"": ""punch-specific rotation; magnitude variable"", ""balance"": ""stable"", ""free_hand"": ""both"", ""foot"": ""neutral"", ""bearing"": ""facing opponent""}, ""B"": {""head"": ""center line"", ""weight"": ""neutral / variant dependent"", ""guard"": ""normal"", ""phase"": ""neutral"", ""arm"": ""home"", ""rotation"": ""none"", ""balance"": ""stable"", ""free_hand"": ""both"", ""foot"": ""neutral"", ""bearing"": ""facing opponent""}, ""belief"": {""A"": ""unknown"", ""B"": ""unknown""}, ""target"": ""head / combination variable"", ""phase_window"": ""B 머리 중앙으로 짧은 상승 궤도""}","{""distance"": ""pocket"", ""stance"": ""OO"", ""foot_position"": ""neutral"", ""angle"": ""centerline aligned"", ""ring_position"": ""center"", ""space"": {""A"": ""center"", ""B"": ""center"", ""retreat_available"": ""both""}, ""A"": {""head"": ""center line"", ""weight"": ""neutral / variant dependent"", ""guard"": ""attacking arm displaced; other hand protection conditional"", ""phase"": ""recovery"", ""arm"": ""rear extended"", ""rotation"": ""punch-specific rotation; magnitude variable"", ""balance"": ""stable"", ""free_hand"": ""both"", ""foot"": ""neutral"", ""bearing"": ""facing opponent""}, ""B"": {""head"": ""low / center if stationary"", ""weight"": ""knees flexed; distribution variable"", ""guard"": ""normal"", ""phase"": ""evasion attempt"", ""arm"": ""home"", ""rotation"": ""none"", ""balance"": ""stable"", ""free_hand"": ""both"", ""foot"": ""neutral"", ""bearing"": ""facing opponent""}, ""belief"": {""A"": ""unknown"", ""B"": ""unknown""}, ""target"": ""head / combination variable"", ""phase_window"": ""위험 분기: 제자리 중앙 덕이 상승 궤도 안으로 들어감"", ""hazard"": true}",높은 공격 궤도 밑으로 이동,제자리 중앙의 낮은 머리는 상승 궤도와 만날 수 있음,"[""N08_S3""]",무릎을 굽혀 머리 높이를 낮춤,위험 분기: 제자리 중앙 덕이 상승 궤도 안으로 들어감,"[""S02"", ""S10""]",biomechanical inference
N08_S3,B: Block · 블록,BLOCK,DEFENSE,B,N08,"{""distance"": ""pocket"", ""stance"": ""OO"", ""foot_position"": ""neutral"", ""angle"": ""centerline aligned"", ""ring_position"": ""center"", ""space"": {""A"": ""center"", ""B"": ""center"", ""retreat_available"": ""both""}, ""A"": {""head"": ""center line"", ""weight"": ""neutral / variant dependent"", ""guard"": ""attacking arm displaced; other hand protection conditional"", ""phase"": ""recovery"", ""arm"": ""rear extended"", ""rotation"": ""punch-specific rotation; magnitude variable"", ""balance"": ""stable"", ""free_hand"": ""both"", ""foot"": ""neutral"", ""bearing"": ""facing opponent""}, ""B"": {""head"": ""low / center if stationary"", ""weight"": ""knees flexed; distribution variable"", ""guard"": ""normal"", ""phase"": ""evasion attempt"", ""arm"": ""home"", ""rotation"": ""none"", ""balance"": ""stable"", ""free_hand"": ""both"", ""foot"": ""neutral"", ""bearing"": ""facing opponent""}, ""belief"": {""A"": ""unknown"", ""B"": ""unknown""}, ""target"": ""head / combination variable"", ""phase_window"": ""위험 분기: 제자리 중앙 덕이 상승 궤도 안으로 들어감"", ""hazard"": true}","{""distance"": ""pocket"", ""stance"": ""OO"", ""foot_position"": ""neutral"", ""angle"": ""centerline aligned"", ""ring_position"": ""center"", ""space"": {""A"": ""center"", ""B"": ""center"", ""retreat_available"": ""both""}, ""A"": {""head"": ""center line"", ""weight"": ""neutral / variant dependent"", ""guard"": ""attacking arm displaced; other hand protection conditional"", ""phase"": ""recovery"", ""arm"": ""rear extended"", ""rotation"": ""punch-specific rotation; magnitude variable"", ""balance"": ""stable"", ""free_hand"": ""both"", ""foot"": ""neutral"", ""bearing"": ""facing opponent""}, ""B"": {""head"": ""low / center if stationary"", ""weight"": ""knees flexed; distribution variable"", ""guard"": ""target-specific block"", ""phase"": ""impact/cover"", ""arm"": ""home"", ""rotation"": ""none"", ""balance"": ""stable"", ""free_hand"": ""both"", ""foot"": ""neutral"", ""bearing"": ""facing opponent""}, ""belief"": {""A"": ""unknown"", ""B"": ""unknown""}, ""target"": ""head / combination variable"", ""phase_window"": ""피격 전 팔·글러브로 중앙을 닫을 시간이 있을 때; 이미 맞았다면 이 경로는 중단"", ""hazard"": true}",머리·보디 맞교환을 제한,충격·다른 표적 열림·고정 방어 읽힘,"[""N08_S4""]",팔·글러브로 예상 공격 통로를 닫음,피격 전 팔·글러브로 중앙을 닫을 시간이 있을 때; 이미 맞았다면 이 경로는 중단,"[""S01"", ""S02""]",biomechanical inference
N08_S4,B: Smother · 펀치 공간 압축,SMOTHER,DEFENSE,B,N08,"{""distance"": ""pocket"", ""stance"": ""OO"", ""foot_position"": ""neutral"", ""angle"": ""centerline aligned"", ""ring_position"": ""center"", ""space"": {""A"": ""center"", ""B"": ""center"", ""retreat_available"": ""both""}, ""A"": {""head"": ""center line"", ""weight"": ""neutral / variant dependent"", ""guard"": ""attacking arm displaced; other hand protection conditional"", ""phase"": ""recovery"", ""arm"": ""rear extended"", ""rotation"": ""punch-specific rotation; magnitude variable"", ""balance"": ""stable"", ""free_hand"": ""both"", ""foot"": ""neutral"", ""bearing"": ""facing opponent""}, ""B"": {""head"": ""low / center if stationary"", ""weight"": ""knees flexed; distribution variable"", ""guard"": ""target-specific block"", ""phase"": ""impact/cover"", ""arm"": ""home"", ""rotation"": ""none"", ""balance"": ""stable"", ""free_hand"": ""both"", ""foot"": ""neutral"", ""bearing"": ""facing opponent""}, ""belief"": {""A"": ""unknown"", ""B"": ""unknown""}, ""target"": ""head / combination variable"", ""phase_window"": ""피격 전 팔·글러브로 중앙을 닫을 시간이 있을 때; 이미 맞았다면 이 경로는 중단"", ""hazard"": true}","{""distance"": ""clinch"", ""stance"": ""OO"", ""foot_position"": ""neutral"", ""angle"": ""centerline aligned"", ""ring_position"": ""center"", ""space"": {""A"": ""center"", ""B"": ""center"", ""retreat_available"": ""both""}, ""A"": {""head"": ""center line"", ""weight"": ""neutral / variant dependent"", ""guard"": ""attacking arm displaced; other hand protection conditional"", ""phase"": ""recovery"", ""arm"": ""rear extended"", ""rotation"": ""punch-specific rotation; magnitude variable"", ""balance"": ""stable"", ""free_hand"": ""both"", ""foot"": ""neutral"", ""bearing"": ""facing opponent""}, ""B"": {""head"": ""low / center if stationary"", ""weight"": ""knees flexed; distribution variable"", ""guard"": ""target-specific block"", ""phase"": ""contact"", ""arm"": ""contact / restriction dependent"", ""rotation"": ""none"", ""balance"": ""stable"", ""free_hand"": ""both"", ""foot"": ""neutral"", ""bearing"": ""facing opponent""}, ""belief"": {""A"": ""unknown"", ""B"": ""unknown""}, ""target"": ""short legal targets only; no holding-and-hitting"", ""phase_window"": ""A 다음 펀치 전 짧은 궤도 공간 압축"", ""hazard"": true}",긴 궤적의 완전 신전 방해,짧은 훅·어퍼컷·머리 충돌·위치 상실,"[""N08_S5""]",몸과 발로 너무 가까운 거리까지 압축,A 다음 펀치 전 짧은 궤도 공간 압축,"[""S06"", ""S17""]",biomechanical inference
N08_S5,A: Clinch · 클린치 국면,CLINCH,DEFENSE,A,N08,"{""distance"": ""clinch"", ""stance"": ""OO"", ""foot_position"": ""neutral"", ""angle"": ""centerline aligned"", ""ring_position"": ""center"", ""space"": {""A"": ""center"", ""B"": ""center"", ""retreat_available"": ""both""}, ""A"": {""head"": ""center line"", ""weight"": ""neutral / variant dependent"", ""guard"": ""attacking arm displaced; other hand protection conditional"", ""phase"": ""recovery"", ""arm"": ""rear extended"", ""rotation"": ""punch-specific rotation; magnitude variable"", ""balance"": ""stable"", ""free_hand"": ""both"", ""foot"": ""neutral"", ""bearing"": ""facing opponent""}, ""B"": {""head"": ""low / center if stationary"", ""weight"": ""knees flexed; distribution variable"", ""guard"": ""target-specific block"", ""phase"": ""contact"", ""arm"": ""contact / restriction dependent"", ""rotation"": ""none"", ""balance"": ""stable"", ""free_hand"": ""both"", ""foot"": ""neutral"", ""bearing"": ""facing opponent""}, ""belief"": {""A"": ""unknown"", ""B"": ""unknown""}, ""target"": ""short legal targets only; no holding-and-hitting"", ""phase_window"": ""A 다음 펀치 전 짧은 궤도 공간 압축"", ""hazard"": true}","{""distance"": ""clinch"", ""stance"": ""OO"", ""foot_position"": ""neutral"", ""angle"": ""centerline aligned"", ""ring_position"": ""center"", ""space"": {""A"": ""center"", ""B"": ""center"", ""retreat_available"": ""both""}, ""A"": {""head"": ""center line"", ""weight"": ""neutral / variant dependent"", ""guard"": ""attacking arm displaced; other hand protection conditional"", ""phase"": ""contact"", ""arm"": ""contact / restriction dependent"", ""rotation"": ""punch-specific rotation; magnitude variable"", ""balance"": ""stable"", ""free_hand"": ""both"", ""foot"": ""neutral"", ""bearing"": ""facing opponent""}, ""B"": {""head"": ""low / center if stationary"", ""weight"": ""knees flexed; distribution variable"", ""guard"": ""target-specific block"", ""phase"": ""contact"", ""arm"": ""contact / restriction dependent"", ""rotation"": ""none"", ""balance"": ""stable"", ""free_hand"": ""both"", ""foot"": ""neutral"", ""bearing"": ""facing opponent""}, ""belief"": {""A"": ""unknown"", ""B"": ""unknown""}, ""target"": ""short legal targets only; no holding-and-hitting"", ""phase_window"": ""교환 중단 국면"", ""hazard"": true}",긴 펀치 공간 감소,짧은 자유손·심판 break·홀딩 반칙,"[""N08_S6""]",밀착·팔 얽힘으로 교환이 중단되는 국면,교환 중단 국면,"[""S17""]",biomechanical inference
N08_S6,B: Referee break · 심판 분리,BREAK,POSITION,B,N08,"{""distance"": ""clinch"", ""stance"": ""OO"", ""foot_position"": ""neutral"", ""angle"": ""centerline aligned"", ""ring_position"": ""center"", ""space"": {""A"": ""center"", ""B"": ""center"", ""retreat_available"": ""both""}, ""A"": {""head"": ""center line"", ""weight"": ""neutral / variant dependent"", ""guard"": ""attacking arm displaced; other hand protection conditional"", ""phase"": ""contact"", ""arm"": ""contact / restriction dependent"", ""rotation"": ""punch-specific rotation; magnitude variable"", ""balance"": ""stable"", ""free_hand"": ""both"", ""foot"": ""neutral"", ""bearing"": ""facing opponent""}, ""B"": {""head"": ""low / center if stationary"", ""weight"": ""knees flexed; distribution variable"", ""guard"": ""target-specific block"", ""phase"": ""contact"", ""arm"": ""contact / restriction dependent"", ""rotation"": ""none"", ""balance"": ""stable"", ""free_hand"": ""both"", ""foot"": ""neutral"", ""bearing"": ""facing opponent""}, ""belief"": {""A"": ""unknown"", ""B"": ""unknown""}, ""target"": ""short legal targets only; no holding-and-hitting"", ""phase_window"": ""교환 중단 국면"", ""hazard"": true}","{""distance"": ""long"", ""stance"": ""OO"", ""foot_position"": ""neutral"", ""angle"": ""centerline aligned"", ""ring_position"": ""center"", ""space"": {""A"": ""center"", ""B"": ""center"", ""retreat_available"": ""both""}, ""A"": {""head"": ""center line / guarded"", ""weight"": ""neutral / ready"", ""guard"": ""normal"", ""phase"": ""neutral"", ""arm"": ""home"", ""rotation"": ""none"", ""balance"": ""stable"", ""free_hand"": ""both"", ""foot"": ""neutral"", ""bearing"": ""facing opponent""}, ""B"": {""head"": ""center line / guarded"", ""weight"": ""neutral / ready"", ""guard"": ""normal"", ""phase"": ""neutral"", ""arm"": ""home"", ""rotation"": ""none"", ""balance"": ""stable"", ""free_hand"": ""both"", ""foot"": ""neutral"", ""bearing"": ""facing opponent""}, ""belief"": {""A"": ""unknown"", ""B"": ""unknown""}, ""target"": ""none"", ""phase_window"": ""심판 지시 후 재개"", ""hazard"": true}",밀착 국면에서 합법 새 거리,주도권·공간이 바뀜; break 중 공격 금지,"[""N08_S0""]",지시에 따라 분리·재개까지 타격 보류,심판 지시 후 재개,"[""S17""]",biomechanical inference
N08_S7,B: Outside slip · 바깥 슬립,SOUT,DEFENSE,B,N08,"{""distance"": ""pocket"", ""stance"": ""OO"", ""foot_position"": ""neutral"", ""angle"": ""centerline aligned"", ""ring_position"": ""center"", ""space"": {""A"": ""center"", ""B"": ""center"", ""retreat_available"": ""both""}, ""A"": {""head"": ""center line"", ""weight"": ""neutral / variant dependent"", ""guard"": ""attacking arm displaced; other hand protection conditional"", ""phase"": ""extension"", ""arm"": ""rear extended"", ""rotation"": ""punch-specific rotation; magnitude variable"", ""balance"": ""stable"", ""free_hand"": ""both"", ""foot"": ""neutral"", ""bearing"": ""facing opponent""}, ""B"": {""head"": ""center line"", ""weight"": ""neutral / variant dependent"", ""guard"": ""normal"", ""phase"": ""neutral"", ""arm"": ""home"", ""rotation"": ""none"", ""balance"": ""stable"", ""free_hand"": ""both"", ""foot"": ""neutral"", ""bearing"": ""facing opponent""}, ""belief"": {""A"": ""unknown"", ""B"": ""unknown""}, ""target"": ""head / combination variable"", ""phase_window"": ""B 머리 중앙으로 짧은 상승 궤도""}","{""distance"": ""pocket"", ""stance"": ""OO"", ""foot_position"": ""neutral"", ""angle"": ""head off punching line; body angle not automatic"", ""ring_position"": ""center"", ""space"": {""A"": ""center"", ""B"": ""center"", ""retreat_available"": ""both""}, ""A"": {""head"": ""center line"", ""weight"": ""neutral / variant dependent"", ""guard"": ""attacking arm displaced; other hand protection conditional"", ""phase"": ""recovery"", ""arm"": ""rear extended"", ""rotation"": ""punch-specific rotation; magnitude variable"", ""balance"": ""stable"", ""free_hand"": ""both"", ""foot"": ""neutral"", ""bearing"": ""facing opponent""}, ""B"": {""head"": ""outside incoming punch"", ""weight"": ""variant dependent: support/load must be checked"", ""guard"": ""normal"", ""phase"": ""evasion"", ""arm"": ""home"", ""rotation"": ""none"", ""balance"": ""stable"", ""free_hand"": ""both"", ""foot"": ""neutral"", ""bearing"": ""facing opponent""}, ""belief"": {""A"": ""unknown"", ""B"": ""unknown""}, ""target"": ""head / combination variable"", ""phase_window"": ""어퍼컷 상승 궤도의 옆으로 작은 이동; 단순 좌우 명칭이 아닌 실제 궤도 기준""}",해당 직선 공격선을 벗어남,다음 펀치 재조준·훅·균형 손실,"[""N08_S8""]",들어오는 특정 펀치의 팔 바깥으로 머리 이동,어퍼컷 상승 궤도의 옆으로 작은 이동; 단순 좌우 명칭이 아닌 실제 궤도 기준,"[""S02"", ""S07""]",biomechanical inference
N08_S8,B: Counter hook · 카운터 훅,CH,COUNTER,B,N08,"{""distance"": ""pocket"", ""stance"": ""OO"", ""foot_position"": ""neutral"", ""angle"": ""head off punching line; body angle not automatic"", ""ring_position"": ""center"", ""space"": {""A"": ""center"", ""B"": ""center"", ""retreat_available"": ""both""}, ""A"": {""head"": ""center line"", ""weight"": ""neutral / variant dependent"", ""guard"": ""attacking arm displaced; other hand protection conditional"", ""phase"": ""recovery"", ""arm"": ""rear extended"", ""rotation"": ""punch-specific rotation; magnitude variable"", ""balance"": ""stable"", ""free_hand"": ""both"", ""foot"": ""neutral"", ""bearing"": ""facing opponent""}, ""B"": {""head"": ""outside incoming punch"", ""weight"": ""variant dependent: support/load must be checked"", ""guard"": ""normal"", ""phase"": ""evasion"", ""arm"": ""home"", ""rotation"": ""none"", ""balance"": ""stable"", ""free_hand"": ""both"", ""foot"": ""neutral"", ""bearing"": ""facing opponent""}, ""belief"": {""A"": ""unknown"", ""B"": ""unknown""}, ""target"": ""head / combination variable"", ""phase_window"": ""어퍼컷 상승 궤도의 옆으로 작은 이동; 단순 좌우 명칭이 아닌 실제 궤도 기준""}","{""distance"": ""pocket"", ""stance"": ""OO"", ""foot_position"": ""neutral"", ""angle"": ""head off punching line; body angle not automatic"", ""ring_position"": ""center"", ""space"": {""A"": ""center"", ""B"": ""center"", ""retreat_available"": ""both""}, ""A"": {""head"": ""center line"", ""weight"": ""neutral / variant dependent"", ""guard"": ""attacking arm displaced; other hand protection conditional"", ""phase"": ""recovery"", ""arm"": ""rear extended"", ""rotation"": ""punch-specific rotation; magnitude variable"", ""balance"": ""stable"", ""free_hand"": ""both"", ""foot"": ""neutral"", ""bearing"": ""facing opponent""}, ""B"": {""head"": ""outside incoming punch"", ""weight"": ""variant dependent: support/load must be checked"", ""guard"": ""attacking arm displaced; other hand protection conditional"", ""phase"": ""extension"", ""arm"": ""lead/variant extended"", ""rotation"": ""punch-specific rotation; magnitude variable"", ""balance"": ""stable"", ""free_hand"": ""both"", ""foot"": ""neutral"", ""bearing"": ""facing opponent""}, ""belief"": {""A"": ""unknown"", ""B"": ""unknown""}, ""target"": ""head / combination variable"", ""phase_window"": ""A 뒷손 회수 전에 옆 표적 접근""}",직선 복귀·측면 노출 활용,"짧은 사거리, 반대 손 카운터","[""N08_S9""]",방어로 생긴 측면 표적을 짧게 공격,A 뒷손 회수 전에 옆 표적 접근,"[""S03"", ""S16""]",biomechanical inference
N08_S9,A: Weave / roll · 위빙·롤,ROLL,DEFENSE,A,N08,"{""distance"": ""pocket"", ""stance"": ""OO"", ""foot_position"": ""neutral"", ""angle"": ""head off punching line; body angle not automatic"", ""ring_position"": ""center"", ""space"": {""A"": ""center"", ""B"": ""center"", ""retreat_available"": ""both""}, ""A"": {""head"": ""center line"", ""weight"": ""neutral / variant dependent"", ""guard"": ""attacking arm displaced; other hand protection conditional"", ""phase"": ""recovery"", ""arm"": ""rear extended"", ""rotation"": ""punch-specific rotation; magnitude variable"", ""balance"": ""stable"", ""free_hand"": ""both"", ""foot"": ""neutral"", ""bearing"": ""facing opponent""}, ""B"": {""head"": ""outside incoming punch"", ""weight"": ""variant dependent: support/load must be checked"", ""guard"": ""attacking arm displaced; other hand protection conditional"", ""phase"": ""extension"", ""arm"": ""lead/variant extended"", ""rotation"": ""punch-specific rotation; magnitude variable"", ""balance"": ""stable"", ""free_hand"": ""both"", ""foot"": ""neutral"", ""bearing"": ""facing opponent""}, ""belief"": {""A"": ""unknown"", ""B"": ""unknown""}, ""target"": ""head / combination variable"", ""phase_window"": ""A 뒷손 회수 전에 옆 표적 접근""}","{""distance"": ""pocket"", ""stance"": ""OO"", ""foot_position"": ""neutral"", ""angle"": ""head off punching line; body angle not automatic"", ""ring_position"": ""center"", ""space"": {""A"": ""center"", ""B"": ""center"", ""retreat_available"": ""both""}, ""A"": {""head"": ""low → lateral path"", ""weight"": ""exit leg dependent"", ""guard"": ""attacking arm displaced; other hand protection conditional"", ""phase"": ""evasion"", ""arm"": ""home"", ""rotation"": ""roll exit-dependent"", ""balance"": ""stable"", ""free_hand"": ""both"", ""foot"": ""neutral"", ""bearing"": ""facing opponent""}, ""B"": {""head"": ""outside incoming punch"", ""weight"": ""variant dependent: support/load must be checked"", ""guard"": ""attacking arm displaced; other hand protection conditional"", ""phase"": ""recovery"", ""arm"": ""lead/variant extended"", ""rotation"": ""punch-specific rotation; magnitude variable"", ""balance"": ""stable"", ""free_hand"": ""both"", ""foot"": ""neutral"", ""bearing"": ""facing opponent""}, ""belief"": {""A"": ""unknown"", ""B"": ""unknown""}, ""target"": ""head / combination variable"", ""phase_window"": ""훅 아래 곡선 이동""}",높은 훅 아래를 지나 측면으로 나옴,반복 경로·허리 굽힘·다음 낮은 공격,"[""N08_S10""]",무릎·몸통으로 U형 또는 곡선 머리 이동,훅 아래 곡선 이동,"[""S01"", ""S08"", ""S09""]",biomechanical inference
N08_S10,A: Lead uppercut · 앞손 어퍼컷,LU,OFFENSE,A,N08,"{""distance"": ""pocket"", ""stance"": ""OO"", ""foot_position"": ""neutral"", ""angle"": ""head off punching line; body angle not automatic"", ""ring_position"": ""center"", ""space"": {""A"": ""center"", ""B"": ""center"", ""retreat_available"": ""both""}, ""A"": {""head"": ""low → lateral path"", ""weight"": ""exit leg dependent"", ""guard"": ""attacking arm displaced; other hand protection conditional"", ""phase"": ""evasion"", ""arm"": ""home"", ""rotation"": ""roll exit-dependent"", ""balance"": ""stable"", ""free_hand"": ""both"", ""foot"": ""neutral"", ""bearing"": ""facing opponent""}, ""B"": {""head"": ""outside incoming punch"", ""weight"": ""variant dependent: support/load must be checked"", ""guard"": ""attacking arm displaced; other hand protection conditional"", ""phase"": ""recovery"", ""arm"": ""lead/variant extended"", ""rotation"": ""punch-specific rotation; magnitude variable"", ""balance"": ""stable"", ""free_hand"": ""both"", ""foot"": ""neutral"", ""bearing"": ""facing opponent""}, ""belief"": {""A"": ""unknown"", ""B"": ""unknown""}, ""target"": ""head / combination variable"", ""phase_window"": ""훅 아래 곡선 이동""}","{""distance"": ""pocket"", ""stance"": ""OO"", ""foot_position"": ""neutral"", ""angle"": ""head off punching line; body angle not automatic"", ""ring_position"": ""center"", ""space"": {""A"": ""center"", ""B"": ""center"", ""retreat_available"": ""both""}, ""A"": {""head"": ""low → lateral path"", ""weight"": ""exit leg dependent"", ""guard"": ""attacking arm displaced; other hand protection conditional"", ""phase"": ""extension"", ""arm"": ""lead/variant extended"", ""rotation"": ""punch-specific rotation; magnitude variable"", ""balance"": ""stable"", ""free_hand"": ""both"", ""foot"": ""neutral"", ""bearing"": ""facing opponent""}, ""B"": {""head"": ""outside incoming punch"", ""weight"": ""variant dependent: support/load must be checked"", ""guard"": ""attacking arm displaced; other hand protection conditional"", ""phase"": ""recovery"", ""arm"": ""lead/variant extended"", ""rotation"": ""punch-specific rotation; magnitude variable"", ""balance"": ""stable"", ""free_hand"": ""both"", ""foot"": ""neutral"", ""bearing"": ""facing opponent""}, ""belief"": {""A"": ""unknown"", ""B"": ""unknown""}, ""target"": ""head / combination variable"", ""phase_window"": ""B가 중앙으로 복귀할 때 앞손 상승 통로""}",열린 중앙·낮은 머리의 접근 경로 공략,먼 거리에서 뜨는 궤적·앞손 가드 이탈,"[""N08_S11""]",앞손을 짧은 상승 궤도로 보냄,B가 중앙으로 복귀할 때 앞손 상승 통로,"[""S03""]",biomechanical inference
N08_S11,B: Step-back · 후퇴 스텝,BACK,POSITION,B,N08,"{""distance"": ""pocket"", ""stance"": ""OO"", ""foot_position"": ""neutral"", ""angle"": ""head off punching line; body angle not automatic"", ""ring_position"": ""center"", ""space"": {""A"": ""center"", ""B"": ""center"", ""retreat_available"": ""both""}, ""A"": {""head"": ""low → lateral path"", ""weight"": ""exit leg dependent"", ""guard"": ""attacking arm displaced; other hand protection conditional"", ""phase"": ""extension"", ""arm"": ""lead/variant extended"", ""rotation"": ""punch-specific rotation; magnitude variable"", ""balance"": ""stable"", ""free_hand"": ""both"", ""foot"": ""neutral"", ""bearing"": ""facing opponent""}, ""B"": {""head"": ""outside incoming punch"", ""weight"": ""variant dependent: support/load must be checked"", ""guard"": ""attacking arm displaced; other hand protection conditional"", ""phase"": ""recovery"", ""arm"": ""lead/variant extended"", ""rotation"": ""punch-specific rotation; magnitude variable"", ""balance"": ""stable"", ""free_hand"": ""both"", ""foot"": ""neutral"", ""bearing"": ""facing opponent""}, ""belief"": {""A"": ""unknown"", ""B"": ""unknown""}, ""target"": ""head / combination variable"", ""phase_window"": ""B가 중앙으로 복귀할 때 앞손 상승 통로""}","{""distance"": ""mid"", ""stance"": ""OO"", ""foot_position"": ""neutral"", ""angle"": ""head off punching line; body angle not automatic"", ""ring_position"": ""center"", ""space"": {""A"": ""center"", ""B"": ""center"", ""retreat_available"": ""both""}, ""A"": {""head"": ""low → lateral path"", ""weight"": ""exit leg dependent"", ""guard"": ""attacking arm displaced; other hand protection conditional"", ""phase"": ""recovery"", ""arm"": ""lead/variant extended"", ""rotation"": ""punch-specific rotation; magnitude variable"", ""balance"": ""stable"", ""free_hand"": ""both"", ""foot"": ""neutral"", ""bearing"": ""facing opponent""}, ""B"": {""head"": ""outside incoming punch"", ""weight"": ""variant dependent: support/load must be checked"", ""guard"": ""attacking arm displaced; other hand protection conditional"", ""phase"": ""footwork"", ""arm"": ""home"", ""rotation"": ""punch-specific rotation; magnitude variable"", ""balance"": ""stable only after placement; transient step risk"", ""free_hand"": ""both"", ""foot"": ""neutral"", ""bearing"": ""facing opponent""}, ""belief"": {""A"": ""unknown"", ""B"": ""unknown""}, ""target"": ""head / combination variable"", ""phase_window"": ""발 후퇴로 상승 펀치 사거리 이탈""}",상대 펀치 사거리 밖으로,추격·로프·전진 반격에 새 스텝 필요,"[""N08_S12""]",두 발의 간격을 보존하며 뒤로 이동,발 후퇴로 상승 펀치 사거리 이탈,"[""S01"", ""S06""]",biomechanical inference
N08_S12,A: Reset · 재정렬,RESET,POSITION,A,N08,"{""distance"": ""mid"", ""stance"": ""OO"", ""foot_position"": ""neutral"", ""angle"": ""head off punching line; body angle not automatic"", ""ring_position"": ""center"", ""space"": {""A"": ""center"", ""B"": ""center"", ""retreat_available"": ""both""}, ""A"": {""head"": ""low → lateral path"", ""weight"": ""exit leg dependent"", ""guard"": ""attacking arm displaced; other hand protection conditional"", ""phase"": ""recovery"", ""arm"": ""lead/variant extended"", ""rotation"": ""punch-specific rotation; magnitude variable"", ""balance"": ""stable"", ""free_hand"": ""both"", ""foot"": ""neutral"", ""bearing"": ""facing opponent""}, ""B"": {""head"": ""outside incoming punch"", ""weight"": ""variant dependent: support/load must be checked"", ""guard"": ""attacking arm displaced; other hand protection conditional"", ""phase"": ""footwork"", ""arm"": ""home"", ""rotation"": ""punch-specific rotation; magnitude variable"", ""balance"": ""stable only after placement; transient step risk"", ""free_hand"": ""both"", ""foot"": ""neutral"", ""bearing"": ""facing opponent""}, ""belief"": {""A"": ""unknown"", ""B"": ""unknown""}, ""target"": ""head / combination variable"", ""phase_window"": ""발 후퇴로 상승 펀치 사거리 이탈""}","{""distance"": ""mid"", ""stance"": ""OO"", ""foot_position"": ""neutral"", ""angle"": ""centerline aligned"", ""ring_position"": ""center"", ""space"": {""A"": ""center"", ""B"": ""center"", ""retreat_available"": ""both""}, ""A"": {""head"": ""center line / guarded"", ""weight"": ""neutral / ready"", ""guard"": ""normal"", ""phase"": ""neutral"", ""arm"": ""home"", ""rotation"": ""none"", ""balance"": ""stable"", ""free_hand"": ""both"", ""foot"": ""neutral"", ""bearing"": ""facing opponent""}, ""B"": {""head"": ""center line / guarded"", ""weight"": ""neutral / ready"", ""guard"": ""normal"", ""phase"": ""neutral"", ""arm"": ""home"", ""rotation"": ""none"", ""balance"": ""stable"", ""free_hand"": ""both"", ""foot"": ""neutral"", ""bearing"": ""facing opponent""}, ""belief"": {""A"": ""unknown"", ""B"": ""unknown""}, ""target"": ""none"", ""phase_window"": ""무리한 어퍼컷 추격 중단""}",새 교환 준비,시간 비용; 상대가 계속 치면 완료 불가,"[""N08_S0""]",손·발·시선·상대 bearing을 다시 맞춤,무리한 어퍼컷 추격 중단,"[""S06""]",biomechanical inference
N09_S0,시작 상태,,STATE,,N09,"{""distance"": ""pocket"", ""stance"": ""OO"", ""foot_position"": ""neutral"", ""angle"": ""centerline aligned"", ""ring_position"": ""center"", ""space"": {""A"": ""center"", ""B"": ""center"", ""retreat_available"": ""both""}, ""A"": {""head"": ""center line"", ""weight"": ""neutral / variant dependent"", ""guard"": ""normal"", ""phase"": ""neutral"", ""arm"": ""home"", ""rotation"": ""none"", ""balance"": ""stable"", ""free_hand"": ""both"", ""foot"": ""neutral"", ""bearing"": ""facing opponent""}, ""B"": {""head"": ""center line"", ""weight"": ""neutral / variant dependent"", ""guard"": ""normal"", ""phase"": ""neutral"", ""arm"": ""home"", ""rotation"": ""none"", ""balance"": ""stable"", ""free_hand"": ""both"", ""foot"": ""neutral"", ""bearing"": ""facing opponent""}, ""belief"": {""A"": ""unknown"", ""B"": ""unknown""}, ""target"": ""none"", ""phase_window"": ""neutral""}","{""distance"": ""pocket"", ""stance"": ""OO"", ""foot_position"": ""neutral"", ""angle"": ""centerline aligned"", ""ring_position"": ""center"", ""space"": {""A"": ""center"", ""B"": ""center"", ""retreat_available"": ""both""}, ""A"": {""head"": ""center line"", ""weight"": ""neutral / variant dependent"", ""guard"": ""normal"", ""phase"": ""neutral"", ""arm"": ""home"", ""rotation"": ""none"", ""balance"": ""stable"", ""free_hand"": ""both"", ""foot"": ""neutral"", ""bearing"": ""facing opponent""}, ""B"": {""head"": ""center line"", ""weight"": ""neutral / variant dependent"", ""guard"": ""normal"", ""phase"": ""neutral"", ""arm"": ""home"", ""rotation"": ""none"", ""balance"": ""stable"", ""free_hand"": ""both"", ""foot"": ""neutral"", ""bearing"": ""facing opponent""}, ""belief"": {""A"": ""unknown"", ""B"": ""unknown""}, ""target"": ""none"", ""phase_window"": ""neutral""}",교환의 전제 확인,중립도 선제 위협에 노출,"[""N09_S1"", ""N10_S0"", ""N11_S0"", ""N24_S0""]",,,,
N09_S1,A: Body hook · 보디 훅,BH,OFFENSE,A,N09,"{""distance"": ""pocket"", ""stance"": ""OO"", ""foot_position"": ""neutral"", ""angle"": ""centerline aligned"", ""ring_position"": ""center"", ""space"": {""A"": ""center"", ""B"": ""center"", ""retreat_available"": ""both""}, ""A"": {""head"": ""center line"", ""weight"": ""neutral / variant dependent"", ""guard"": ""normal"", ""phase"": ""neutral"", ""arm"": ""home"", ""rotation"": ""none"", ""balance"": ""stable"", ""free_hand"": ""both"", ""foot"": ""neutral"", ""bearing"": ""facing opponent""}, ""B"": {""head"": ""center line"", ""weight"": ""neutral / variant dependent"", ""guard"": ""normal"", ""phase"": ""neutral"", ""arm"": ""home"", ""rotation"": ""none"", ""balance"": ""stable"", ""free_hand"": ""both"", ""foot"": ""neutral"", ""bearing"": ""facing opponent""}, ""belief"": {""A"": ""unknown"", ""B"": ""unknown""}, ""target"": ""none"", ""phase_window"": ""neutral""}","{""distance"": ""pocket"", ""stance"": ""OO"", ""foot_position"": ""neutral"", ""angle"": ""centerline aligned"", ""ring_position"": ""center"", ""space"": {""A"": ""center"", ""B"": ""center"", ""retreat_available"": ""both""}, ""A"": {""head"": ""center line"", ""weight"": ""neutral / variant dependent"", ""guard"": ""attacking arm displaced; other hand protection conditional"", ""phase"": ""extension"", ""arm"": ""lead/variant extended"", ""rotation"": ""punch-specific rotation; magnitude variable"", ""balance"": ""stable"", ""free_hand"": ""both"", ""foot"": ""neutral"", ""bearing"": ""facing opponent""}, ""B"": {""head"": ""center line"", ""weight"": ""neutral / variant dependent"", ""guard"": ""normal"", ""phase"": ""neutral"", ""arm"": ""home"", ""rotation"": ""none"", ""balance"": ""stable"", ""free_hand"": ""both"", ""foot"": ""neutral"", ""bearing"": ""facing opponent""}, ""belief"": {""A"": ""unknown"", ""B"": ""unknown""}, ""target"": ""body"", ""phase_window"": ""짧은 보디 훅""}",높은 가드 아래 공격,보디로 손을 보내며 머리 측면이 열릴 수 있음,"[""N09_S2"", ""N09_S9""]",높이를 바꾸고 짧은 훅으로 갈비·복부의 합법 표적,짧은 보디 훅,"[""S03"", ""S16""]",biomechanical inference
N09_S2,B: Elbow body block · 팔꿈치 블록,ELBOW,DEFENSE,B,N09,"{""distance"": ""pocket"", ""stance"": ""OO"", ""foot_position"": ""neutral"", ""angle"": ""centerline aligned"", ""ring_position"": ""center"", ""space"": {""A"": ""center"", ""B"": ""center"", ""retreat_available"": ""both""}, ""A"": {""head"": ""center line"", ""weight"": ""neutral / variant dependent"", ""guard"": ""attacking arm displaced; other hand protection conditional"", ""phase"": ""extension"", ""arm"": ""lead/variant extended"", ""rotation"": ""punch-specific rotation; magnitude variable"", ""balance"": ""stable"", ""free_hand"": ""both"", ""foot"": ""neutral"", ""bearing"": ""facing opponent""}, ""B"": {""head"": ""center line"", ""weight"": ""neutral / variant dependent"", ""guard"": ""normal"", ""phase"": ""neutral"", ""arm"": ""home"", ""rotation"": ""none"", ""balance"": ""stable"", ""free_hand"": ""both"", ""foot"": ""neutral"", ""bearing"": ""facing opponent""}, ""belief"": {""A"": ""unknown"", ""B"": ""unknown""}, ""target"": ""body"", ""phase_window"": ""짧은 보디 훅""}","{""distance"": ""pocket"", ""stance"": ""OO"", ""foot_position"": ""neutral"", ""angle"": ""centerline aligned"", ""ring_position"": ""center"", ""space"": {""A"": ""center"", ""B"": ""center"", ""retreat_available"": ""both""}, ""A"": {""head"": ""center line"", ""weight"": ""neutral / variant dependent"", ""guard"": ""attacking arm displaced; other hand protection conditional"", ""phase"": ""recovery"", ""arm"": ""lead/variant extended"", ""rotation"": ""punch-specific rotation; magnitude variable"", ""balance"": ""stable"", ""free_hand"": ""both"", ""foot"": ""neutral"", ""bearing"": ""facing opponent""}, ""B"": {""head"": ""center line"", ""weight"": ""neutral / variant dependent"", ""guard"": ""head exposed"", ""phase"": ""impact/cover"", ""arm"": ""home"", ""rotation"": ""none"", ""balance"": ""stable"", ""free_hand"": ""both"", ""foot"": ""neutral"", ""bearing"": ""facing opponent""}, ""belief"": {""A"": ""unknown"", ""B"": ""unknown""}, ""target"": ""body"", ""phase_window"": ""같은 쪽 글러브도 내려가는 과반응 분기""}",보디 훅·사선 공격을 팔로 받음,같은 쪽 머리 가드가 실제로 내려가면 head opening,"[""N09_S3""]",팔꿈치를 좁히거나 몸통 회전으로 보디 통로 차단,같은 쪽 글러브도 내려가는 과반응 분기,"[""S01"", ""S16""]",biomechanical inference
N09_S3,A: Lead hook · 앞손 훅,LH,OFFENSE,A,N09,"{""distance"": ""pocket"", ""stance"": ""OO"", ""foot_position"": ""neutral"", ""angle"": ""centerline aligned"", ""ring_position"": ""center"", ""space"": {""A"": ""center"", ""B"": ""center"", ""retreat_available"": ""both""}, ""A"": {""head"": ""center line"", ""weight"": ""neutral / variant dependent"", ""guard"": ""attacking arm displaced; other hand protection conditional"", ""phase"": ""recovery"", ""arm"": ""lead/variant extended"", ""rotation"": ""punch-specific rotation; magnitude variable"", ""balance"": ""stable"", ""free_hand"": ""both"", ""foot"": ""neutral"", ""bearing"": ""facing opponent""}, ""B"": {""head"": ""center line"", ""weight"": ""neutral / variant dependent"", ""guard"": ""head exposed"", ""phase"": ""impact/cover"", ""arm"": ""home"", ""rotation"": ""none"", ""balance"": ""stable"", ""free_hand"": ""both"", ""foot"": ""neutral"", ""bearing"": ""facing opponent""}, ""belief"": {""A"": ""unknown"", ""B"": ""unknown""}, ""target"": ""body"", ""phase_window"": ""같은 쪽 글러브도 내려가는 과반응 분기""}","{""distance"": ""pocket"", ""stance"": ""OO"", ""foot_position"": ""neutral"", ""angle"": ""centerline aligned"", ""ring_position"": ""center"", ""space"": {""A"": ""center"", ""B"": ""center"", ""retreat_available"": ""both""}, ""A"": {""head"": ""center line"", ""weight"": ""neutral / variant dependent"", ""guard"": ""attacking arm displaced; other hand protection conditional"", ""phase"": ""extension"", ""arm"": ""lead/variant extended"", ""rotation"": ""punch-specific rotation; magnitude variable"", ""balance"": ""stable"", ""free_hand"": ""both"", ""foot"": ""neutral"", ""bearing"": ""facing opponent""}, ""B"": {""head"": ""center line"", ""weight"": ""neutral / variant dependent"", ""guard"": ""head exposed"", ""phase"": ""impact/cover"", ""arm"": ""home"", ""rotation"": ""none"", ""balance"": ""stable"", ""free_hand"": ""both"", ""foot"": ""neutral"", ""bearing"": ""facing opponent""}, ""belief"": {""A"": ""unknown"", ""B"": ""unknown""}, ""target"": ""head / combination variable"", ""phase_window"": ""글러브가 복귀하기 전 같은 쪽 머리로 짧게 상승 표적 변경""}",직선 밖 이동한 표적·측면 가드 공략,넓게 돌면 직선 인터셉트와 반대 훅에 노출,"[""N09_S4""]",앞손 곡선으로 옆 표적을 향하고 짧게 회수,글러브가 복귀하기 전 같은 쪽 머리로 짧게 상승 표적 변경,"[""S03""]",biomechanical inference
N09_S4,B: Weave / roll · 위빙·롤,ROLL,DEFENSE,B,N09,"{""distance"": ""pocket"", ""stance"": ""OO"", ""foot_position"": ""neutral"", ""angle"": ""centerline aligned"", ""ring_position"": ""center"", ""space"": {""A"": ""center"", ""B"": ""center"", ""retreat_available"": ""both""}, ""A"": {""head"": ""center line"", ""weight"": ""neutral / variant dependent"", ""guard"": ""attacking arm displaced; other hand protection conditional"", ""phase"": ""extension"", ""arm"": ""lead/variant extended"", ""rotation"": ""punch-specific rotation; magnitude variable"", ""balance"": ""stable"", ""free_hand"": ""both"", ""foot"": ""neutral"", ""bearing"": ""facing opponent""}, ""B"": {""head"": ""center line"", ""weight"": ""neutral / variant dependent"", ""guard"": ""head exposed"", ""phase"": ""impact/cover"", ""arm"": ""home"", ""rotation"": ""none"", ""balance"": ""stable"", ""free_hand"": ""both"", ""foot"": ""neutral"", ""bearing"": ""facing opponent""}, ""belief"": {""A"": ""unknown"", ""B"": ""unknown""}, ""target"": ""head / combination variable"", ""phase_window"": ""글러브가 복귀하기 전 같은 쪽 머리로 짧게 상승 표적 변경""}","{""distance"": ""pocket"", ""stance"": ""OO"", ""foot_position"": ""neutral"", ""angle"": ""centerline aligned"", ""ring_position"": ""center"", ""space"": {""A"": ""center"", ""B"": ""center"", ""retreat_available"": ""both""}, ""A"": {""head"": ""center line"", ""weight"": ""neutral / variant dependent"", ""guard"": ""attacking arm displaced; other hand protection conditional"", ""phase"": ""recovery"", ""arm"": ""lead/variant extended"", ""rotation"": ""punch-specific rotation; magnitude variable"", ""balance"": ""stable"", ""free_hand"": ""both"", ""foot"": ""neutral"", ""bearing"": ""facing opponent""}, ""B"": {""head"": ""low → lateral path"", ""weight"": ""exit leg dependent"", ""guard"": ""head exposed"", ""phase"": ""evasion"", ""arm"": ""home"", ""rotation"": ""roll exit-dependent"", ""balance"": ""stable"", ""free_hand"": ""both"", ""foot"": ""neutral"", ""bearing"": ""facing opponent""}, ""belief"": {""A"": ""unknown"", ""B"": ""unknown""}, ""target"": ""head / combination variable"", ""phase_window"": ""머리 훅 궤도 아래 옆으로""}",높은 훅 아래를 지나 측면으로 나옴,반복 경로·허리 굽힘·다음 낮은 공격,"[""N09_S5""]",무릎·몸통으로 U형 또는 곡선 머리 이동,머리 훅 궤도 아래 옆으로,"[""S01"", ""S08"", ""S09""]",biomechanical inference
N09_S5,B: Rear uppercut · 뒷손 어퍼컷,RU,OFFENSE,B,N09,"{""distance"": ""pocket"", ""stance"": ""OO"", ""foot_position"": ""neutral"", ""angle"": ""centerline aligned"", ""ring_position"": ""center"", ""space"": {""A"": ""center"", ""B"": ""center"", ""retreat_available"": ""both""}, ""A"": {""head"": ""center line"", ""weight"": ""neutral / variant dependent"", ""guard"": ""attacking arm displaced; other hand protection conditional"", ""phase"": ""recovery"", ""arm"": ""lead/variant extended"", ""rotation"": ""punch-specific rotation; magnitude variable"", ""balance"": ""stable"", ""free_hand"": ""both"", ""foot"": ""neutral"", ""bearing"": ""facing opponent""}, ""B"": {""head"": ""low → lateral path"", ""weight"": ""exit leg dependent"", ""guard"": ""head exposed"", ""phase"": ""evasion"", ""arm"": ""home"", ""rotation"": ""roll exit-dependent"", ""balance"": ""stable"", ""free_hand"": ""both"", ""foot"": ""neutral"", ""bearing"": ""facing opponent""}, ""belief"": {""A"": ""unknown"", ""B"": ""unknown""}, ""target"": ""head / combination variable"", ""phase_window"": ""머리 훅 궤도 아래 옆으로""}","{""distance"": ""pocket"", ""stance"": ""OO"", ""foot_position"": ""neutral"", ""angle"": ""centerline aligned"", ""ring_position"": ""center"", ""space"": {""A"": ""center"", ""B"": ""center"", ""retreat_available"": ""both""}, ""A"": {""head"": ""center line"", ""weight"": ""neutral / variant dependent"", ""guard"": ""attacking arm displaced; other hand protection conditional"", ""phase"": ""recovery"", ""arm"": ""lead/variant extended"", ""rotation"": ""punch-specific rotation; magnitude variable"", ""balance"": ""stable"", ""free_hand"": ""both"", ""foot"": ""neutral"", ""bearing"": ""facing opponent""}, ""B"": {""head"": ""low → lateral path"", ""weight"": ""exit leg dependent"", ""guard"": ""attacking arm displaced; other hand protection conditional"", ""phase"": ""extension"", ""arm"": ""rear extended"", ""rotation"": ""punch-specific rotation; magnitude variable"", ""balance"": ""stable"", ""free_hand"": ""both"", ""foot"": ""neutral"", ""bearing"": ""facing opponent""}, ""belief"": {""A"": ""unknown"", ""B"": ""unknown""}, ""target"": ""head / combination variable"", ""phase_window"": ""롤 후 중앙 표적이 남고 사거리""}",팔 사이 중앙 표적·낮은 진입 공략,준비 때 손을 내리면 훅·직선에 노출,"[""N09_S6""]",뒷손을 상승 곡선으로 보냄,롤 후 중앙 표적이 남고 사거리,"[""S03""]",biomechanical inference
N09_S6,A: Block · 블록,BLOCK,DEFENSE,A,N09,"{""distance"": ""pocket"", ""stance"": ""OO"", ""foot_position"": ""neutral"", ""angle"": ""centerline aligned"", ""ring_position"": ""center"", ""space"": {""A"": ""center"", ""B"": ""center"", ""retreat_available"": ""both""}, ""A"": {""head"": ""center line"", ""weight"": ""neutral / variant dependent"", ""guard"": ""attacking arm displaced; other hand protection conditional"", ""phase"": ""recovery"", ""arm"": ""lead/variant extended"", ""rotation"": ""punch-specific rotation; magnitude variable"", ""balance"": ""stable"", ""free_hand"": ""both"", ""foot"": ""neutral"", ""bearing"": ""facing opponent""}, ""B"": {""head"": ""low → lateral path"", ""weight"": ""exit leg dependent"", ""guard"": ""attacking arm displaced; other hand protection conditional"", ""phase"": ""extension"", ""arm"": ""rear extended"", ""rotation"": ""punch-specific rotation; magnitude variable"", ""balance"": ""stable"", ""free_hand"": ""both"", ""foot"": ""neutral"", ""bearing"": ""facing opponent""}, ""belief"": {""A"": ""unknown"", ""B"": ""unknown""}, ""target"": ""head / combination variable"", ""phase_window"": ""롤 후 중앙 표적이 남고 사거리""}","{""distance"": ""pocket"", ""stance"": ""OO"", ""foot_position"": ""neutral"", ""angle"": ""centerline aligned"", ""ring_position"": ""center"", ""space"": {""A"": ""center"", ""B"": ""center"", ""retreat_available"": ""both""}, ""A"": {""head"": ""center line"", ""weight"": ""neutral / variant dependent"", ""guard"": ""target-specific block"", ""phase"": ""impact/cover"", ""arm"": ""home"", ""rotation"": ""punch-specific rotation; magnitude variable"", ""balance"": ""stable"", ""free_hand"": ""both"", ""foot"": ""neutral"", ""bearing"": ""facing opponent""}, ""B"": {""head"": ""low → lateral path"", ""weight"": ""exit leg dependent"", ""guard"": ""attacking arm displaced; other hand protection conditional"", ""phase"": ""recovery"", ""arm"": ""rear extended"", ""rotation"": ""punch-specific rotation; magnitude variable"", ""balance"": ""stable"", ""free_hand"": ""both"", ""foot"": ""neutral"", ""bearing"": ""facing opponent""}, ""belief"": {""A"": ""unknown"", ""B"": ""unknown""}, ""target"": ""head / combination variable"", ""phase_window"": ""팔 사이 중앙 통로를 닫음""}",머리·보디 맞교환을 제한,충격·다른 표적 열림·고정 방어 읽힘,"[""N09_S7""]",팔·글러브로 예상 공격 통로를 닫음,팔 사이 중앙 통로를 닫음,"[""S01"", ""S02""]",biomechanical inference
N09_S7,A: Pivot · 피벗,PIVOT,POSITION,A,N09,"{""distance"": ""pocket"", ""stance"": ""OO"", ""foot_position"": ""neutral"", ""angle"": ""centerline aligned"", ""ring_position"": ""center"", ""space"": {""A"": ""center"", ""B"": ""center"", ""retreat_available"": ""both""}, ""A"": {""head"": ""center line"", ""weight"": ""neutral / variant dependent"", ""guard"": ""target-specific block"", ""phase"": ""impact/cover"", ""arm"": ""home"", ""rotation"": ""punch-specific rotation; magnitude variable"", ""balance"": ""stable"", ""free_hand"": ""both"", ""foot"": ""neutral"", ""bearing"": ""facing opponent""}, ""B"": {""head"": ""low → lateral path"", ""weight"": ""exit leg dependent"", ""guard"": ""attacking arm displaced; other hand protection conditional"", ""phase"": ""recovery"", ""arm"": ""rear extended"", ""rotation"": ""punch-specific rotation; magnitude variable"", ""balance"": ""stable"", ""free_hand"": ""both"", ""foot"": ""neutral"", ""bearing"": ""facing opponent""}, ""belief"": {""A"": ""unknown"", ""B"": ""unknown""}, ""target"": ""head / combination variable"", ""phase_window"": ""팔 사이 중앙 통로를 닫음""}","{""distance"": ""pocket"", ""stance"": ""OO"", ""foot_position"": ""angle candidate"", ""angle"": ""off-line candidate; opponent may reorient"", ""ring_position"": ""center"", ""space"": {""A"": ""center"", ""B"": ""center"", ""retreat_available"": ""both""}, ""A"": {""head"": ""center line"", ""weight"": ""neutral / variant dependent"", ""guard"": ""target-specific block"", ""phase"": ""footwork"", ""arm"": ""home"", ""rotation"": ""punch-specific rotation; magnitude variable"", ""balance"": ""stable only after placement; transient step risk"", ""free_hand"": ""both"", ""foot"": ""neutral"", ""bearing"": ""reoriented toward opponent; conditional completion""}, ""B"": {""head"": ""low → lateral path"", ""weight"": ""exit leg dependent"", ""guard"": ""attacking arm displaced; other hand protection conditional"", ""phase"": ""recovery"", ""arm"": ""rear extended"", ""rotation"": ""punch-specific rotation; magnitude variable"", ""balance"": ""stable"", ""free_hand"": ""both"", ""foot"": ""neutral"", ""bearing"": ""facing opponent""}, ""belief"": {""A"": ""unknown"", ""B"": ""unknown""}, ""target"": ""head / combination variable"", ""phase_window"": ""발 퇴로 확보""}",공격선 옆각도·출구 확보,축발 막힘·과회전·상대가 같이 돌기,"[""N09_S8""]",지지발 주위로 다른 발과 몸을 재지향,발 퇴로 확보,"[""S06""]",biomechanical inference
N09_S8,B: Reset · 재정렬,RESET,POSITION,B,N09,"{""distance"": ""pocket"", ""stance"": ""OO"", ""foot_position"": ""angle candidate"", ""angle"": ""off-line candidate; opponent may reorient"", ""ring_position"": ""center"", ""space"": {""A"": ""center"", ""B"": ""center"", ""retreat_available"": ""both""}, ""A"": {""head"": ""center line"", ""weight"": ""neutral / variant dependent"", ""guard"": ""target-specific block"", ""phase"": ""footwork"", ""arm"": ""home"", ""rotation"": ""punch-specific rotation; magnitude variable"", ""balance"": ""stable only after placement; transient step risk"", ""free_hand"": ""both"", ""foot"": ""neutral"", ""bearing"": ""reoriented toward opponent; conditional completion""}, ""B"": {""head"": ""low → lateral path"", ""weight"": ""exit leg dependent"", ""guard"": ""attacking arm displaced; other hand protection conditional"", ""phase"": ""recovery"", ""arm"": ""rear extended"", ""rotation"": ""punch-specific rotation; magnitude variable"", ""balance"": ""stable"", ""free_hand"": ""both"", ""foot"": ""neutral"", ""bearing"": ""facing opponent""}, ""belief"": {""A"": ""unknown"", ""B"": ""unknown""}, ""target"": ""head / combination variable"", ""phase_window"": ""발 퇴로 확보""}","{""distance"": ""pocket"", ""stance"": ""OO"", ""foot_position"": ""neutral"", ""angle"": ""centerline aligned"", ""ring_position"": ""center"", ""space"": {""A"": ""center"", ""B"": ""center"", ""retreat_available"": ""both""}, ""A"": {""head"": ""center line / guarded"", ""weight"": ""neutral / ready"", ""guard"": ""normal"", ""phase"": ""neutral"", ""arm"": ""home"", ""rotation"": ""none"", ""balance"": ""stable"", ""free_hand"": ""both"", ""foot"": ""neutral"", ""bearing"": ""facing opponent""}, ""B"": {""head"": ""center line / guarded"", ""weight"": ""neutral / ready"", ""guard"": ""normal"", ""phase"": ""neutral"", ""arm"": ""home"", ""rotation"": ""none"", ""balance"": ""stable"", ""free_hand"": ""both"", ""foot"": ""neutral"", ""bearing"": ""facing opponent""}, ""belief"": {""A"": ""unknown"", ""B"": ""unknown""}, ""target"": ""none"", ""phase_window"": ""상대 재지향""}",새 교환 준비,시간 비용; 상대가 계속 치면 완료 불가,"[""N09_S0""]",손·발·시선·상대 bearing을 다시 맞춤,상대 재지향,"[""S06""]",biomechanical inference
N09_S9,B: Elbow body block · 팔꿈치 블록,ELBOW,DEFENSE,B,N09,"{""distance"": ""pocket"", ""stance"": ""OO"", ""foot_position"": ""neutral"", ""angle"": ""centerline aligned"", ""ring_position"": ""center"", ""space"": {""A"": ""center"", ""B"": ""center"", ""retreat_available"": ""both""}, ""A"": {""head"": ""center line"", ""weight"": ""neutral / variant dependent"", ""guard"": ""attacking arm displaced; other hand protection conditional"", ""phase"": ""extension"", ""arm"": ""lead/variant extended"", ""rotation"": ""punch-specific rotation; magnitude variable"", ""balance"": ""stable"", ""free_hand"": ""both"", ""foot"": ""neutral"", ""bearing"": ""facing opponent""}, ""B"": {""head"": ""center line"", ""weight"": ""neutral / variant dependent"", ""guard"": ""normal"", ""phase"": ""neutral"", ""arm"": ""home"", ""rotation"": ""none"", ""balance"": ""stable"", ""free_hand"": ""both"", ""foot"": ""neutral"", ""bearing"": ""facing opponent""}, ""belief"": {""A"": ""unknown"", ""B"": ""unknown""}, ""target"": ""body"", ""phase_window"": ""짧은 보디 훅""}","{""distance"": ""pocket"", ""stance"": ""OO"", ""foot_position"": ""neutral"", ""angle"": ""centerline aligned"", ""ring_position"": ""center"", ""space"": {""A"": ""center"", ""B"": ""center"", ""retreat_available"": ""both""}, ""A"": {""head"": ""center line"", ""weight"": ""neutral / variant dependent"", ""guard"": ""attacking arm displaced; other hand protection conditional"", ""phase"": ""recovery"", ""arm"": ""lead/variant extended"", ""rotation"": ""punch-specific rotation; magnitude variable"", ""balance"": ""stable"", ""free_hand"": ""both"", ""foot"": ""neutral"", ""bearing"": ""facing opponent""}, ""B"": {""head"": ""center line"", ""weight"": ""neutral / variant dependent"", ""guard"": ""elbow tucked; head glove conditional"", ""phase"": ""impact/cover"", ""arm"": ""home"", ""rotation"": ""none"", ""balance"": ""stable"", ""free_hand"": ""both"", ""foot"": ""neutral"", ""bearing"": ""facing opponent""}, ""belief"": {""A"": ""unknown"", ""B"": ""unknown""}, ""target"": ""body"", ""phase_window"": ""팔꿈치만 닫고 머리 글러브 유지""}",보디 훅·사선 공격을 팔로 받음,같은 쪽 머리 가드가 실제로 내려가면 head opening,"[""N09_S10""]",팔꿈치를 좁히거나 몸통 회전으로 보디 통로 차단,팔꿈치만 닫고 머리 글러브 유지,"[""S01"", ""S16""]",biomechanical inference
N09_S10,B: Counter hook · 카운터 훅,CH,COUNTER,B,N09,"{""distance"": ""pocket"", ""stance"": ""OO"", ""foot_position"": ""neutral"", ""angle"": ""centerline aligned"", ""ring_position"": ""center"", ""space"": {""A"": ""center"", ""B"": ""center"", ""retreat_available"": ""both""}, ""A"": {""head"": ""center line"", ""weight"": ""neutral / variant dependent"", ""guard"": ""attacking arm displaced; other hand protection conditional"", ""phase"": ""recovery"", ""arm"": ""lead/variant extended"", ""rotation"": ""punch-specific rotation; magnitude variable"", ""balance"": ""stable"", ""free_hand"": ""both"", ""foot"": ""neutral"", ""bearing"": ""facing opponent""}, ""B"": {""head"": ""center line"", ""weight"": ""neutral / variant dependent"", ""guard"": ""elbow tucked; head glove conditional"", ""phase"": ""impact/cover"", ""arm"": ""home"", ""rotation"": ""none"", ""balance"": ""stable"", ""free_hand"": ""both"", ""foot"": ""neutral"", ""bearing"": ""facing opponent""}, ""belief"": {""A"": ""unknown"", ""B"": ""unknown""}, ""target"": ""body"", ""phase_window"": ""팔꿈치만 닫고 머리 글러브 유지""}","{""distance"": ""pocket"", ""stance"": ""OO"", ""foot_position"": ""neutral"", ""angle"": ""centerline aligned"", ""ring_position"": ""center"", ""space"": {""A"": ""center"", ""B"": ""center"", ""retreat_available"": ""both""}, ""A"": {""head"": ""center line"", ""weight"": ""neutral / variant dependent"", ""guard"": ""attacking arm displaced; other hand protection conditional"", ""phase"": ""recovery"", ""arm"": ""lead/variant extended"", ""rotation"": ""punch-specific rotation; magnitude variable"", ""balance"": ""stable"", ""free_hand"": ""both"", ""foot"": ""neutral"", ""bearing"": ""facing opponent""}, ""B"": {""head"": ""center line"", ""weight"": ""neutral / variant dependent"", ""guard"": ""attacking arm displaced; other hand protection conditional"", ""phase"": ""extension"", ""arm"": ""lead/variant extended"", ""rotation"": ""punch-specific rotation; magnitude variable"", ""balance"": ""stable"", ""free_hand"": ""both"", ""foot"": ""neutral"", ""bearing"": ""facing opponent""}, ""belief"": {""A"": ""unknown"", ""B"": ""unknown""}, ""target"": ""head / combination variable"", ""phase_window"": ""A 보디 펀치 팔 회수 중 머리 측면 도달""}",직선 복귀·측면 노출 활용,"짧은 사거리, 반대 손 카운터","[""N09_S11""]",방어로 생긴 측면 표적을 짧게 공격,A 보디 펀치 팔 회수 중 머리 측면 도달,"[""S03"", ""S16""]",biomechanical inference
N09_S11,A: High guard · 하이 가드,HG,DEFENSE,A,N09,"{""distance"": ""pocket"", ""stance"": ""OO"", ""foot_position"": ""neutral"", ""angle"": ""centerline aligned"", ""ring_position"": ""center"", ""space"": {""A"": ""center"", ""B"": ""center"", ""retreat_available"": ""both""}, ""A"": {""head"": ""center line"", ""weight"": ""neutral / variant dependent"", ""guard"": ""attacking arm displaced; other hand protection conditional"", ""phase"": ""recovery"", ""arm"": ""lead/variant extended"", ""rotation"": ""punch-specific rotation; magnitude variable"", ""balance"": ""stable"", ""free_hand"": ""both"", ""foot"": ""neutral"", ""bearing"": ""facing opponent""}, ""B"": {""head"": ""center line"", ""weight"": ""neutral / variant dependent"", ""guard"": ""attacking arm displaced; other hand protection conditional"", ""phase"": ""extension"", ""arm"": ""lead/variant extended"", ""rotation"": ""punch-specific rotation; magnitude variable"", ""balance"": ""stable"", ""free_hand"": ""both"", ""foot"": ""neutral"", ""bearing"": ""facing opponent""}, ""belief"": {""A"": ""unknown"", ""B"": ""unknown""}, ""target"": ""head / combination variable"", ""phase_window"": ""A 보디 펀치 팔 회수 중 머리 측면 도달""}","{""distance"": ""pocket"", ""stance"": ""OO"", ""foot_position"": ""neutral"", ""angle"": ""centerline aligned"", ""ring_position"": ""center"", ""space"": {""A"": ""center"", ""B"": ""center"", ""retreat_available"": ""both""}, ""A"": {""head"": ""center line"", ""weight"": ""neutral / variant dependent"", ""guard"": ""high guard; body cover elbow-dependent"", ""phase"": ""impact/cover"", ""arm"": ""home"", ""rotation"": ""punch-specific rotation; magnitude variable"", ""balance"": ""stable"", ""free_hand"": ""both"", ""foot"": ""neutral"", ""bearing"": ""facing opponent""}, ""B"": {""head"": ""center line"", ""weight"": ""neutral / variant dependent"", ""guard"": ""attacking arm displaced; other hand protection conditional"", ""phase"": ""recovery"", ""arm"": ""lead/variant extended"", ""rotation"": ""punch-specific rotation; magnitude variable"", ""balance"": ""stable"", ""free_hand"": ""both"", ""foot"": ""neutral"", ""bearing"": ""facing opponent""}, ""belief"": {""A"": ""unknown"", ""B"": ""unknown""}, ""target"": ""head / combination variable"", ""phase_window"": ""가드 먼저 올림""}",측면·직선 타격 면적을 일부 가림,시야·보디·기동성 제한; 충격 전달 가능,"[""N09_S12""]",글러브·팔을 머리 주변에 압축,가드 먼저 올림,"[""S01"", ""S02""]",biomechanical inference
N09_S12,A: Shovel hook · 쇼벨 훅,SHOVEL,OFFENSE,A,N09,"{""distance"": ""pocket"", ""stance"": ""OO"", ""foot_position"": ""neutral"", ""angle"": ""centerline aligned"", ""ring_position"": ""center"", ""space"": {""A"": ""center"", ""B"": ""center"", ""retreat_available"": ""both""}, ""A"": {""head"": ""center line"", ""weight"": ""neutral / variant dependent"", ""guard"": ""high guard; body cover elbow-dependent"", ""phase"": ""impact/cover"", ""arm"": ""home"", ""rotation"": ""punch-specific rotation; magnitude variable"", ""balance"": ""stable"", ""free_hand"": ""both"", ""foot"": ""neutral"", ""bearing"": ""facing opponent""}, ""B"": {""head"": ""center line"", ""weight"": ""neutral / variant dependent"", ""guard"": ""attacking arm displaced; other hand protection conditional"", ""phase"": ""recovery"", ""arm"": ""lead/variant extended"", ""rotation"": ""punch-specific rotation; magnitude variable"", ""balance"": ""stable"", ""free_hand"": ""both"", ""foot"": ""neutral"", ""bearing"": ""facing opponent""}, ""belief"": {""A"": ""unknown"", ""B"": ""unknown""}, ""target"": ""head / combination variable"", ""phase_window"": ""가드 먼저 올림""}","{""distance"": ""pocket"", ""stance"": ""OO"", ""foot_position"": ""neutral"", ""angle"": ""centerline aligned"", ""ring_position"": ""center"", ""space"": {""A"": ""center"", ""B"": ""center"", ""retreat_available"": ""both""}, ""A"": {""head"": ""center line"", ""weight"": ""neutral / variant dependent"", ""guard"": ""attacking arm displaced; other hand protection conditional"", ""phase"": ""extension"", ""arm"": ""lead/variant extended"", ""rotation"": ""punch-specific rotation; magnitude variable"", ""balance"": ""stable"", ""free_hand"": ""both"", ""foot"": ""neutral"", ""bearing"": ""facing opponent""}, ""B"": {""head"": ""center line"", ""weight"": ""neutral / variant dependent"", ""guard"": ""attacking arm displaced; other hand protection conditional"", ""phase"": ""recovery"", ""arm"": ""lead/variant extended"", ""rotation"": ""punch-specific rotation; magnitude variable"", ""balance"": ""stable"", ""free_hand"": ""both"", ""foot"": ""neutral"", ""bearing"": ""facing opponent""}, ""belief"": {""A"": ""unknown"", ""B"": ""unknown""}, ""target"": ""body"", ""phase_window"": ""B 팔꿈치와 가드 사이 사선 틈이 실제 존재""}",팔꿈치와 중앙 가드 사이 틈 공략,각도·높이 틀리면 팔꿈치에 막힘,"[""N09_S13""]",훅과 어퍼컷 사이 사선 궤도,B 팔꿈치와 가드 사이 사선 틈이 실제 존재,"[""S03""]",biomechanical inference
N09_S13,B: Smother · 펀치 공간 압축,SMOTHER,DEFENSE,B,N09,"{""distance"": ""pocket"", ""stance"": ""OO"", ""foot_position"": ""neutral"", ""angle"": ""centerline aligned"", ""ring_position"": ""center"", ""space"": {""A"": ""center"", ""B"": ""center"", ""retreat_available"": ""both""}, ""A"": {""head"": ""center line"", ""weight"": ""neutral / variant dependent"", ""guard"": ""attacking arm displaced; other hand protection conditional"", ""phase"": ""extension"", ""arm"": ""lead/variant extended"", ""rotation"": ""punch-specific rotation; magnitude variable"", ""balance"": ""stable"", ""free_hand"": ""both"", ""foot"": ""neutral"", ""bearing"": ""facing opponent""}, ""B"": {""head"": ""center line"", ""weight"": ""neutral / variant dependent"", ""guard"": ""attacking arm displaced; other hand protection conditional"", ""phase"": ""recovery"", ""arm"": ""lead/variant extended"", ""rotation"": ""punch-specific rotation; magnitude variable"", ""balance"": ""stable"", ""free_hand"": ""both"", ""foot"": ""neutral"", ""bearing"": ""facing opponent""}, ""belief"": {""A"": ""unknown"", ""B"": ""unknown""}, ""target"": ""body"", ""phase_window"": ""B 팔꿈치와 가드 사이 사선 틈이 실제 존재""}","{""distance"": ""clinch"", ""stance"": ""OO"", ""foot_position"": ""neutral"", ""angle"": ""centerline aligned"", ""ring_position"": ""center"", ""space"": {""A"": ""center"", ""B"": ""center"", ""retreat_available"": ""both""}, ""A"": {""head"": ""center line"", ""weight"": ""neutral / variant dependent"", ""guard"": ""attacking arm displaced; other hand protection conditional"", ""phase"": ""recovery"", ""arm"": ""lead/variant extended"", ""rotation"": ""punch-specific rotation; magnitude variable"", ""balance"": ""stable"", ""free_hand"": ""both"", ""foot"": ""neutral"", ""bearing"": ""facing opponent""}, ""B"": {""head"": ""center line"", ""weight"": ""neutral / variant dependent"", ""guard"": ""attacking arm displaced; other hand protection conditional"", ""phase"": ""contact"", ""arm"": ""contact / restriction dependent"", ""rotation"": ""punch-specific rotation; magnitude variable"", ""balance"": ""stable"", ""free_hand"": ""both"", ""foot"": ""neutral"", ""bearing"": ""facing opponent""}, ""belief"": {""A"": ""unknown"", ""B"": ""unknown""}, ""target"": ""short legal targets only; no holding-and-hitting"", ""phase_window"": ""궤도가 완성되기 전 압축""}",긴 궤적의 완전 신전 방해,짧은 훅·어퍼컷·머리 충돌·위치 상실,"[""N09_S14""]",몸과 발로 너무 가까운 거리까지 압축,궤도가 완성되기 전 압축,"[""S06"", ""S17""]",biomechanical inference
N09_S14,A: Clinch · 클린치 국면,CLINCH,DEFENSE,A,N09,"{""distance"": ""clinch"", ""stance"": ""OO"", ""foot_position"": ""neutral"", ""angle"": ""centerline aligned"", ""ring_position"": ""center"", ""space"": {""A"": ""center"", ""B"": ""center"", ""retreat_available"": ""both""}, ""A"": {""head"": ""center line"", ""weight"": ""neutral / variant dependent"", ""guard"": ""attacking arm displaced; other hand protection conditional"", ""phase"": ""recovery"", ""arm"": ""lead/variant extended"", ""rotation"": ""punch-specific rotation; magnitude variable"", ""balance"": ""stable"", ""free_hand"": ""both"", ""foot"": ""neutral"", ""bearing"": ""facing opponent""}, ""B"": {""head"": ""center line"", ""weight"": ""neutral / variant dependent"", ""guard"": ""attacking arm displaced; other hand protection conditional"", ""phase"": ""contact"", ""arm"": ""contact / restriction dependent"", ""rotation"": ""punch-specific rotation; magnitude variable"", ""balance"": ""stable"", ""free_hand"": ""both"", ""foot"": ""neutral"", ""bearing"": ""facing opponent""}, ""belief"": {""A"": ""unknown"", ""B"": ""unknown""}, ""target"": ""short legal targets only; no holding-and-hitting"", ""phase_window"": ""궤도가 완성되기 전 압축""}","{""distance"": ""clinch"", ""stance"": ""OO"", ""foot_position"": ""neutral"", ""angle"": ""centerline aligned"", ""ring_position"": ""center"", ""space"": {""A"": ""center"", ""B"": ""center"", ""retreat_available"": ""both""}, ""A"": {""head"": ""center line"", ""weight"": ""neutral / variant dependent"", ""guard"": ""attacking arm displaced; other hand protection conditional"", ""phase"": ""contact"", ""arm"": ""contact / restriction dependent"", ""rotation"": ""punch-specific rotation; magnitude variable"", ""balance"": ""stable"", ""free_hand"": ""both"", ""foot"": ""neutral"", ""bearing"": ""facing opponent""}, ""B"": {""head"": ""center line"", ""weight"": ""neutral / variant dependent"", ""guard"": ""attacking arm displaced; other hand protection conditional"", ""phase"": ""contact"", ""arm"": ""contact / restriction dependent"", ""rotation"": ""punch-specific rotation; magnitude variable"", ""balance"": ""stable"", ""free_hand"": ""both"", ""foot"": ""neutral"", ""bearing"": ""facing opponent""}, ""belief"": {""A"": ""unknown"", ""B"": ""unknown""}, ""target"": ""short legal targets only; no holding-and-hitting"", ""phase_window"": ""짧은 교환 중단""}",긴 펀치 공간 감소,짧은 자유손·심판 break·홀딩 반칙,"[""N09_S15""]",밀착·팔 얽힘으로 교환이 중단되는 국면,짧은 교환 중단,"[""S17""]",biomechanical inference
N09_S15,B: Referee break · 심판 분리,BREAK,POSITION,B,N09,"{""distance"": ""clinch"", ""stance"": ""OO"", ""foot_position"": ""neutral"", ""angle"": ""centerline aligned"", ""ring_position"": ""center"", ""space"": {""A"": ""center"", ""B"": ""center"", ""retreat_available"": ""both""}, ""A"": {""head"": ""center line"", ""weight"": ""neutral / variant dependent"", ""guard"": ""attacking arm displaced; other hand protection conditional"", ""phase"": ""contact"", ""arm"": ""contact / restriction dependent"", ""rotation"": ""punch-specific rotation; magnitude variable"", ""balance"": ""stable"", ""free_hand"": ""both"", ""foot"": ""neutral"", ""bearing"": ""facing opponent""}, ""B"": {""head"": ""center line"", ""weight"": ""neutral / variant dependent"", ""guard"": ""attacking arm displaced; other hand protection conditional"", ""phase"": ""contact"", ""arm"": ""contact / restriction dependent"", ""rotation"": ""punch-specific rotation; magnitude variable"", ""balance"": ""stable"", ""free_hand"": ""both"", ""foot"": ""neutral"", ""bearing"": ""facing opponent""}, ""belief"": {""A"": ""unknown"", ""B"": ""unknown""}, ""target"": ""short legal targets only; no holding-and-hitting"", ""phase_window"": ""짧은 교환 중단""}","{""distance"": ""long"", ""stance"": ""OO"", ""foot_position"": ""neutral"", ""angle"": ""centerline aligned"", ""ring_position"": ""center"", ""space"": {""A"": ""center"", ""B"": ""center"", ""retreat_available"": ""both""}, ""A"": {""head"": ""center line / guarded"", ""weight"": ""neutral / ready"", ""guard"": ""normal"", ""phase"": ""neutral"", ""arm"": ""home"", ""rotation"": ""none"", ""balance"": ""stable"", ""free_hand"": ""both"", ""foot"": ""neutral"", ""bearing"": ""facing opponent""}, ""B"": {""head"": ""center line / guarded"", ""weight"": ""neutral / ready"", ""guard"": ""normal"", ""phase"": ""neutral"", ""arm"": ""home"", ""rotation"": ""none"", ""balance"": ""stable"", ""free_hand"": ""both"", ""foot"": ""neutral"", ""bearing"": ""facing opponent""}, ""belief"": {""A"": ""unknown"", ""B"": ""unknown""}, ""target"": ""none"", ""phase_window"": ""합법 재개""}",밀착 국면에서 합법 새 거리,주도권·공간이 바뀜; break 중 공격 금지,"[""N09_S0""]",지시에 따라 분리·재개까지 타격 보류,합법 재개,"[""S17""]",biomechanical inference
N10_S0,시작 상태,,STATE,,N10,"{""distance"": ""mid"", ""stance"": ""OO"", ""foot_position"": ""neutral"", ""angle"": ""centerline aligned"", ""ring_position"": ""center"", ""space"": {""A"": ""center"", ""B"": ""center"", ""retreat_available"": ""both""}, ""A"": {""head"": ""center line"", ""weight"": ""neutral / variant dependent"", ""guard"": ""normal"", ""phase"": ""neutral"", ""arm"": ""home"", ""rotation"": ""none"", ""balance"": ""stable"", ""free_hand"": ""both"", ""foot"": ""neutral"", ""bearing"": ""facing opponent""}, ""B"": {""head"": ""center line"", ""weight"": ""neutral / variant dependent"", ""guard"": ""normal"", ""phase"": ""neutral"", ""arm"": ""home"", ""rotation"": ""none"", ""balance"": ""stable"", ""free_hand"": ""both"", ""foot"": ""neutral"", ""bearing"": ""facing opponent""}, ""belief"": {""A"": ""unknown"", ""B"": ""unknown""}, ""target"": ""none"", ""phase_window"": ""neutral""}","{""distance"": ""mid"", ""stance"": ""OO"", ""foot_position"": ""neutral"", ""angle"": ""centerline aligned"", ""ring_position"": ""center"", ""space"": {""A"": ""center"", ""B"": ""center"", ""retreat_available"": ""both""}, ""A"": {""head"": ""center line"", ""weight"": ""neutral / variant dependent"", ""guard"": ""normal"", ""phase"": ""neutral"", ""arm"": ""home"", ""rotation"": ""none"", ""balance"": ""stable"", ""free_hand"": ""both"", ""foot"": ""neutral"", ""bearing"": ""facing opponent""}, ""B"": {""head"": ""center line"", ""weight"": ""neutral / variant dependent"", ""guard"": ""normal"", ""phase"": ""neutral"", ""arm"": ""home"", ""rotation"": ""none"", ""balance"": ""stable"", ""free_hand"": ""both"", ""foot"": ""neutral"", ""bearing"": ""facing opponent""}, ""belief"": {""A"": ""unknown"", ""B"": ""unknown""}, ""target"": ""none"", ""phase_window"": ""neutral""}",교환의 전제 확인,중립도 선제 위협에 노출,"[""N10_S1"", ""N01_S0"", ""N03_S0"", ""N09_S0"", ""N11_S0"", ""N24_S0""]",,,,
N10_S1,A: Combination continuation · 콤비네이션 지속,COMBO,OFFENSE,A,N10,"{""distance"": ""mid"", ""stance"": ""OO"", ""foot_position"": ""neutral"", ""angle"": ""centerline aligned"", ""ring_position"": ""center"", ""space"": {""A"": ""center"", ""B"": ""center"", ""retreat_available"": ""both""}, ""A"": {""head"": ""center line"", ""weight"": ""neutral / variant dependent"", ""guard"": ""normal"", ""phase"": ""neutral"", ""arm"": ""home"", ""rotation"": ""none"", ""balance"": ""stable"", ""free_hand"": ""both"", ""foot"": ""neutral"", ""bearing"": ""facing opponent""}, ""B"": {""head"": ""center line"", ""weight"": ""neutral / variant dependent"", ""guard"": ""normal"", ""phase"": ""neutral"", ""arm"": ""home"", ""rotation"": ""none"", ""balance"": ""stable"", ""free_hand"": ""both"", ""foot"": ""neutral"", ""bearing"": ""facing opponent""}, ""belief"": {""A"": ""unknown"", ""B"": ""unknown""}, ""target"": ""none"", ""phase_window"": ""neutral""}","{""distance"": ""mid"", ""stance"": ""OO"", ""foot_position"": ""neutral"", ""angle"": ""centerline aligned"", ""ring_position"": ""center"", ""space"": {""A"": ""center"", ""B"": ""center"", ""retreat_available"": ""both""}, ""A"": {""head"": ""center line"", ""weight"": ""neutral / variant dependent"", ""guard"": ""attacking arm displaced; other hand protection conditional"", ""phase"": ""extension"", ""arm"": ""lead/variant extended"", ""rotation"": ""none"", ""balance"": ""stable"", ""free_hand"": ""both"", ""foot"": ""neutral"", ""bearing"": ""facing opponent""}, ""B"": {""head"": ""center line"", ""weight"": ""neutral / variant dependent"", ""guard"": ""normal"", ""phase"": ""neutral"", ""arm"": ""home"", ""rotation"": ""none"", ""balance"": ""stable"", ""free_hand"": ""both"", ""foot"": ""neutral"", ""bearing"": ""facing opponent""}, ""belief"": {""A"": ""unknown"", ""B"": ""unknown""}, ""target"": ""head / combination variable"", ""phase_window"": ""잽–크로스의 머리 위협""}",한 방어가 다음 방어 준비를 방해할 때 이용,고정 순서로 계속하면 인터셉트·각도 탈출 허용,"[""N10_S2""]",상대 반응을 보며 표적·궤적·박자를 연결,잽–크로스의 머리 위협,"[""S06""]",biomechanical inference
N10_S2,B: High guard · 하이 가드,HG,DEFENSE,B,N10,"{""distance"": ""mid"", ""stance"": ""OO"", ""foot_position"": ""neutral"", ""angle"": ""centerline aligned"", ""ring_position"": ""center"", ""space"": {""A"": ""center"", ""B"": ""center"", ""retreat_available"": ""both""}, ""A"": {""head"": ""center line"", ""weight"": ""neutral / variant dependent"", ""guard"": ""attacking arm displaced; other hand protection conditional"", ""phase"": ""extension"", ""arm"": ""lead/variant extended"", ""rotation"": ""none"", ""balance"": ""stable"", ""free_hand"": ""both"", ""foot"": ""neutral"", ""bearing"": ""facing opponent""}, ""B"": {""head"": ""center line"", ""weight"": ""neutral / variant dependent"", ""guard"": ""normal"", ""phase"": ""neutral"", ""arm"": ""home"", ""rotation"": ""none"", ""balance"": ""stable"", ""free_hand"": ""both"", ""foot"": ""neutral"", ""bearing"": ""facing opponent""}, ""belief"": {""A"": ""unknown"", ""B"": ""unknown""}, ""target"": ""head / combination variable"", ""phase_window"": ""잽–크로스의 머리 위협""}","{""distance"": ""mid"", ""stance"": ""OO"", ""foot_position"": ""neutral"", ""angle"": ""centerline aligned"", ""ring_position"": ""center"", ""space"": {""A"": ""center"", ""B"": ""center"", ""retreat_available"": ""both""}, ""A"": {""head"": ""center line"", ""weight"": ""neutral / variant dependent"", ""guard"": ""attacking arm displaced; other hand protection conditional"", ""phase"": ""recovery"", ""arm"": ""lead/variant extended"", ""rotation"": ""none"", ""balance"": ""stable"", ""free_hand"": ""both"", ""foot"": ""neutral"", ""bearing"": ""facing opponent""}, ""B"": {""head"": ""center line"", ""weight"": ""neutral / variant dependent"", ""guard"": ""high guard; body cover elbow-dependent"", ""phase"": ""impact/cover"", ""arm"": ""home"", ""rotation"": ""none"", ""balance"": ""stable"", ""free_hand"": ""both"", ""foot"": ""neutral"", ""bearing"": ""facing opponent""}, ""belief"": {""A"": ""unknown"", ""B"": ""unknown""}, ""target"": ""head / combination variable"", ""phase_window"": ""B가 머리 방어를 우선""}",측면·직선 타격 면적을 일부 가림,시야·보디·기동성 제한; 충격 전달 가능,"[""N10_S3"", ""N10_S10""]",글러브·팔을 머리 주변에 압축,B가 머리 방어를 우선,"[""S01"", ""S02""]",biomechanical inference
N10_S3,A: Guard manipulation · 가드 유도,GM,MANIPULATION,A,N10,"{""distance"": ""mid"", ""stance"": ""OO"", ""foot_position"": ""neutral"", ""angle"": ""centerline aligned"", ""ring_position"": ""center"", ""space"": {""A"": ""center"", ""B"": ""center"", ""retreat_available"": ""both""}, ""A"": {""head"": ""center line"", ""weight"": ""neutral / variant dependent"", ""guard"": ""attacking arm displaced; other hand protection conditional"", ""phase"": ""recovery"", ""arm"": ""lead/variant extended"", ""rotation"": ""none"", ""balance"": ""stable"", ""free_hand"": ""both"", ""foot"": ""neutral"", ""bearing"": ""facing opponent""}, ""B"": {""head"": ""center line"", ""weight"": ""neutral / variant dependent"", ""guard"": ""high guard; body cover elbow-dependent"", ""phase"": ""impact/cover"", ""arm"": ""home"", ""rotation"": ""none"", ""balance"": ""stable"", ""free_hand"": ""both"", ""foot"": ""neutral"", ""bearing"": ""facing opponent""}, ""belief"": {""A"": ""unknown"", ""B"": ""unknown""}, ""target"": ""head / combination variable"", ""phase_window"": ""B가 머리 방어를 우선""}","{""distance"": ""mid"", ""stance"": ""OO"", ""foot_position"": ""neutral"", ""angle"": ""centerline aligned"", ""ring_position"": ""center"", ""space"": {""A"": ""center"", ""B"": ""center"", ""retreat_available"": ""both""}, ""A"": {""head"": ""center line"", ""weight"": ""neutral / variant dependent"", ""guard"": ""attacking arm displaced; other hand protection conditional"", ""phase"": ""observing / preparation"", ""arm"": ""home"", ""rotation"": ""none"", ""balance"": ""stable"", ""free_hand"": ""both"", ""foot"": ""neutral"", ""bearing"": ""facing opponent""}, ""B"": {""head"": ""center line"", ""weight"": ""neutral / variant dependent"", ""guard"": ""high guard; body cover elbow-dependent"", ""phase"": ""impact/cover"", ""arm"": ""home"", ""rotation"": ""none"", ""balance"": ""stable"", ""free_hand"": ""both"", ""foot"": ""neutral"", ""bearing"": ""facing opponent""}, ""belief"": {""A"": ""unknown"", ""B"": ""cue observed; response not deterministic""}, ""target"": ""head / combination variable"", ""phase_window"": ""같은 방어면을 반복 겨냥; 보디가 실제 열렸는지 관찰""}",방어 면이 옮겨간 반대 표적 탐색,상대가 구조를 유지하면 틈 안 생김,"[""N10_S4""]",표적·펀치 궤도로 가드 반응을 유도,같은 방어면을 반복 겨냥; 보디가 실제 열렸는지 관찰,"[""S02"", ""S14""]",biomechanical inference
N10_S4,A: Body hook · 보디 훅,BH,OFFENSE,A,N10,"{""distance"": ""mid"", ""stance"": ""OO"", ""foot_position"": ""neutral"", ""angle"": ""centerline aligned"", ""ring_position"": ""center"", ""space"": {""A"": ""center"", ""B"": ""center"", ""retreat_available"": ""both""}, ""A"": {""head"": ""center line"", ""weight"": ""neutral / variant dependent"", ""guard"": ""attacking arm displaced; other hand protection conditional"", ""phase"": ""observing / preparation"", ""arm"": ""home"", ""rotation"": ""none"", ""balance"": ""stable"", ""free_hand"": ""both"", ""foot"": ""neutral"", ""bearing"": ""facing opponent""}, ""B"": {""head"": ""center line"", ""weight"": ""neutral / variant dependent"", ""guard"": ""high guard; body cover elbow-dependent"", ""phase"": ""impact/cover"", ""arm"": ""home"", ""rotation"": ""none"", ""balance"": ""stable"", ""free_hand"": ""both"", ""foot"": ""neutral"", ""bearing"": ""facing opponent""}, ""belief"": {""A"": ""unknown"", ""B"": ""cue observed; response not deterministic""}, ""target"": ""head / combination variable"", ""phase_window"": ""같은 방어면을 반복 겨냥; 보디가 실제 열렸는지 관찰""}","{""distance"": ""pocket"", ""stance"": ""OO"", ""foot_position"": ""neutral"", ""angle"": ""centerline aligned"", ""ring_position"": ""center"", ""space"": {""A"": ""center"", ""B"": ""center"", ""retreat_available"": ""both""}, ""A"": {""head"": ""center line"", ""weight"": ""neutral / variant dependent"", ""guard"": ""attacking arm displaced; other hand protection conditional"", ""phase"": ""extension"", ""arm"": ""lead/variant extended"", ""rotation"": ""punch-specific rotation; magnitude variable"", ""balance"": ""stable"", ""free_hand"": ""both"", ""foot"": ""neutral"", ""bearing"": ""facing opponent""}, ""B"": {""head"": ""center line"", ""weight"": ""neutral / variant dependent"", ""guard"": ""high guard; body cover elbow-dependent"", ""phase"": ""impact/cover"", ""arm"": ""home"", ""rotation"": ""none"", ""balance"": ""stable"", ""free_hand"": ""both"", ""foot"": ""neutral"", ""bearing"": ""facing opponent""}, ""belief"": {""A"": ""unknown"", ""B"": ""cue observed; response not deterministic""}, ""target"": ""body"", ""phase_window"": ""B 팔꿈치가 벌어졌고 진입 완료""}",높은 가드 아래 공격,보디로 손을 보내며 머리 측면이 열릴 수 있음,"[""N10_S5""]",높이를 바꾸고 짧은 훅으로 갈비·복부의 합법 표적,B 팔꿈치가 벌어졌고 진입 완료,"[""S03"", ""S16""]",biomechanical inference
N10_S5,B: Elbow body block · 팔꿈치 블록,ELBOW,DEFENSE,B,N10,"{""distance"": ""pocket"", ""stance"": ""OO"", ""foot_position"": ""neutral"", ""angle"": ""centerline aligned"", ""ring_position"": ""center"", ""space"": {""A"": ""center"", ""B"": ""center"", ""retreat_available"": ""both""}, ""A"": {""head"": ""center line"", ""weight"": ""neutral / variant dependent"", ""guard"": ""attacking arm displaced; other hand protection conditional"", ""phase"": ""extension"", ""arm"": ""lead/variant extended"", ""rotation"": ""punch-specific rotation; magnitude variable"", ""balance"": ""stable"", ""free_hand"": ""both"", ""foot"": ""neutral"", ""bearing"": ""facing opponent""}, ""B"": {""head"": ""center line"", ""weight"": ""neutral / variant dependent"", ""guard"": ""high guard; body cover elbow-dependent"", ""phase"": ""impact/cover"", ""arm"": ""home"", ""rotation"": ""none"", ""balance"": ""stable"", ""free_hand"": ""both"", ""foot"": ""neutral"", ""bearing"": ""facing opponent""}, ""belief"": {""A"": ""unknown"", ""B"": ""cue observed; response not deterministic""}, ""target"": ""body"", ""phase_window"": ""B 팔꿈치가 벌어졌고 진입 완료""}","{""distance"": ""pocket"", ""stance"": ""OO"", ""foot_position"": ""neutral"", ""angle"": ""centerline aligned"", ""ring_position"": ""center"", ""space"": {""A"": ""center"", ""B"": ""center"", ""retreat_available"": ""both""}, ""A"": {""head"": ""center line"", ""weight"": ""neutral / variant dependent"", ""guard"": ""attacking arm displaced; other hand protection conditional"", ""phase"": ""recovery"", ""arm"": ""lead/variant extended"", ""rotation"": ""punch-specific rotation; magnitude variable"", ""balance"": ""stable"", ""free_hand"": ""both"", ""foot"": ""neutral"", ""bearing"": ""facing opponent""}, ""B"": {""head"": ""center line"", ""weight"": ""neutral / variant dependent"", ""guard"": ""elbow tucked; head glove conditional"", ""phase"": ""impact/cover"", ""arm"": ""home"", ""rotation"": ""none"", ""balance"": ""stable"", ""free_hand"": ""both"", ""foot"": ""neutral"", ""bearing"": ""facing opponent""}, ""belief"": {""A"": ""unknown"", ""B"": ""cue observed; response not deterministic""}, ""target"": ""body"", ""phase_window"": ""보디 면을 닫고 머리 글러브 유지""}",보디 훅·사선 공격을 팔로 받음,같은 쪽 머리 가드가 실제로 내려가면 head opening,"[""N10_S6""]",팔꿈치를 좁히거나 몸통 회전으로 보디 통로 차단,보디 면을 닫고 머리 글러브 유지,"[""S01"", ""S16""]",biomechanical inference
N10_S6,B: Counter hook · 카운터 훅,CH,COUNTER,B,N10,"{""distance"": ""pocket"", ""stance"": ""OO"", ""foot_position"": ""neutral"", ""angle"": ""centerline aligned"", ""ring_position"": ""center"", ""space"": {""A"": ""center"", ""B"": ""center"", ""retreat_available"": ""both""}, ""A"": {""head"": ""center line"", ""weight"": ""neutral / variant dependent"", ""guard"": ""attacking arm displaced; other hand protection conditional"", ""phase"": ""recovery"", ""arm"": ""lead/variant extended"", ""rotation"": ""punch-specific rotation; magnitude variable"", ""balance"": ""stable"", ""free_hand"": ""both"", ""foot"": ""neutral"", ""bearing"": ""facing opponent""}, ""B"": {""head"": ""center line"", ""weight"": ""neutral / variant dependent"", ""guard"": ""elbow tucked; head glove conditional"", ""phase"": ""impact/cover"", ""arm"": ""home"", ""rotation"": ""none"", ""balance"": ""stable"", ""free_hand"": ""both"", ""foot"": ""neutral"", ""bearing"": ""facing opponent""}, ""belief"": {""A"": ""unknown"", ""B"": ""cue observed; response not deterministic""}, ""target"": ""body"", ""phase_window"": ""보디 면을 닫고 머리 글러브 유지""}","{""distance"": ""pocket"", ""stance"": ""OO"", ""foot_position"": ""neutral"", ""angle"": ""centerline aligned"", ""ring_position"": ""center"", ""space"": {""A"": ""center"", ""B"": ""center"", ""retreat_available"": ""both""}, ""A"": {""head"": ""center line"", ""weight"": ""neutral / variant dependent"", ""guard"": ""attacking arm displaced; other hand protection conditional"", ""phase"": ""recovery"", ""arm"": ""lead/variant extended"", ""rotation"": ""punch-specific rotation; magnitude variable"", ""balance"": ""stable"", ""free_hand"": ""both"", ""foot"": ""neutral"", ""bearing"": ""facing opponent""}, ""B"": {""head"": ""center line"", ""weight"": ""neutral / variant dependent"", ""guard"": ""attacking arm displaced; other hand protection conditional"", ""phase"": ""extension"", ""arm"": ""lead/variant extended"", ""rotation"": ""punch-specific rotation; magnitude variable"", ""balance"": ""stable"", ""free_hand"": ""both"", ""foot"": ""neutral"", ""bearing"": ""facing opponent""}, ""belief"": {""A"": ""unknown"", ""B"": ""cue observed; response not deterministic""}, ""target"": ""head / combination variable"", ""phase_window"": ""A 공격팔 회수 때 측면 짧은 반격""}",직선 복귀·측면 노출 활용,"짧은 사거리, 반대 손 카운터","[""N10_S7""]",방어로 생긴 측면 표적을 짧게 공격,A 공격팔 회수 때 측면 짧은 반격,"[""S03"", ""S16""]",biomechanical inference
N10_S7,A: Weave / roll · 위빙·롤,ROLL,DEFENSE,A,N10,"{""distance"": ""pocket"", ""stance"": ""OO"", ""foot_position"": ""neutral"", ""angle"": ""centerline aligned"", ""ring_position"": ""center"", ""space"": {""A"": ""center"", ""B"": ""center"", ""retreat_available"": ""both""}, ""A"": {""head"": ""center line"", ""weight"": ""neutral / variant dependent"", ""guard"": ""attacking arm displaced; other hand protection conditional"", ""phase"": ""recovery"", ""arm"": ""lead/variant extended"", ""rotation"": ""punch-specific rotation; magnitude variable"", ""balance"": ""stable"", ""free_hand"": ""both"", ""foot"": ""neutral"", ""bearing"": ""facing opponent""}, ""B"": {""head"": ""center line"", ""weight"": ""neutral / variant dependent"", ""guard"": ""attacking arm displaced; other hand protection conditional"", ""phase"": ""extension"", ""arm"": ""lead/variant extended"", ""rotation"": ""punch-specific rotation; magnitude variable"", ""balance"": ""stable"", ""free_hand"": ""both"", ""foot"": ""neutral"", ""bearing"": ""facing opponent""}, ""belief"": {""A"": ""unknown"", ""B"": ""cue observed; response not deterministic""}, ""target"": ""head / combination variable"", ""phase_window"": ""A 공격팔 회수 때 측면 짧은 반격""}","{""distance"": ""pocket"", ""stance"": ""OO"", ""foot_position"": ""neutral"", ""angle"": ""centerline aligned"", ""ring_position"": ""center"", ""space"": {""A"": ""center"", ""B"": ""center"", ""retreat_available"": ""both""}, ""A"": {""head"": ""low → lateral path"", ""weight"": ""exit leg dependent"", ""guard"": ""attacking arm displaced; other hand protection conditional"", ""phase"": ""evasion"", ""arm"": ""home"", ""rotation"": ""roll exit-dependent"", ""balance"": ""stable"", ""free_hand"": ""both"", ""foot"": ""neutral"", ""bearing"": ""facing opponent""}, ""B"": {""head"": ""center line"", ""weight"": ""neutral / variant dependent"", ""guard"": ""attacking arm displaced; other hand protection conditional"", ""phase"": ""recovery"", ""arm"": ""lead/variant extended"", ""rotation"": ""punch-specific rotation; magnitude variable"", ""balance"": ""stable"", ""free_hand"": ""both"", ""foot"": ""neutral"", ""bearing"": ""facing opponent""}, ""belief"": {""A"": ""unknown"", ""B"": ""cue observed; response not deterministic""}, ""target"": ""head / combination variable"", ""phase_window"": ""훅 아래에서 머리 이동""}",높은 훅 아래를 지나 측면으로 나옴,반복 경로·허리 굽힘·다음 낮은 공격,"[""N10_S8""]",무릎·몸통으로 U형 또는 곡선 머리 이동,훅 아래에서 머리 이동,"[""S01"", ""S08"", ""S09""]",biomechanical inference
N10_S8,A: Exit angle · 각도 탈출,EXIT,POSITION,A,N10,"{""distance"": ""pocket"", ""stance"": ""OO"", ""foot_position"": ""neutral"", ""angle"": ""centerline aligned"", ""ring_position"": ""center"", ""space"": {""A"": ""center"", ""B"": ""center"", ""retreat_available"": ""both""}, ""A"": {""head"": ""low → lateral path"", ""weight"": ""exit leg dependent"", ""guard"": ""attacking arm displaced; other hand protection conditional"", ""phase"": ""evasion"", ""arm"": ""home"", ""rotation"": ""roll exit-dependent"", ""balance"": ""stable"", ""free_hand"": ""both"", ""foot"": ""neutral"", ""bearing"": ""facing opponent""}, ""B"": {""head"": ""center line"", ""weight"": ""neutral / variant dependent"", ""guard"": ""attacking arm displaced; other hand protection conditional"", ""phase"": ""recovery"", ""arm"": ""lead/variant extended"", ""rotation"": ""punch-specific rotation; magnitude variable"", ""balance"": ""stable"", ""free_hand"": ""both"", ""foot"": ""neutral"", ""bearing"": ""facing opponent""}, ""belief"": {""A"": ""unknown"", ""B"": ""cue observed; response not deterministic""}, ""target"": ""head / combination variable"", ""phase_window"": ""훅 아래에서 머리 이동""}","{""distance"": ""pocket"", ""stance"": ""OO"", ""foot_position"": ""angle candidate"", ""angle"": ""off-line candidate; opponent may reorient"", ""ring_position"": ""center"", ""space"": {""A"": ""center"", ""B"": ""center"", ""retreat_available"": ""both""}, ""A"": {""head"": ""low → lateral path"", ""weight"": ""exit leg dependent"", ""guard"": ""attacking arm displaced; other hand protection conditional"", ""phase"": ""footwork"", ""arm"": ""home"", ""rotation"": ""roll exit-dependent"", ""balance"": ""stable only after placement; transient step risk"", ""free_hand"": ""both"", ""foot"": ""neutral"", ""bearing"": ""reoriented toward opponent; conditional completion""}, ""B"": {""head"": ""center line"", ""weight"": ""neutral / variant dependent"", ""guard"": ""attacking arm displaced; other hand protection conditional"", ""phase"": ""recovery"", ""arm"": ""lead/variant extended"", ""rotation"": ""punch-specific rotation; magnitude variable"", ""balance"": ""stable"", ""free_hand"": ""both"", ""foot"": ""neutral"", ""bearing"": ""facing opponent""}, ""belief"": {""A"": ""unknown"", ""B"": ""cue observed; response not deterministic""}, ""target"": ""head / combination variable"", ""phase_window"": ""가드 복구하며 각도 탈출""}",콤비네이션 직선 추격에서 벗어남,상대 훅·링 커팅·뒤돌기 금지,"[""N10_S9""]",방어·짧은 타격 뒤 옆 이동과 재지향,가드 복구하며 각도 탈출,"[""S06""]",biomechanical inference
N10_S9,B: Reset · 재정렬,RESET,POSITION,B,N10,"{""distance"": ""pocket"", ""stance"": ""OO"", ""foot_position"": ""angle candidate"", ""angle"": ""off-line candidate; opponent may reorient"", ""ring_position"": ""center"", ""space"": {""A"": ""center"", ""B"": ""center"", ""retreat_available"": ""both""}, ""A"": {""head"": ""low → lateral path"", ""weight"": ""exit leg dependent"", ""guard"": ""attacking arm displaced; other hand protection conditional"", ""phase"": ""footwork"", ""arm"": ""home"", ""rotation"": ""roll exit-dependent"", ""balance"": ""stable only after placement; transient step risk"", ""free_hand"": ""both"", ""foot"": ""neutral"", ""bearing"": ""reoriented toward opponent; conditional completion""}, ""B"": {""head"": ""center line"", ""weight"": ""neutral / variant dependent"", ""guard"": ""attacking arm displaced; other hand protection conditional"", ""phase"": ""recovery"", ""arm"": ""lead/variant extended"", ""rotation"": ""punch-specific rotation; magnitude variable"", ""balance"": ""stable"", ""free_hand"": ""both"", ""foot"": ""neutral"", ""bearing"": ""facing opponent""}, ""belief"": {""A"": ""unknown"", ""B"": ""cue observed; response not deterministic""}, ""target"": ""head / combination variable"", ""phase_window"": ""가드 복구하며 각도 탈출""}","{""distance"": ""pocket"", ""stance"": ""OO"", ""foot_position"": ""neutral"", ""angle"": ""centerline aligned"", ""ring_position"": ""center"", ""space"": {""A"": ""center"", ""B"": ""center"", ""retreat_available"": ""both""}, ""A"": {""head"": ""center line / guarded"", ""weight"": ""neutral / ready"", ""guard"": ""normal"", ""phase"": ""neutral"", ""arm"": ""home"", ""rotation"": ""none"", ""balance"": ""stable"", ""free_hand"": ""both"", ""foot"": ""neutral"", ""bearing"": ""facing opponent""}, ""B"": {""head"": ""center line / guarded"", ""weight"": ""neutral / ready"", ""guard"": ""normal"", ""phase"": ""neutral"", ""arm"": ""home"", ""rotation"": ""none"", ""balance"": ""stable"", ""free_hand"": ""both"", ""foot"": ""neutral"", ""bearing"": ""facing opponent""}, ""belief"": {""A"": ""unknown"", ""B"": ""cue observed; response not deterministic""}, ""target"": ""none"", ""phase_window"": ""추격 보류""}",새 교환 준비,시간 비용; 상대가 계속 치면 완료 불가,"[""N10_S0""]",손·발·시선·상대 bearing을 다시 맞춤,추격 보류,"[""S06""]",biomechanical inference
N10_S10,B: Lateral step · 옆 스텝,LAT,POSITION,B,N10,"{""distance"": ""mid"", ""stance"": ""OO"", ""foot_position"": ""neutral"", ""angle"": ""centerline aligned"", ""ring_position"": ""center"", ""space"": {""A"": ""center"", ""B"": ""center"", ""retreat_available"": ""both""}, ""A"": {""head"": ""center line"", ""weight"": ""neutral / variant dependent"", ""guard"": ""attacking arm displaced; other hand protection conditional"", ""phase"": ""recovery"", ""arm"": ""lead/variant extended"", ""rotation"": ""none"", ""balance"": ""stable"", ""free_hand"": ""both"", ""foot"": ""neutral"", ""bearing"": ""facing opponent""}, ""B"": {""head"": ""center line"", ""weight"": ""neutral / variant dependent"", ""guard"": ""high guard; body cover elbow-dependent"", ""phase"": ""impact/cover"", ""arm"": ""home"", ""rotation"": ""none"", ""balance"": ""stable"", ""free_hand"": ""both"", ""foot"": ""neutral"", ""bearing"": ""facing opponent""}, ""belief"": {""A"": ""unknown"", ""B"": ""unknown""}, ""target"": ""head / combination variable"", ""phase_window"": ""B가 머리 방어를 우선""}","{""distance"": ""mid"", ""stance"": ""OO"", ""foot_position"": ""angle candidate"", ""angle"": ""off-line candidate; opponent may reorient"", ""ring_position"": ""center"", ""space"": {""A"": ""center"", ""B"": ""center"", ""retreat_available"": ""both""}, ""A"": {""head"": ""center line"", ""weight"": ""neutral / variant dependent"", ""guard"": ""attacking arm displaced; other hand protection conditional"", ""phase"": ""recovery"", ""arm"": ""lead/variant extended"", ""rotation"": ""none"", ""balance"": ""stable"", ""free_hand"": ""both"", ""foot"": ""neutral"", ""bearing"": ""facing opponent""}, ""B"": {""head"": ""center line"", ""weight"": ""neutral / variant dependent"", ""guard"": ""high guard; body cover elbow-dependent"", ""phase"": ""footwork"", ""arm"": ""home"", ""rotation"": ""none"", ""balance"": ""stable only after placement; transient step risk"", ""free_hand"": ""both"", ""foot"": ""neutral"", ""bearing"": ""reoriented toward opponent; conditional completion""}, ""belief"": {""A"": ""unknown"", ""B"": ""unknown""}, ""target"": ""head / combination variable"", ""phase_window"": ""블록 사이 옆 출구 존재""}",직선 추격·퇴로를 옆으로 재설정,원형 훅·링 커팅·발 교차,"[""N10_S11""]",측면으로 발 간격을 유지해 이동,블록 사이 옆 출구 존재,"[""S06""]",biomechanical inference
N10_S11,A: Pressure / ring cut · 압박·링 커팅,PRESS,POSITION,A,N10,"{""distance"": ""mid"", ""stance"": ""OO"", ""foot_position"": ""angle candidate"", ""angle"": ""off-line candidate; opponent may reorient"", ""ring_position"": ""center"", ""space"": {""A"": ""center"", ""B"": ""center"", ""retreat_available"": ""both""}, ""A"": {""head"": ""center line"", ""weight"": ""neutral / variant dependent"", ""guard"": ""attacking arm displaced; other hand protection conditional"", ""phase"": ""recovery"", ""arm"": ""lead/variant extended"", ""rotation"": ""none"", ""balance"": ""stable"", ""free_hand"": ""both"", ""foot"": ""neutral"", ""bearing"": ""facing opponent""}, ""B"": {""head"": ""center line"", ""weight"": ""neutral / variant dependent"", ""guard"": ""high guard; body cover elbow-dependent"", ""phase"": ""footwork"", ""arm"": ""home"", ""rotation"": ""none"", ""balance"": ""stable only after placement; transient step risk"", ""free_hand"": ""both"", ""foot"": ""neutral"", ""bearing"": ""reoriented toward opponent; conditional completion""}, ""belief"": {""A"": ""unknown"", ""B"": ""unknown""}, ""target"": ""head / combination variable"", ""phase_window"": ""블록 사이 옆 출구 존재""}","{""distance"": ""mid"", ""stance"": ""OO"", ""foot_position"": ""angle candidate"", ""angle"": ""off-line candidate; opponent may reorient"", ""ring_position"": ""center"", ""space"": {""A"": ""center"", ""B"": ""center"", ""retreat_available"": ""both""}, ""A"": {""head"": ""center line"", ""weight"": ""neutral / variant dependent"", ""guard"": ""attacking arm displaced; other hand protection conditional"", ""phase"": ""footwork"", ""arm"": ""home"", ""rotation"": ""none"", ""balance"": ""stable only after placement; transient step risk"", ""free_hand"": ""both"", ""foot"": ""neutral"", ""bearing"": ""facing opponent""}, ""B"": {""head"": ""center line"", ""weight"": ""neutral / variant dependent"", ""guard"": ""high guard; body cover elbow-dependent"", ""phase"": ""footwork"", ""arm"": ""home"", ""rotation"": ""none"", ""balance"": ""stable only after placement; transient step risk"", ""free_hand"": ""both"", ""foot"": ""neutral"", ""bearing"": ""reoriented toward opponent; conditional completion""}, ""belief"": {""A"": ""unknown"", ""B"": ""unknown""}, ""target"": ""head / combination variable"", ""phase_window"": ""무작정 따라가기 대신 B 출구 선점 시도""}",퇴로·시간을 줄임,직선 추격·스텝 중 인터셉트,"[""N10_S12""]",상대 출구를 선점하며 가드 있는 진입,무작정 따라가기 대신 B 출구 선점 시도,"[""S06""]",biomechanical inference
N10_S12,B: Counter-pressure · 역압박,CPRESS,COUNTER,B,N10,"{""distance"": ""mid"", ""stance"": ""OO"", ""foot_position"": ""angle candidate"", ""angle"": ""off-line candidate; opponent may reorient"", ""ring_position"": ""center"", ""space"": {""A"": ""center"", ""B"": ""center"", ""retreat_available"": ""both""}, ""A"": {""head"": ""center line"", ""weight"": ""neutral / variant dependent"", ""guard"": ""attacking arm displaced; other hand protection conditional"", ""phase"": ""footwork"", ""arm"": ""home"", ""rotation"": ""none"", ""balance"": ""stable only after placement; transient step risk"", ""free_hand"": ""both"", ""foot"": ""neutral"", ""bearing"": ""facing opponent""}, ""B"": {""head"": ""center line"", ""weight"": ""neutral / variant dependent"", ""guard"": ""high guard; body cover elbow-dependent"", ""phase"": ""footwork"", ""arm"": ""home"", ""rotation"": ""none"", ""balance"": ""stable only after placement; transient step risk"", ""free_hand"": ""both"", ""foot"": ""neutral"", ""bearing"": ""reoriented toward opponent; conditional completion""}, ""belief"": {""A"": ""unknown"", ""B"": ""unknown""}, ""target"": ""head / combination variable"", ""phase_window"": ""무작정 따라가기 대신 B 출구 선점 시도""}","{""distance"": ""mid"", ""stance"": ""OO"", ""foot_position"": ""angle candidate"", ""angle"": ""off-line candidate; opponent may reorient"", ""ring_position"": ""center"", ""space"": {""A"": ""center"", ""B"": ""center"", ""retreat_available"": ""both""}, ""A"": {""head"": ""center line"", ""weight"": ""neutral / variant dependent"", ""guard"": ""attacking arm displaced; other hand protection conditional"", ""phase"": ""footwork"", ""arm"": ""home"", ""rotation"": ""none"", ""balance"": ""stable only after placement; transient step risk"", ""free_hand"": ""both"", ""foot"": ""neutral"", ""bearing"": ""facing opponent""}, ""B"": {""head"": ""center line"", ""weight"": ""neutral / variant dependent"", ""guard"": ""attacking arm displaced; other hand protection conditional"", ""phase"": ""extension"", ""arm"": ""lead/variant extended"", ""rotation"": ""none"", ""balance"": ""stable only after placement; transient step risk"", ""free_hand"": ""both"", ""foot"": ""neutral"", ""bearing"": ""reoriented toward opponent; conditional completion""}, ""belief"": {""A"": ""unknown"", ""B"": ""unknown""}, ""target"": ""head / combination variable"", ""phase_window"": ""A 발 스텝에 맞춰 짧은 멈춤 타격""}",상대가 일방 전진하는 박자 중단,멈출 때 중심선·교환 위험,"[""N10_S13""]",후퇴 중 짧게 멈추고 타격·각도 선점,A 발 스텝에 맞춰 짧은 멈춤 타격,"[""S06""]",biomechanical inference
N10_S13,A: Catch · 캐치,CATCH,DEFENSE,A,N10,"{""distance"": ""mid"", ""stance"": ""OO"", ""foot_position"": ""angle candidate"", ""angle"": ""off-line candidate; opponent may reorient"", ""ring_position"": ""center"", ""space"": {""A"": ""center"", ""B"": ""center"", ""retreat_available"": ""both""}, ""A"": {""head"": ""center line"", ""weight"": ""neutral / variant dependent"", ""guard"": ""attacking arm displaced; other hand protection conditional"", ""phase"": ""footwork"", ""arm"": ""home"", ""rotation"": ""none"", ""balance"": ""stable only after placement; transient step risk"", ""free_hand"": ""both"", ""foot"": ""neutral"", ""bearing"": ""facing opponent""}, ""B"": {""head"": ""center line"", ""weight"": ""neutral / variant dependent"", ""guard"": ""attacking arm displaced; other hand protection conditional"", ""phase"": ""extension"", ""arm"": ""lead/variant extended"", ""rotation"": ""none"", ""balance"": ""stable only after placement; transient step risk"", ""free_hand"": ""both"", ""foot"": ""neutral"", ""bearing"": ""reoriented toward opponent; conditional completion""}, ""belief"": {""A"": ""unknown"", ""B"": ""unknown""}, ""target"": ""head / combination variable"", ""phase_window"": ""A 발 스텝에 맞춰 짧은 멈춤 타격""}","{""distance"": ""mid"", ""stance"": ""OO"", ""foot_position"": ""angle candidate"", ""angle"": ""off-line candidate; opponent may reorient"", ""ring_position"": ""center"", ""space"": {""A"": ""center"", ""B"": ""center"", ""retreat_available"": ""both""}, ""A"": {""head"": ""center line"", ""weight"": ""neutral / variant dependent"", ""guard"": ""small catch; rest covered if recovered"", ""phase"": ""impact/cover"", ""arm"": ""home"", ""rotation"": ""none"", ""balance"": ""stable only after placement; transient step risk"", ""free_hand"": ""both"", ""foot"": ""neutral"", ""bearing"": ""facing opponent""}, ""B"": {""head"": ""center line"", ""weight"": ""neutral / variant dependent"", ""guard"": ""attacking arm displaced; other hand protection conditional"", ""phase"": ""recovery"", ""arm"": ""lead/variant extended"", ""rotation"": ""none"", ""balance"": ""stable only after placement; transient step risk"", ""free_hand"": ""both"", ""foot"": ""neutral"", ""bearing"": ""reoriented toward opponent; conditional completion""}, ""belief"": {""A"": ""unknown"", ""B"": ""unknown""}, ""target"": ""head / combination variable"", ""phase_window"": ""B 직선 면을 작은 글러브로""}",사거리 유지·반대 손 준비,큰 도달·글러브가 얼굴로 밀림·페인트 반응,"[""N10_S14""]",작은 글러브 면으로 직선을 받음,B 직선 면을 작은 글러브로,"[""S02"", ""S11""]",biomechanical inference
N10_S14,A: Reset · 재정렬,RESET,POSITION,A,N10,"{""distance"": ""mid"", ""stance"": ""OO"", ""foot_position"": ""angle candidate"", ""angle"": ""off-line candidate; opponent may reorient"", ""ring_position"": ""center"", ""space"": {""A"": ""center"", ""B"": ""center"", ""retreat_available"": ""both""}, ""A"": {""head"": ""center line"", ""weight"": ""neutral / variant dependent"", ""guard"": ""small catch; rest covered if recovered"", ""phase"": ""impact/cover"", ""arm"": ""home"", ""rotation"": ""none"", ""balance"": ""stable only after placement; transient step risk"", ""free_hand"": ""both"", ""foot"": ""neutral"", ""bearing"": ""facing opponent""}, ""B"": {""head"": ""center line"", ""weight"": ""neutral / variant dependent"", ""guard"": ""attacking arm displaced; other hand protection conditional"", ""phase"": ""recovery"", ""arm"": ""lead/variant extended"", ""rotation"": ""none"", ""balance"": ""stable only after placement; transient step risk"", ""free_hand"": ""both"", ""foot"": ""neutral"", ""bearing"": ""reoriented toward opponent; conditional completion""}, ""belief"": {""A"": ""unknown"", ""B"": ""unknown""}, ""target"": ""head / combination variable"", ""phase_window"": ""B 직선 면을 작은 글러브로""}","{""distance"": ""long"", ""stance"": ""OO"", ""foot_position"": ""neutral"", ""angle"": ""centerline aligned"", ""ring_position"": ""center"", ""space"": {""A"": ""center"", ""B"": ""center"", ""retreat_available"": ""both""}, ""A"": {""head"": ""center line / guarded"", ""weight"": ""neutral / ready"", ""guard"": ""normal"", ""phase"": ""neutral"", ""arm"": ""home"", ""rotation"": ""none"", ""balance"": ""stable"", ""free_hand"": ""both"", ""foot"": ""neutral"", ""bearing"": ""facing opponent""}, ""B"": {""head"": ""center line / guarded"", ""weight"": ""neutral / ready"", ""guard"": ""normal"", ""phase"": ""neutral"", ""arm"": ""home"", ""rotation"": ""none"", ""balance"": ""stable"", ""free_hand"": ""both"", ""foot"": ""neutral"", ""bearing"": ""facing opponent""}, ""belief"": {""A"": ""unknown"", ""B"": ""unknown""}, ""target"": ""none"", ""phase_window"": ""교환 뒤 링 중앙 재정렬""}",새 교환 준비,시간 비용; 상대가 계속 치면 완료 불가,"[""N10_S0""]",손·발·시선·상대 bearing을 다시 맞춤,교환 뒤 링 중앙 재정렬,"[""S06""]",biomechanical inference
N11_S0,시작 상태,,STATE,,N11,"{""distance"": ""mid"", ""stance"": ""OO"", ""foot_position"": ""neutral"", ""angle"": ""centerline aligned"", ""ring_position"": ""center"", ""space"": {""A"": ""center"", ""B"": ""center"", ""retreat_available"": ""both""}, ""A"": {""head"": ""center line"", ""weight"": ""neutral / variant dependent"", ""guard"": ""normal"", ""phase"": ""neutral"", ""arm"": ""home"", ""rotation"": ""none"", ""balance"": ""stable"", ""free_hand"": ""both"", ""foot"": ""neutral"", ""bearing"": ""facing opponent""}, ""B"": {""head"": ""center line"", ""weight"": ""neutral / variant dependent"", ""guard"": ""normal"", ""phase"": ""neutral"", ""arm"": ""home"", ""rotation"": ""none"", ""balance"": ""stable"", ""free_hand"": ""both"", ""foot"": ""neutral"", ""bearing"": ""facing opponent""}, ""belief"": {""A"": ""unknown"", ""B"": ""unknown""}, ""target"": ""none"", ""phase_window"": ""neutral""}","{""distance"": ""mid"", ""stance"": ""OO"", ""foot_position"": ""neutral"", ""angle"": ""centerline aligned"", ""ring_position"": ""center"", ""space"": {""A"": ""center"", ""B"": ""center"", ""retreat_available"": ""both""}, ""A"": {""head"": ""center line"", ""weight"": ""neutral / variant dependent"", ""guard"": ""normal"", ""phase"": ""neutral"", ""arm"": ""home"", ""rotation"": ""none"", ""balance"": ""stable"", ""free_hand"": ""both"", ""foot"": ""neutral"", ""bearing"": ""facing opponent""}, ""B"": {""head"": ""center line"", ""weight"": ""neutral / variant dependent"", ""guard"": ""normal"", ""phase"": ""neutral"", ""arm"": ""home"", ""rotation"": ""none"", ""balance"": ""stable"", ""free_hand"": ""both"", ""foot"": ""neutral"", ""bearing"": ""facing opponent""}, ""belief"": {""A"": ""unknown"", ""B"": ""unknown""}, ""target"": ""none"", ""phase_window"": ""neutral""}",교환의 전제 확인,중립도 선제 위협에 노출,"[""N11_S1"", ""N09_S0"", ""N10_S0"", ""N24_S0""]",,,,
N11_S1,A: Rear straight / cross · 뒷손 직선,CROSS,OFFENSE,A,N11,"{""distance"": ""mid"", ""stance"": ""OO"", ""foot_position"": ""neutral"", ""angle"": ""centerline aligned"", ""ring_position"": ""center"", ""space"": {""A"": ""center"", ""B"": ""center"", ""retreat_available"": ""both""}, ""A"": {""head"": ""center line"", ""weight"": ""neutral / variant dependent"", ""guard"": ""normal"", ""phase"": ""neutral"", ""arm"": ""home"", ""rotation"": ""none"", ""balance"": ""stable"", ""free_hand"": ""both"", ""foot"": ""neutral"", ""bearing"": ""facing opponent""}, ""B"": {""head"": ""center line"", ""weight"": ""neutral / variant dependent"", ""guard"": ""normal"", ""phase"": ""neutral"", ""arm"": ""home"", ""rotation"": ""none"", ""balance"": ""stable"", ""free_hand"": ""both"", ""foot"": ""neutral"", ""bearing"": ""facing opponent""}, ""belief"": {""A"": ""unknown"", ""B"": ""unknown""}, ""target"": ""none"", ""phase_window"": ""neutral""}","{""distance"": ""mid"", ""stance"": ""OO"", ""foot_position"": ""neutral"", ""angle"": ""centerline aligned"", ""ring_position"": ""center"", ""space"": {""A"": ""center"", ""B"": ""center"", ""retreat_available"": ""both""}, ""A"": {""head"": ""center line"", ""weight"": ""neutral / variant dependent"", ""guard"": ""attacking arm displaced; other hand protection conditional"", ""phase"": ""extension"", ""arm"": ""rear extended"", ""rotation"": ""punch-specific rotation; magnitude variable"", ""balance"": ""stable"", ""free_hand"": ""both"", ""foot"": ""neutral"", ""bearing"": ""facing opponent""}, ""B"": {""head"": ""center line"", ""weight"": ""neutral / variant dependent"", ""guard"": ""normal"", ""phase"": ""neutral"", ""arm"": ""home"", ""rotation"": ""none"", ""balance"": ""stable"", ""free_hand"": ""both"", ""foot"": ""neutral"", ""bearing"": ""facing opponent""}, ""belief"": {""A"": ""unknown"", ""B"": ""unknown""}, ""target"": ""head / combination variable"", ""phase_window"": ""B 머리 직선""}",상대 복귀·열린 직선 통로 이용,뒷손 가드 이탈과 회전 회수 구간,"[""N11_S2""]",몸통·팔을 협응해 뒷손 직선 후 회수,B 머리 직선,"[""S03""]",biomechanical inference
N11_S2,B: Shoulder shell · 숄더 셸,SHELL,DEFENSE,B,N11,"{""distance"": ""mid"", ""stance"": ""OO"", ""foot_position"": ""neutral"", ""angle"": ""centerline aligned"", ""ring_position"": ""center"", ""space"": {""A"": ""center"", ""B"": ""center"", ""retreat_available"": ""both""}, ""A"": {""head"": ""center line"", ""weight"": ""neutral / variant dependent"", ""guard"": ""attacking arm displaced; other hand protection conditional"", ""phase"": ""extension"", ""arm"": ""rear extended"", ""rotation"": ""punch-specific rotation; magnitude variable"", ""balance"": ""stable"", ""free_hand"": ""both"", ""foot"": ""neutral"", ""bearing"": ""facing opponent""}, ""B"": {""head"": ""center line"", ""weight"": ""neutral / variant dependent"", ""guard"": ""normal"", ""phase"": ""neutral"", ""arm"": ""home"", ""rotation"": ""none"", ""balance"": ""stable"", ""free_hand"": ""both"", ""foot"": ""neutral"", ""bearing"": ""facing opponent""}, ""belief"": {""A"": ""unknown"", ""B"": ""unknown""}, ""target"": ""head / combination variable"", ""phase_window"": ""B 머리 직선""}","{""distance"": ""mid"", ""stance"": ""OO"", ""foot_position"": ""neutral"", ""angle"": ""centerline aligned"", ""ring_position"": ""center"", ""space"": {""A"": ""center"", ""B"": ""center"", ""retreat_available"": ""both""}, ""A"": {""head"": ""center line"", ""weight"": ""neutral / variant dependent"", ""guard"": ""attacking arm displaced; other hand protection conditional"", ""phase"": ""recovery"", ""arm"": ""rear extended"", ""rotation"": ""punch-specific rotation; magnitude variable"", ""balance"": ""stable"", ""free_hand"": ""both"", ""foot"": ""neutral"", ""bearing"": ""facing opponent""}, ""B"": {""head"": ""center line"", ""weight"": ""neutral / variant dependent"", ""guard"": ""shoulder shell; stance/line-dependent"", ""phase"": ""impact/cover"", ""arm"": ""home"", ""rotation"": ""none"", ""balance"": ""stable"", ""free_hand"": ""both"", ""foot"": ""neutral"", ""bearing"": ""facing opponent""}, ""belief"": {""A"": ""unknown"", ""B"": ""unknown""}, ""target"": ""head / combination variable"", ""phase_window"": ""OO에서 어깨·뒷손·몸통 회전으로 해당 라인 가림""}",특정 직선·측면 통로 가림,반대 스탠스·오버핸드·보디·회전 반대 방향,"[""N11_S3""]",어깨·뒷손·몸통 회전으로 방어면 구성,OO에서 어깨·뒷손·몸통 회전으로 해당 라인 가림,"[""S01""]",biomechanical inference
N11_S3,B: Counter cross · 카운터 크로스,CC,COUNTER,B,N11,"{""distance"": ""mid"", ""stance"": ""OO"", ""foot_position"": ""neutral"", ""angle"": ""centerline aligned"", ""ring_position"": ""center"", ""space"": {""A"": ""center"", ""B"": ""center"", ""retreat_available"": ""both""}, ""A"": {""head"": ""center line"", ""weight"": ""neutral / variant dependent"", ""guard"": ""attacking arm displaced; other hand protection conditional"", ""phase"": ""recovery"", ""arm"": ""rear extended"", ""rotation"": ""punch-specific rotation; magnitude variable"", ""balance"": ""stable"", ""free_hand"": ""both"", ""foot"": ""neutral"", ""bearing"": ""facing opponent""}, ""B"": {""head"": ""center line"", ""weight"": ""neutral / variant dependent"", ""guard"": ""shoulder shell; stance/line-dependent"", ""phase"": ""impact/cover"", ""arm"": ""home"", ""rotation"": ""none"", ""balance"": ""stable"", ""free_hand"": ""both"", ""foot"": ""neutral"", ""bearing"": ""facing opponent""}, ""belief"": {""A"": ""unknown"", ""B"": ""unknown""}, ""target"": ""head / combination variable"", ""phase_window"": ""OO에서 어깨·뒷손·몸통 회전으로 해당 라인 가림""}","{""distance"": ""mid"", ""stance"": ""OO"", ""foot_position"": ""neutral"", ""angle"": ""centerline aligned"", ""ring_position"": ""center"", ""space"": {""A"": ""center"", ""B"": ""center"", ""retreat_available"": ""both""}, ""A"": {""head"": ""center line"", ""weight"": ""neutral / variant dependent"", ""guard"": ""attacking arm displaced; other hand protection conditional"", ""phase"": ""recovery"", ""arm"": ""rear extended"", ""rotation"": ""punch-specific rotation; magnitude variable"", ""balance"": ""stable"", ""free_hand"": ""both"", ""foot"": ""neutral"", ""bearing"": ""facing opponent""}, ""B"": {""head"": ""center line"", ""weight"": ""neutral / variant dependent"", ""guard"": ""attacking arm displaced; other hand protection conditional"", ""phase"": ""extension"", ""arm"": ""rear extended"", ""rotation"": ""punch-specific rotation; magnitude variable"", ""balance"": ""stable"", ""free_hand"": ""both"", ""foot"": ""neutral"", ""bearing"": ""facing opponent""}, ""belief"": {""A"": ""unknown"", ""B"": ""unknown""}, ""target"": ""head / combination variable"", ""phase_window"": ""회전 복귀·B 뒷손 통로·사거리""}",열린 중앙·늦은 복귀 활용,과도한 진입·다음 훅 위험,"[""N11_S4""]",상대 공격·복귀 창에 뒷손 직선,회전 복귀·B 뒷손 통로·사거리,"[""S03"", ""S07""]",biomechanical inference
N11_S4,A: Outside slip · 바깥 슬립,SOUT,DEFENSE,A,N11,"{""distance"": ""mid"", ""stance"": ""OO"", ""foot_position"": ""neutral"", ""angle"": ""centerline aligned"", ""ring_position"": ""center"", ""space"": {""A"": ""center"", ""B"": ""center"", ""retreat_available"": ""both""}, ""A"": {""head"": ""center line"", ""weight"": ""neutral / variant dependent"", ""guard"": ""attacking arm displaced; other hand protection conditional"", ""phase"": ""recovery"", ""arm"": ""rear extended"", ""rotation"": ""punch-specific rotation; magnitude variable"", ""balance"": ""stable"", ""free_hand"": ""both"", ""foot"": ""neutral"", ""bearing"": ""facing opponent""}, ""B"": {""head"": ""center line"", ""weight"": ""neutral / variant dependent"", ""guard"": ""attacking arm displaced; other hand protection conditional"", ""phase"": ""extension"", ""arm"": ""rear extended"", ""rotation"": ""punch-specific rotation; magnitude variable"", ""balance"": ""stable"", ""free_hand"": ""both"", ""foot"": ""neutral"", ""bearing"": ""facing opponent""}, ""belief"": {""A"": ""unknown"", ""B"": ""unknown""}, ""target"": ""head / combination variable"", ""phase_window"": ""회전 복귀·B 뒷손 통로·사거리""}","{""distance"": ""mid"", ""stance"": ""OO"", ""foot_position"": ""neutral"", ""angle"": ""head off punching line; body angle not automatic"", ""ring_position"": ""center"", ""space"": {""A"": ""center"", ""B"": ""center"", ""retreat_available"": ""both""}, ""A"": {""head"": ""outside incoming punch"", ""weight"": ""variant dependent: support/load must be checked"", ""guard"": ""attacking arm displaced; other hand protection conditional"", ""phase"": ""evasion"", ""arm"": ""home"", ""rotation"": ""punch-specific rotation; magnitude variable"", ""balance"": ""stable"", ""free_hand"": ""both"", ""foot"": ""neutral"", ""bearing"": ""facing opponent""}, ""B"": {""head"": ""center line"", ""weight"": ""neutral / variant dependent"", ""guard"": ""attacking arm displaced; other hand protection conditional"", ""phase"": ""recovery"", ""arm"": ""rear extended"", ""rotation"": ""punch-specific rotation; magnitude variable"", ""balance"": ""stable"", ""free_hand"": ""both"", ""foot"": ""neutral"", ""bearing"": ""facing opponent""}, ""belief"": {""A"": ""unknown"", ""B"": ""unknown""}, ""target"": ""head / combination variable"", ""phase_window"": ""B 크로스 바깥 머리 이동""}",해당 직선 공격선을 벗어남,다음 펀치 재조준·훅·균형 손실,"[""N11_S5""]",들어오는 특정 펀치의 팔 바깥으로 머리 이동,B 크로스 바깥 머리 이동,"[""S02"", ""S07""]",biomechanical inference
N11_S5,A: Overhand · 오버핸드,OVER,OFFENSE,A,N11,"{""distance"": ""mid"", ""stance"": ""OO"", ""foot_position"": ""neutral"", ""angle"": ""head off punching line; body angle not automatic"", ""ring_position"": ""center"", ""space"": {""A"": ""center"", ""B"": ""center"", ""retreat_available"": ""both""}, ""A"": {""head"": ""outside incoming punch"", ""weight"": ""variant dependent: support/load must be checked"", ""guard"": ""attacking arm displaced; other hand protection conditional"", ""phase"": ""evasion"", ""arm"": ""home"", ""rotation"": ""punch-specific rotation; magnitude variable"", ""balance"": ""stable"", ""free_hand"": ""both"", ""foot"": ""neutral"", ""bearing"": ""facing opponent""}, ""B"": {""head"": ""center line"", ""weight"": ""neutral / variant dependent"", ""guard"": ""attacking arm displaced; other hand protection conditional"", ""phase"": ""recovery"", ""arm"": ""rear extended"", ""rotation"": ""punch-specific rotation; magnitude variable"", ""balance"": ""stable"", ""free_hand"": ""both"", ""foot"": ""neutral"", ""bearing"": ""facing opponent""}, ""belief"": {""A"": ""unknown"", ""B"": ""unknown""}, ""target"": ""head / combination variable"", ""phase_window"": ""B 크로스 바깥 머리 이동""}","{""distance"": ""mid"", ""stance"": ""OO"", ""foot_position"": ""neutral"", ""angle"": ""head off punching line; body angle not automatic"", ""ring_position"": ""center"", ""space"": {""A"": ""center"", ""B"": ""center"", ""retreat_available"": ""both""}, ""A"": {""head"": ""outside incoming punch"", ""weight"": ""variant dependent: support/load must be checked"", ""guard"": ""attacking arm displaced; other hand protection conditional"", ""phase"": ""extension"", ""arm"": ""rear extended"", ""rotation"": ""punch-specific rotation; magnitude variable"", ""balance"": ""stable"", ""free_hand"": ""both"", ""foot"": ""neutral"", ""bearing"": ""facing opponent""}, ""B"": {""head"": ""center line"", ""weight"": ""neutral / variant dependent"", ""guard"": ""attacking arm displaced; other hand protection conditional"", ""phase"": ""recovery"", ""arm"": ""rear extended"", ""rotation"": ""punch-specific rotation; magnitude variable"", ""balance"": ""stable"", ""free_hand"": ""both"", ""foot"": ""neutral"", ""bearing"": ""facing opponent""}, ""belief"": {""A"": ""unknown"", ""B"": ""unknown""}, ""target"": ""head / combination variable"", ""phase_window"": ""B가 같은 어깨면으로만 돌아오고 상단 궤도가 실제 열릴 때""}",높이·직선 가드 주변 궤적 변경,오버리치·낮은 머리·긴 복귀,"[""N11_S6""]",뒷손을 위에서 휘어 합법 머리 표적으로 보냄,B가 같은 어깨면으로만 돌아오고 상단 궤도가 실제 열릴 때,"[""S03""]",biomechanical inference
N11_S6,B: High guard · 하이 가드,HG,DEFENSE,B,N11,"{""distance"": ""mid"", ""stance"": ""OO"", ""foot_position"": ""neutral"", ""angle"": ""head off punching line; body angle not automatic"", ""ring_position"": ""center"", ""space"": {""A"": ""center"", ""B"": ""center"", ""retreat_available"": ""both""}, ""A"": {""head"": ""outside incoming punch"", ""weight"": ""variant dependent: support/load must be checked"", ""guard"": ""attacking arm displaced; other hand protection conditional"", ""phase"": ""extension"", ""arm"": ""rear extended"", ""rotation"": ""punch-specific rotation; magnitude variable"", ""balance"": ""stable"", ""free_hand"": ""both"", ""foot"": ""neutral"", ""bearing"": ""facing opponent""}, ""B"": {""head"": ""center line"", ""weight"": ""neutral / variant dependent"", ""guard"": ""attacking arm displaced; other hand protection conditional"", ""phase"": ""recovery"", ""arm"": ""rear extended"", ""rotation"": ""punch-specific rotation; magnitude variable"", ""balance"": ""stable"", ""free_hand"": ""both"", ""foot"": ""neutral"", ""bearing"": ""facing opponent""}, ""belief"": {""A"": ""unknown"", ""B"": ""unknown""}, ""target"": ""head / combination variable"", ""phase_window"": ""B가 같은 어깨면으로만 돌아오고 상단 궤도가 실제 열릴 때""}","{""distance"": ""mid"", ""stance"": ""OO"", ""foot_position"": ""neutral"", ""angle"": ""head off punching line; body angle not automatic"", ""ring_position"": ""center"", ""space"": {""A"": ""center"", ""B"": ""center"", ""retreat_available"": ""both""}, ""A"": {""head"": ""outside incoming punch"", ""weight"": ""variant dependent: support/load must be checked"", ""guard"": ""attacking arm displaced; other hand protection conditional"", ""phase"": ""recovery"", ""arm"": ""rear extended"", ""rotation"": ""punch-specific rotation; magnitude variable"", ""balance"": ""stable"", ""free_hand"": ""both"", ""foot"": ""neutral"", ""bearing"": ""facing opponent""}, ""B"": {""head"": ""center line"", ""weight"": ""neutral / variant dependent"", ""guard"": ""high guard; body cover elbow-dependent"", ""phase"": ""impact/cover"", ""arm"": ""home"", ""rotation"": ""punch-specific rotation; magnitude variable"", ""balance"": ""stable"", ""free_hand"": ""both"", ""foot"": ""neutral"", ""bearing"": ""facing opponent""}, ""belief"": {""A"": ""unknown"", ""B"": ""unknown""}, ""target"": ""head / combination variable"", ""phase_window"": ""상단 가드 재구성""}",측면·직선 타격 면적을 일부 가림,시야·보디·기동성 제한; 충격 전달 가능,"[""N11_S7""]",글러브·팔을 머리 주변에 압축,상단 가드 재구성,"[""S01"", ""S02""]",biomechanical inference
N11_S7,A: Body hook · 보디 훅,BH,OFFENSE,A,N11,"{""distance"": ""mid"", ""stance"": ""OO"", ""foot_position"": ""neutral"", ""angle"": ""head off punching line; body angle not automatic"", ""ring_position"": ""center"", ""space"": {""A"": ""center"", ""B"": ""center"", ""retreat_available"": ""both""}, ""A"": {""head"": ""outside incoming punch"", ""weight"": ""variant dependent: support/load must be checked"", ""guard"": ""attacking arm displaced; other hand protection conditional"", ""phase"": ""recovery"", ""arm"": ""rear extended"", ""rotation"": ""punch-specific rotation; magnitude variable"", ""balance"": ""stable"", ""free_hand"": ""both"", ""foot"": ""neutral"", ""bearing"": ""facing opponent""}, ""B"": {""head"": ""center line"", ""weight"": ""neutral / variant dependent"", ""guard"": ""high guard; body cover elbow-dependent"", ""phase"": ""impact/cover"", ""arm"": ""home"", ""rotation"": ""punch-specific rotation; magnitude variable"", ""balance"": ""stable"", ""free_hand"": ""both"", ""foot"": ""neutral"", ""bearing"": ""facing opponent""}, ""belief"": {""A"": ""unknown"", ""B"": ""unknown""}, ""target"": ""head / combination variable"", ""phase_window"": ""상단 가드 재구성""}","{""distance"": ""pocket"", ""stance"": ""OO"", ""foot_position"": ""neutral"", ""angle"": ""head off punching line; body angle not automatic"", ""ring_position"": ""center"", ""space"": {""A"": ""center"", ""B"": ""center"", ""retreat_available"": ""both""}, ""A"": {""head"": ""outside incoming punch"", ""weight"": ""variant dependent: support/load must be checked"", ""guard"": ""attacking arm displaced; other hand protection conditional"", ""phase"": ""extension"", ""arm"": ""lead/variant extended"", ""rotation"": ""punch-specific rotation; magnitude variable"", ""balance"": ""stable"", ""free_hand"": ""both"", ""foot"": ""neutral"", ""bearing"": ""facing opponent""}, ""B"": {""head"": ""center line"", ""weight"": ""neutral / variant dependent"", ""guard"": ""high guard; body cover elbow-dependent"", ""phase"": ""impact/cover"", ""arm"": ""home"", ""rotation"": ""punch-specific rotation; magnitude variable"", ""balance"": ""stable"", ""free_hand"": ""both"", ""foot"": ""neutral"", ""bearing"": ""facing opponent""}, ""belief"": {""A"": ""unknown"", ""B"": ""unknown""}, ""target"": ""body"", ""phase_window"": ""높은 가드 아래 표적 도달""}",높은 가드 아래 공격,보디로 손을 보내며 머리 측면이 열릴 수 있음,"[""N11_S8""]",높이를 바꾸고 짧은 훅으로 갈비·복부의 합법 표적,높은 가드 아래 표적 도달,"[""S03"", ""S16""]",biomechanical inference
N11_S8,B: Exit angle · 각도 탈출,EXIT,POSITION,B,N11,"{""distance"": ""pocket"", ""stance"": ""OO"", ""foot_position"": ""neutral"", ""angle"": ""head off punching line; body angle not automatic"", ""ring_position"": ""center"", ""space"": {""A"": ""center"", ""B"": ""center"", ""retreat_available"": ""both""}, ""A"": {""head"": ""outside incoming punch"", ""weight"": ""variant dependent: support/load must be checked"", ""guard"": ""attacking arm displaced; other hand protection conditional"", ""phase"": ""extension"", ""arm"": ""lead/variant extended"", ""rotation"": ""punch-specific rotation; magnitude variable"", ""balance"": ""stable"", ""free_hand"": ""both"", ""foot"": ""neutral"", ""bearing"": ""facing opponent""}, ""B"": {""head"": ""center line"", ""weight"": ""neutral / variant dependent"", ""guard"": ""high guard; body cover elbow-dependent"", ""phase"": ""impact/cover"", ""arm"": ""home"", ""rotation"": ""punch-specific rotation; magnitude variable"", ""balance"": ""stable"", ""free_hand"": ""both"", ""foot"": ""neutral"", ""bearing"": ""facing opponent""}, ""belief"": {""A"": ""unknown"", ""B"": ""unknown""}, ""target"": ""body"", ""phase_window"": ""높은 가드 아래 표적 도달""}","{""distance"": ""pocket"", ""stance"": ""OO"", ""foot_position"": ""angle candidate"", ""angle"": ""off-line candidate; opponent may reorient"", ""ring_position"": ""center"", ""space"": {""A"": ""center"", ""B"": ""center"", ""retreat_available"": ""both""}, ""A"": {""head"": ""outside incoming punch"", ""weight"": ""variant dependent: support/load must be checked"", ""guard"": ""attacking arm displaced; other hand protection conditional"", ""phase"": ""recovery"", ""arm"": ""lead/variant extended"", ""rotation"": ""punch-specific rotation; magnitude variable"", ""balance"": ""stable"", ""free_hand"": ""both"", ""foot"": ""neutral"", ""bearing"": ""facing opponent""}, ""B"": {""head"": ""center line"", ""weight"": ""neutral / variant dependent"", ""guard"": ""high guard; body cover elbow-dependent"", ""phase"": ""footwork"", ""arm"": ""home"", ""rotation"": ""punch-specific rotation; magnitude variable"", ""balance"": ""stable only after placement; transient step risk"", ""free_hand"": ""both"", ""foot"": ""neutral"", ""bearing"": ""reoriented toward opponent; conditional completion""}, ""belief"": {""A"": ""unknown"", ""B"": ""unknown""}, ""target"": ""body"", ""phase_window"": ""블록과 옆 출구""}",콤비네이션 직선 추격에서 벗어남,상대 훅·링 커팅·뒤돌기 금지,"[""N11_S9""]",방어·짧은 타격 뒤 옆 이동과 재지향,블록과 옆 출구,"[""S06""]",biomechanical inference
N11_S9,A: Reset · 재정렬,RESET,POSITION,A,N11,"{""distance"": ""pocket"", ""stance"": ""OO"", ""foot_position"": ""angle candidate"", ""angle"": ""off-line candidate; opponent may reorient"", ""ring_position"": ""center"", ""space"": {""A"": ""center"", ""B"": ""center"", ""retreat_available"": ""both""}, ""A"": {""head"": ""outside incoming punch"", ""weight"": ""variant dependent: support/load must be checked"", ""guard"": ""attacking arm displaced; other hand protection conditional"", ""phase"": ""recovery"", ""arm"": ""lead/variant extended"", ""rotation"": ""punch-specific rotation; magnitude variable"", ""balance"": ""stable"", ""free_hand"": ""both"", ""foot"": ""neutral"", ""bearing"": ""facing opponent""}, ""B"": {""head"": ""center line"", ""weight"": ""neutral / variant dependent"", ""guard"": ""high guard; body cover elbow-dependent"", ""phase"": ""footwork"", ""arm"": ""home"", ""rotation"": ""punch-specific rotation; magnitude variable"", ""balance"": ""stable only after placement; transient step risk"", ""free_hand"": ""both"", ""foot"": ""neutral"", ""bearing"": ""reoriented toward opponent; conditional completion""}, ""belief"": {""A"": ""unknown"", ""B"": ""unknown""}, ""target"": ""body"", ""phase_window"": ""블록과 옆 출구""}","{""distance"": ""pocket"", ""stance"": ""OO"", ""foot_position"": ""neutral"", ""angle"": ""centerline aligned"", ""ring_position"": ""center"", ""space"": {""A"": ""center"", ""B"": ""center"", ""retreat_available"": ""both""}, ""A"": {""head"": ""center line / guarded"", ""weight"": ""neutral / ready"", ""guard"": ""normal"", ""phase"": ""neutral"", ""arm"": ""home"", ""rotation"": ""none"", ""balance"": ""stable"", ""free_hand"": ""both"", ""foot"": ""neutral"", ""bearing"": ""facing opponent""}, ""B"": {""head"": ""center line / guarded"", ""weight"": ""neutral / ready"", ""guard"": ""normal"", ""phase"": ""neutral"", ""arm"": ""home"", ""rotation"": ""none"", ""balance"": ""stable"", ""free_hand"": ""both"", ""foot"": ""neutral"", ""bearing"": ""facing opponent""}, ""belief"": {""A"": ""unknown"", ""B"": ""unknown""}, ""target"": ""none"", ""phase_window"": ""각도·거리 다시 설정""}",새 교환 준비,시간 비용; 상대가 계속 치면 완료 불가,"[""N11_S0""]",손·발·시선·상대 bearing을 다시 맞춤,각도·거리 다시 설정,"[""S06""]",biomechanical inference
N12_S0,시작 상태,,STATE,,N12,"{""distance"": ""long"", ""stance"": ""OO"", ""foot_position"": ""neutral"", ""angle"": ""centerline aligned"", ""ring_position"": ""center"", ""space"": {""A"": ""center"", ""B"": ""center"", ""retreat_available"": ""both""}, ""A"": {""head"": ""center line"", ""weight"": ""neutral / variant dependent"", ""guard"": ""normal"", ""phase"": ""neutral"", ""arm"": ""home"", ""rotation"": ""none"", ""balance"": ""stable"", ""free_hand"": ""both"", ""foot"": ""neutral"", ""bearing"": ""facing opponent""}, ""B"": {""head"": ""center line"", ""weight"": ""neutral / variant dependent"", ""guard"": ""normal"", ""phase"": ""neutral"", ""arm"": ""home"", ""rotation"": ""none"", ""balance"": ""stable"", ""free_hand"": ""both"", ""foot"": ""neutral"", ""bearing"": ""facing opponent""}, ""belief"": {""A"": ""unknown"", ""B"": ""unknown""}, ""target"": ""none"", ""phase_window"": ""neutral""}","{""distance"": ""long"", ""stance"": ""OO"", ""foot_position"": ""neutral"", ""angle"": ""centerline aligned"", ""ring_position"": ""center"", ""space"": {""A"": ""center"", ""B"": ""center"", ""retreat_available"": ""both""}, ""A"": {""head"": ""center line"", ""weight"": ""neutral / variant dependent"", ""guard"": ""normal"", ""phase"": ""neutral"", ""arm"": ""home"", ""rotation"": ""none"", ""balance"": ""stable"", ""free_hand"": ""both"", ""foot"": ""neutral"", ""bearing"": ""facing opponent""}, ""B"": {""head"": ""center line"", ""weight"": ""neutral / variant dependent"", ""guard"": ""normal"", ""phase"": ""neutral"", ""arm"": ""home"", ""rotation"": ""none"", ""balance"": ""stable"", ""free_hand"": ""both"", ""foot"": ""neutral"", ""bearing"": ""facing opponent""}, ""belief"": {""A"": ""unknown"", ""B"": ""unknown""}, ""target"": ""none"", ""phase_window"": ""neutral""}",교환의 전제 확인,중립도 선제 위협에 노출,"[""N12_S1"", ""N02_S0"", ""N21_S0"", ""N26_S0""]",,,,
N12_S1,A: Lead jab · 잽,JAB,OFFENSE,A,N12,"{""distance"": ""long"", ""stance"": ""OO"", ""foot_position"": ""neutral"", ""angle"": ""centerline aligned"", ""ring_position"": ""center"", ""space"": {""A"": ""center"", ""B"": ""center"", ""retreat_available"": ""both""}, ""A"": {""head"": ""center line"", ""weight"": ""neutral / variant dependent"", ""guard"": ""normal"", ""phase"": ""neutral"", ""arm"": ""home"", ""rotation"": ""none"", ""balance"": ""stable"", ""free_hand"": ""both"", ""foot"": ""neutral"", ""bearing"": ""facing opponent""}, ""B"": {""head"": ""center line"", ""weight"": ""neutral / variant dependent"", ""guard"": ""normal"", ""phase"": ""neutral"", ""arm"": ""home"", ""rotation"": ""none"", ""balance"": ""stable"", ""free_hand"": ""both"", ""foot"": ""neutral"", ""bearing"": ""facing opponent""}, ""belief"": {""A"": ""unknown"", ""B"": ""unknown""}, ""target"": ""none"", ""phase_window"": ""neutral""}","{""distance"": ""long"", ""stance"": ""OO"", ""foot_position"": ""neutral"", ""angle"": ""centerline aligned"", ""ring_position"": ""center"", ""space"": {""A"": ""center"", ""B"": ""center"", ""retreat_available"": ""both""}, ""A"": {""head"": ""center line"", ""weight"": ""neutral / variant dependent"", ""guard"": ""attacking arm displaced; other hand protection conditional"", ""phase"": ""extension"", ""arm"": ""lead/variant extended"", ""rotation"": ""none"", ""balance"": ""stable"", ""free_hand"": ""both"", ""foot"": ""neutral"", ""bearing"": ""facing opponent""}, ""B"": {""head"": ""center line"", ""weight"": ""neutral / variant dependent"", ""guard"": ""normal"", ""phase"": ""neutral"", ""arm"": ""home"", ""rotation"": ""none"", ""balance"": ""stable"", ""free_hand"": ""both"", ""foot"": ""neutral"", ""bearing"": ""facing opponent""}, ""belief"": {""A"": ""unknown"", ""B"": ""unknown""}, ""target"": ""head / combination variable"", ""phase_window"": ""잽 라인""}",사거리·반응을 확인하고 시야를 가림,앞손 복귀 동안 같은 쪽 가드가 비며 단조로운 타이밍을 읽힐 수 있음,"[""N12_S2"", ""N12_S7""]",앞손을 짧게 직선으로 보내고 복귀,잽 라인,"[""S01"", ""S02""]",biomechanical inference
N12_S2,B: Outside slip · 바깥 슬립,SOUT,DEFENSE,B,N12,"{""distance"": ""long"", ""stance"": ""OO"", ""foot_position"": ""neutral"", ""angle"": ""centerline aligned"", ""ring_position"": ""center"", ""space"": {""A"": ""center"", ""B"": ""center"", ""retreat_available"": ""both""}, ""A"": {""head"": ""center line"", ""weight"": ""neutral / variant dependent"", ""guard"": ""attacking arm displaced; other hand protection conditional"", ""phase"": ""extension"", ""arm"": ""lead/variant extended"", ""rotation"": ""none"", ""balance"": ""stable"", ""free_hand"": ""both"", ""foot"": ""neutral"", ""bearing"": ""facing opponent""}, ""B"": {""head"": ""center line"", ""weight"": ""neutral / variant dependent"", ""guard"": ""normal"", ""phase"": ""neutral"", ""arm"": ""home"", ""rotation"": ""none"", ""balance"": ""stable"", ""free_hand"": ""both"", ""foot"": ""neutral"", ""bearing"": ""facing opponent""}, ""belief"": {""A"": ""unknown"", ""B"": ""unknown""}, ""target"": ""head / combination variable"", ""phase_window"": ""잽 라인""}","{""distance"": ""long"", ""stance"": ""OO"", ""foot_position"": ""neutral"", ""angle"": ""head off punching line; body angle not automatic"", ""ring_position"": ""center"", ""space"": {""A"": ""center"", ""B"": ""center"", ""retreat_available"": ""both""}, ""A"": {""head"": ""center line"", ""weight"": ""neutral / variant dependent"", ""guard"": ""attacking arm displaced; other hand protection conditional"", ""phase"": ""recovery"", ""arm"": ""lead/variant extended"", ""rotation"": ""none"", ""balance"": ""stable"", ""free_hand"": ""both"", ""foot"": ""neutral"", ""bearing"": ""facing opponent""}, ""B"": {""head"": ""outside incoming punch"", ""weight"": ""variant dependent: support/load must be checked"", ""guard"": ""normal"", ""phase"": ""evasion"", ""arm"": ""home"", ""rotation"": ""none"", ""balance"": ""stable"", ""free_hand"": ""both"", ""foot"": ""neutral"", ""bearing"": ""facing opponent""}, ""belief"": {""A"": ""unknown"", ""B"": ""unknown""}, ""target"": ""head / combination variable"", ""phase_window"": ""stationary: 머리만 바깥, 발 위치 그대로""}",해당 직선 공격선을 벗어남,다음 펀치 재조준·훅·균형 손실,"[""N12_S3""]",들어오는 특정 펀치의 팔 바깥으로 머리 이동,"stationary: 머리만 바깥, 발 위치 그대로","[""S02"", ""S07""]",biomechanical inference
N12_S3,A: Double jab · 더블 잽,DOUBLE,OFFENSE,A,N12,"{""distance"": ""long"", ""stance"": ""OO"", ""foot_position"": ""neutral"", ""angle"": ""head off punching line; body angle not automatic"", ""ring_position"": ""center"", ""space"": {""A"": ""center"", ""B"": ""center"", ""retreat_available"": ""both""}, ""A"": {""head"": ""center line"", ""weight"": ""neutral / variant dependent"", ""guard"": ""attacking arm displaced; other hand protection conditional"", ""phase"": ""recovery"", ""arm"": ""lead/variant extended"", ""rotation"": ""none"", ""balance"": ""stable"", ""free_hand"": ""both"", ""foot"": ""neutral"", ""bearing"": ""facing opponent""}, ""B"": {""head"": ""outside incoming punch"", ""weight"": ""variant dependent: support/load must be checked"", ""guard"": ""normal"", ""phase"": ""evasion"", ""arm"": ""home"", ""rotation"": ""none"", ""balance"": ""stable"", ""free_hand"": ""both"", ""foot"": ""neutral"", ""bearing"": ""facing opponent""}, ""belief"": {""A"": ""unknown"", ""B"": ""unknown""}, ""target"": ""head / combination variable"", ""phase_window"": ""stationary: 머리만 바깥, 발 위치 그대로""}","{""distance"": ""long"", ""stance"": ""OO"", ""foot_position"": ""neutral"", ""angle"": ""head off punching line; body angle not automatic"", ""ring_position"": ""center"", ""space"": {""A"": ""center"", ""B"": ""center"", ""retreat_available"": ""both""}, ""A"": {""head"": ""center line"", ""weight"": ""neutral / variant dependent"", ""guard"": ""attacking arm displaced; other hand protection conditional"", ""phase"": ""extension"", ""arm"": ""lead/variant extended"", ""rotation"": ""none"", ""balance"": ""stable"", ""free_hand"": ""both"", ""foot"": ""neutral"", ""bearing"": ""facing opponent""}, ""B"": {""head"": ""outside incoming punch"", ""weight"": ""variant dependent: support/load must be checked"", ""guard"": ""normal"", ""phase"": ""evasion"", ""arm"": ""home"", ""rotation"": ""none"", ""balance"": ""stable"", ""free_hand"": ""both"", ""foot"": ""neutral"", ""bearing"": ""facing opponent""}, ""belief"": {""A"": ""unknown"", ""B"": ""unknown""}, ""target"": ""head / combination variable"", ""phase_window"": ""회수 후 이동 표적에 새 잽""}",한 번의 방어 후 재조준·진입 가능,"두 잽 사이 인터셉트, 연속 전진의 균형 손실","[""N12_S4""]",첫 잽을 복귀시켜 두 번째 잽의 표적·박자를 조절,회수 후 이동 표적에 새 잽,"[""S01"", ""S06""]",biomechanical inference
N12_S4,B: Block · 블록,BLOCK,DEFENSE,B,N12,"{""distance"": ""long"", ""stance"": ""OO"", ""foot_position"": ""neutral"", ""angle"": ""head off punching line; body angle not automatic"", ""ring_position"": ""center"", ""space"": {""A"": ""center"", ""B"": ""center"", ""retreat_available"": ""both""}, ""A"": {""head"": ""center line"", ""weight"": ""neutral / variant dependent"", ""guard"": ""attacking arm displaced; other hand protection conditional"", ""phase"": ""extension"", ""arm"": ""lead/variant extended"", ""rotation"": ""none"", ""balance"": ""stable"", ""free_hand"": ""both"", ""foot"": ""neutral"", ""bearing"": ""facing opponent""}, ""B"": {""head"": ""outside incoming punch"", ""weight"": ""variant dependent: support/load must be checked"", ""guard"": ""normal"", ""phase"": ""evasion"", ""arm"": ""home"", ""rotation"": ""none"", ""balance"": ""stable"", ""free_hand"": ""both"", ""foot"": ""neutral"", ""bearing"": ""facing opponent""}, ""belief"": {""A"": ""unknown"", ""B"": ""unknown""}, ""target"": ""head / combination variable"", ""phase_window"": ""회수 후 이동 표적에 새 잽""}","{""distance"": ""long"", ""stance"": ""OO"", ""foot_position"": ""neutral"", ""angle"": ""head off punching line; body angle not automatic"", ""ring_position"": ""center"", ""space"": {""A"": ""center"", ""B"": ""center"", ""retreat_available"": ""both""}, ""A"": {""head"": ""center line"", ""weight"": ""neutral / variant dependent"", ""guard"": ""attacking arm displaced; other hand protection conditional"", ""phase"": ""recovery"", ""arm"": ""lead/variant extended"", ""rotation"": ""none"", ""balance"": ""stable"", ""free_hand"": ""both"", ""foot"": ""neutral"", ""bearing"": ""facing opponent""}, ""B"": {""head"": ""outside incoming punch"", ""weight"": ""variant dependent: support/load must be checked"", ""guard"": ""target-specific block"", ""phase"": ""impact/cover"", ""arm"": ""home"", ""rotation"": ""none"", ""balance"": ""stable"", ""free_hand"": ""both"", ""foot"": ""neutral"", ""bearing"": ""facing opponent""}, ""belief"": {""A"": ""unknown"", ""B"": ""unknown""}, ""target"": ""head / combination variable"", ""phase_window"": ""새 궤도에는 글러브 방어""}",머리·보디 맞교환을 제한,충격·다른 표적 열림·고정 방어 읽힘,"[""N12_S5""]",팔·글러브로 예상 공격 통로를 닫음,새 궤도에는 글러브 방어,"[""S01"", ""S02""]",biomechanical inference
N12_S5,B: Exit angle · 각도 탈출,EXIT,POSITION,B,N12,"{""distance"": ""long"", ""stance"": ""OO"", ""foot_position"": ""neutral"", ""angle"": ""head off punching line; body angle not automatic"", ""ring_position"": ""center"", ""space"": {""A"": ""center"", ""B"": ""center"", ""retreat_available"": ""both""}, ""A"": {""head"": ""center line"", ""weight"": ""neutral / variant dependent"", ""guard"": ""attacking arm displaced; other hand protection conditional"", ""phase"": ""recovery"", ""arm"": ""lead/variant extended"", ""rotation"": ""none"", ""balance"": ""stable"", ""free_hand"": ""both"", ""foot"": ""neutral"", ""bearing"": ""facing opponent""}, ""B"": {""head"": ""outside incoming punch"", ""weight"": ""variant dependent: support/load must be checked"", ""guard"": ""target-specific block"", ""phase"": ""impact/cover"", ""arm"": ""home"", ""rotation"": ""none"", ""balance"": ""stable"", ""free_hand"": ""both"", ""foot"": ""neutral"", ""bearing"": ""facing opponent""}, ""belief"": {""A"": ""unknown"", ""B"": ""unknown""}, ""target"": ""head / combination variable"", ""phase_window"": ""새 궤도에는 글러브 방어""}","{""distance"": ""long"", ""stance"": ""OO"", ""foot_position"": ""angle candidate"", ""angle"": ""off-line candidate; opponent may reorient"", ""ring_position"": ""center"", ""space"": {""A"": ""center"", ""B"": ""center"", ""retreat_available"": ""both""}, ""A"": {""head"": ""center line"", ""weight"": ""neutral / variant dependent"", ""guard"": ""attacking arm displaced; other hand protection conditional"", ""phase"": ""recovery"", ""arm"": ""lead/variant extended"", ""rotation"": ""none"", ""balance"": ""stable"", ""free_hand"": ""both"", ""foot"": ""neutral"", ""bearing"": ""facing opponent""}, ""B"": {""head"": ""outside incoming punch"", ""weight"": ""variant dependent: support/load must be checked"", ""guard"": ""target-specific block"", ""phase"": ""footwork"", ""arm"": ""home"", ""rotation"": ""none"", ""balance"": ""stable only after placement; transient step risk"", ""free_hand"": ""both"", ""foot"": ""neutral"", ""bearing"": ""reoriented toward opponent; conditional completion""}, ""belief"": {""A"": ""unknown"", ""B"": ""unknown""}, ""target"": ""head / combination variable"", ""phase_window"": ""그 뒤 옆각도 확보""}",콤비네이션 직선 추격에서 벗어남,상대 훅·링 커팅·뒤돌기 금지,"[""N12_S6""]",방어·짧은 타격 뒤 옆 이동과 재지향,그 뒤 옆각도 확보,"[""S06""]",biomechanical inference
N12_S6,A: Reset · 재정렬,RESET,POSITION,A,N12,"{""distance"": ""long"", ""stance"": ""OO"", ""foot_position"": ""angle candidate"", ""angle"": ""off-line candidate; opponent may reorient"", ""ring_position"": ""center"", ""space"": {""A"": ""center"", ""B"": ""center"", ""retreat_available"": ""both""}, ""A"": {""head"": ""center line"", ""weight"": ""neutral / variant dependent"", ""guard"": ""attacking arm displaced; other hand protection conditional"", ""phase"": ""recovery"", ""arm"": ""lead/variant extended"", ""rotation"": ""none"", ""balance"": ""stable"", ""free_hand"": ""both"", ""foot"": ""neutral"", ""bearing"": ""facing opponent""}, ""B"": {""head"": ""outside incoming punch"", ""weight"": ""variant dependent: support/load must be checked"", ""guard"": ""target-specific block"", ""phase"": ""footwork"", ""arm"": ""home"", ""rotation"": ""none"", ""balance"": ""stable only after placement; transient step risk"", ""free_hand"": ""both"", ""foot"": ""neutral"", ""bearing"": ""reoriented toward opponent; conditional completion""}, ""belief"": {""A"": ""unknown"", ""B"": ""unknown""}, ""target"": ""head / combination variable"", ""phase_window"": ""그 뒤 옆각도 확보""}","{""distance"": ""long"", ""stance"": ""OO"", ""foot_position"": ""neutral"", ""angle"": ""centerline aligned"", ""ring_position"": ""center"", ""space"": {""A"": ""center"", ""B"": ""center"", ""retreat_available"": ""both""}, ""A"": {""head"": ""center line / guarded"", ""weight"": ""neutral / ready"", ""guard"": ""normal"", ""phase"": ""neutral"", ""arm"": ""home"", ""rotation"": ""none"", ""balance"": ""stable"", ""free_hand"": ""both"", ""foot"": ""neutral"", ""bearing"": ""facing opponent""}, ""B"": {""head"": ""center line / guarded"", ""weight"": ""neutral / ready"", ""guard"": ""normal"", ""phase"": ""neutral"", ""arm"": ""home"", ""rotation"": ""none"", ""balance"": ""stable"", ""free_hand"": ""both"", ""foot"": ""neutral"", ""bearing"": ""facing opponent""}, ""belief"": {""A"": ""unknown"", ""B"": ""unknown""}, ""target"": ""none"", ""phase_window"": ""B 각도로 재지향""}",새 교환 준비,시간 비용; 상대가 계속 치면 완료 불가,"[""N12_S0""]",손·발·시선·상대 bearing을 다시 맞춤,B 각도로 재지향,"[""S06""]",biomechanical inference
N12_S7,B: Slip + step · 슬립+스텝,SSTEP,DEFENSE,B,N12,"{""distance"": ""long"", ""stance"": ""OO"", ""foot_position"": ""neutral"", ""angle"": ""centerline aligned"", ""ring_position"": ""center"", ""space"": {""A"": ""center"", ""B"": ""center"", ""retreat_available"": ""both""}, ""A"": {""head"": ""center line"", ""weight"": ""neutral / variant dependent"", ""guard"": ""attacking arm displaced; other hand protection conditional"", ""phase"": ""extension"", ""arm"": ""lead/variant extended"", ""rotation"": ""none"", ""balance"": ""stable"", ""free_hand"": ""both"", ""foot"": ""neutral"", ""bearing"": ""facing opponent""}, ""B"": {""head"": ""center line"", ""weight"": ""neutral / variant dependent"", ""guard"": ""normal"", ""phase"": ""neutral"", ""arm"": ""home"", ""rotation"": ""none"", ""balance"": ""stable"", ""free_hand"": ""both"", ""foot"": ""neutral"", ""bearing"": ""facing opponent""}, ""belief"": {""A"": ""unknown"", ""B"": ""unknown""}, ""target"": ""head / combination variable"", ""phase_window"": ""잽 라인""}","{""distance"": ""mid"", ""stance"": ""OO"", ""foot_position"": ""neutral"", ""angle"": ""head off punching line; body angle not automatic"", ""ring_position"": ""center"", ""space"": {""A"": ""center"", ""B"": ""center"", ""retreat_available"": ""both""}, ""A"": {""head"": ""center line"", ""weight"": ""neutral / variant dependent"", ""guard"": ""attacking arm displaced; other hand protection conditional"", ""phase"": ""recovery"", ""arm"": ""lead/variant extended"", ""rotation"": ""none"", ""balance"": ""stable"", ""free_hand"": ""both"", ""foot"": ""neutral"", ""bearing"": ""facing opponent""}, ""B"": {""head"": ""outside incoming punch"", ""weight"": ""variant dependent: support/load must be checked"", ""guard"": ""normal"", ""phase"": ""footwork + action"", ""arm"": ""home"", ""rotation"": ""none"", ""balance"": ""stable only after placement; transient step risk"", ""free_hand"": ""both"", ""foot"": ""neutral"", ""bearing"": ""facing opponent""}, ""belief"": {""A"": ""unknown"", ""B"": ""unknown""}, ""target"": ""head / combination variable"", ""phase_window"": ""slip+step: 한 발만 너무 크게 나가지 않고 사거리 압축""}",위치·거리도 함께 변경,스텝 시간·발 충돌·각도 추적 허용,"[""N12_S8""]",머리 라인 이동과 작은 발 이동 결합,slip+step: 한 발만 너무 크게 나가지 않고 사거리 압축,"[""S06"", ""S07""]",biomechanical inference
N12_S8,B: Counter body shot · 보디 카운터,CB,COUNTER,B,N12,"{""distance"": ""mid"", ""stance"": ""OO"", ""foot_position"": ""neutral"", ""angle"": ""head off punching line; body angle not automatic"", ""ring_position"": ""center"", ""space"": {""A"": ""center"", ""B"": ""center"", ""retreat_available"": ""both""}, ""A"": {""head"": ""center line"", ""weight"": ""neutral / variant dependent"", ""guard"": ""attacking arm displaced; other hand protection conditional"", ""phase"": ""recovery"", ""arm"": ""lead/variant extended"", ""rotation"": ""none"", ""balance"": ""stable"", ""free_hand"": ""both"", ""foot"": ""neutral"", ""bearing"": ""facing opponent""}, ""B"": {""head"": ""outside incoming punch"", ""weight"": ""variant dependent: support/load must be checked"", ""guard"": ""normal"", ""phase"": ""footwork + action"", ""arm"": ""home"", ""rotation"": ""none"", ""balance"": ""stable only after placement; transient step risk"", ""free_hand"": ""both"", ""foot"": ""neutral"", ""bearing"": ""facing opponent""}, ""belief"": {""A"": ""unknown"", ""B"": ""unknown""}, ""target"": ""head / combination variable"", ""phase_window"": ""slip+step: 한 발만 너무 크게 나가지 않고 사거리 압축""}","{""distance"": ""mid"", ""stance"": ""OO"", ""foot_position"": ""neutral"", ""angle"": ""head off punching line; body angle not automatic"", ""ring_position"": ""center"", ""space"": {""A"": ""center"", ""B"": ""center"", ""retreat_available"": ""both""}, ""A"": {""head"": ""center line"", ""weight"": ""neutral / variant dependent"", ""guard"": ""attacking arm displaced; other hand protection conditional"", ""phase"": ""recovery"", ""arm"": ""lead/variant extended"", ""rotation"": ""none"", ""balance"": ""stable"", ""free_hand"": ""both"", ""foot"": ""neutral"", ""bearing"": ""facing opponent""}, ""B"": {""head"": ""low; lateral offset conditional"", ""weight"": ""variant dependent: support/load must be checked"", ""guard"": ""attacking arm displaced; other hand protection conditional"", ""phase"": ""extension"", ""arm"": ""lead/variant extended"", ""rotation"": ""none"", ""balance"": ""stable only after placement; transient step risk"", ""free_hand"": ""both"", ""foot"": ""neutral"", ""bearing"": ""facing opponent""}, ""belief"": {""A"": ""unknown"", ""B"": ""unknown""}, ""target"": ""body"", ""phase_window"": ""도착 지지면·합법 보디 라인""}",들린 팔·높은 가드 아래 이용,머리를 맞교환 라인에 두면 위험,"[""N12_S9""]",상대 위쪽 공격 뒤 합법 몸통 표적,도착 지지면·합법 보디 라인,"[""S16"", ""S10""]",biomechanical inference
N12_S9,A: Elbow body block · 팔꿈치 블록,ELBOW,DEFENSE,A,N12,"{""distance"": ""mid"", ""stance"": ""OO"", ""foot_position"": ""neutral"", ""angle"": ""head off punching line; body angle not automatic"", ""ring_position"": ""center"", ""space"": {""A"": ""center"", ""B"": ""center"", ""retreat_available"": ""both""}, ""A"": {""head"": ""center line"", ""weight"": ""neutral / variant dependent"", ""guard"": ""attacking arm displaced; other hand protection conditional"", ""phase"": ""recovery"", ""arm"": ""lead/variant extended"", ""rotation"": ""none"", ""balance"": ""stable"", ""free_hand"": ""both"", ""foot"": ""neutral"", ""bearing"": ""facing opponent""}, ""B"": {""head"": ""low; lateral offset conditional"", ""weight"": ""variant dependent: support/load must be checked"", ""guard"": ""attacking arm displaced; other hand protection conditional"", ""phase"": ""extension"", ""arm"": ""lead/variant extended"", ""rotation"": ""none"", ""balance"": ""stable only after placement; transient step risk"", ""free_hand"": ""both"", ""foot"": ""neutral"", ""bearing"": ""facing opponent""}, ""belief"": {""A"": ""unknown"", ""B"": ""unknown""}, ""target"": ""body"", ""phase_window"": ""도착 지지면·합법 보디 라인""}","{""distance"": ""mid"", ""stance"": ""OO"", ""foot_position"": ""neutral"", ""angle"": ""head off punching line; body angle not automatic"", ""ring_position"": ""center"", ""space"": {""A"": ""center"", ""B"": ""center"", ""retreat_available"": ""both""}, ""A"": {""head"": ""center line"", ""weight"": ""neutral / variant dependent"", ""guard"": ""elbow tucked; head glove conditional"", ""phase"": ""impact/cover"", ""arm"": ""home"", ""rotation"": ""none"", ""balance"": ""stable"", ""free_hand"": ""both"", ""foot"": ""neutral"", ""bearing"": ""facing opponent""}, ""B"": {""head"": ""low; lateral offset conditional"", ""weight"": ""variant dependent: support/load must be checked"", ""guard"": ""attacking arm displaced; other hand protection conditional"", ""phase"": ""recovery"", ""arm"": ""lead/variant extended"", ""rotation"": ""none"", ""balance"": ""stable only after placement; transient step risk"", ""free_hand"": ""both"", ""foot"": ""neutral"", ""bearing"": ""facing opponent""}, ""belief"": {""A"": ""unknown"", ""B"": ""unknown""}, ""target"": ""body"", ""phase_window"": ""보디 면 차단""}",보디 훅·사선 공격을 팔로 받음,같은 쪽 머리 가드가 실제로 내려가면 head opening,"[""N12_S10""]",팔꿈치를 좁히거나 몸통 회전으로 보디 통로 차단,보디 면 차단,"[""S01"", ""S16""]",biomechanical inference
N12_S10,A: Lead hook · 앞손 훅,LH,OFFENSE,A,N12,"{""distance"": ""mid"", ""stance"": ""OO"", ""foot_position"": ""neutral"", ""angle"": ""head off punching line; body angle not automatic"", ""ring_position"": ""center"", ""space"": {""A"": ""center"", ""B"": ""center"", ""retreat_available"": ""both""}, ""A"": {""head"": ""center line"", ""weight"": ""neutral / variant dependent"", ""guard"": ""elbow tucked; head glove conditional"", ""phase"": ""impact/cover"", ""arm"": ""home"", ""rotation"": ""none"", ""balance"": ""stable"", ""free_hand"": ""both"", ""foot"": ""neutral"", ""bearing"": ""facing opponent""}, ""B"": {""head"": ""low; lateral offset conditional"", ""weight"": ""variant dependent: support/load must be checked"", ""guard"": ""attacking arm displaced; other hand protection conditional"", ""phase"": ""recovery"", ""arm"": ""lead/variant extended"", ""rotation"": ""none"", ""balance"": ""stable only after placement; transient step risk"", ""free_hand"": ""both"", ""foot"": ""neutral"", ""bearing"": ""facing opponent""}, ""belief"": {""A"": ""unknown"", ""B"": ""unknown""}, ""target"": ""body"", ""phase_window"": ""보디 면 차단""}","{""distance"": ""mid"", ""stance"": ""OO"", ""foot_position"": ""neutral"", ""angle"": ""head off punching line; body angle not automatic"", ""ring_position"": ""center"", ""space"": {""A"": ""center"", ""B"": ""center"", ""retreat_available"": ""both""}, ""A"": {""head"": ""center line"", ""weight"": ""neutral / variant dependent"", ""guard"": ""attacking arm displaced; other hand protection conditional"", ""phase"": ""extension"", ""arm"": ""lead/variant extended"", ""rotation"": ""punch-specific rotation; magnitude variable"", ""balance"": ""stable"", ""free_hand"": ""both"", ""foot"": ""neutral"", ""bearing"": ""facing opponent""}, ""B"": {""head"": ""low; lateral offset conditional"", ""weight"": ""variant dependent: support/load must be checked"", ""guard"": ""attacking arm displaced; other hand protection conditional"", ""phase"": ""recovery"", ""arm"": ""lead/variant extended"", ""rotation"": ""none"", ""balance"": ""stable only after placement; transient step risk"", ""free_hand"": ""both"", ""foot"": ""neutral"", ""bearing"": ""facing opponent""}, ""belief"": {""A"": ""unknown"", ""B"": ""unknown""}, ""target"": ""head / combination variable"", ""phase_window"": ""B 머리가 훅 사거리 안에 남음""}",직선 밖 이동한 표적·측면 가드 공략,넓게 돌면 직선 인터셉트와 반대 훅에 노출,"[""N12_S11""]",앞손 곡선으로 옆 표적을 향하고 짧게 회수,B 머리가 훅 사거리 안에 남음,"[""S03""]",biomechanical inference
N12_S11,B: Slip + pivot · 슬립+피벗,SPIVOT,DEFENSE,B,N12,"{""distance"": ""mid"", ""stance"": ""OO"", ""foot_position"": ""neutral"", ""angle"": ""head off punching line; body angle not automatic"", ""ring_position"": ""center"", ""space"": {""A"": ""center"", ""B"": ""center"", ""retreat_available"": ""both""}, ""A"": {""head"": ""center line"", ""weight"": ""neutral / variant dependent"", ""guard"": ""attacking arm displaced; other hand protection conditional"", ""phase"": ""extension"", ""arm"": ""lead/variant extended"", ""rotation"": ""punch-specific rotation; magnitude variable"", ""balance"": ""stable"", ""free_hand"": ""both"", ""foot"": ""neutral"", ""bearing"": ""facing opponent""}, ""B"": {""head"": ""low; lateral offset conditional"", ""weight"": ""variant dependent: support/load must be checked"", ""guard"": ""attacking arm displaced; other hand protection conditional"", ""phase"": ""recovery"", ""arm"": ""lead/variant extended"", ""rotation"": ""none"", ""balance"": ""stable only after placement; transient step risk"", ""free_hand"": ""both"", ""foot"": ""neutral"", ""bearing"": ""facing opponent""}, ""belief"": {""A"": ""unknown"", ""B"": ""unknown""}, ""target"": ""head / combination variable"", ""phase_window"": ""B 머리가 훅 사거리 안에 남음""}","{""distance"": ""mid"", ""stance"": ""OO"", ""foot_position"": ""angle candidate"", ""angle"": ""off-line candidate; opponent may reorient"", ""ring_position"": ""center"", ""space"": {""A"": ""center"", ""B"": ""center"", ""retreat_available"": ""both""}, ""A"": {""head"": ""center line"", ""weight"": ""neutral / variant dependent"", ""guard"": ""attacking arm displaced; other hand protection conditional"", ""phase"": ""recovery"", ""arm"": ""lead/variant extended"", ""rotation"": ""punch-specific rotation; magnitude variable"", ""balance"": ""stable"", ""free_hand"": ""both"", ""foot"": ""neutral"", ""bearing"": ""facing opponent""}, ""B"": {""head"": ""outside incoming punch"", ""weight"": ""variant dependent: support/load must be checked"", ""guard"": ""attacking arm displaced; other hand protection conditional"", ""phase"": ""footwork + action"", ""arm"": ""home"", ""rotation"": ""none"", ""balance"": ""stable only after placement; transient step risk"", ""free_hand"": ""both"", ""foot"": ""neutral"", ""bearing"": ""reoriented toward opponent; conditional completion""}, ""belief"": {""A"": ""unknown"", ""B"": ""unknown""}, ""target"": ""head / combination variable"", ""phase_window"": ""slip+pivot: 훅 궤도 바깥·출구 발 확보""}",복귀 공격선 밖에 남는 선택,축발·출구가 막히면 회전 미완,"[""N12_S12""]",머리 회피와 재지향 회전 결합,slip+pivot: 훅 궤도 바깥·출구 발 확보,"[""S06"", ""S07""]",biomechanical inference
N12_S12,A: Reset · 재정렬,RESET,POSITION,A,N12,"{""distance"": ""mid"", ""stance"": ""OO"", ""foot_position"": ""angle candidate"", ""angle"": ""off-line candidate; opponent may reorient"", ""ring_position"": ""center"", ""space"": {""A"": ""center"", ""B"": ""center"", ""retreat_available"": ""both""}, ""A"": {""head"": ""center line"", ""weight"": ""neutral / variant dependent"", ""guard"": ""attacking arm displaced; other hand protection conditional"", ""phase"": ""recovery"", ""arm"": ""lead/variant extended"", ""rotation"": ""punch-specific rotation; magnitude variable"", ""balance"": ""stable"", ""free_hand"": ""both"", ""foot"": ""neutral"", ""bearing"": ""facing opponent""}, ""B"": {""head"": ""outside incoming punch"", ""weight"": ""variant dependent: support/load must be checked"", ""guard"": ""attacking arm displaced; other hand protection conditional"", ""phase"": ""footwork + action"", ""arm"": ""home"", ""rotation"": ""none"", ""balance"": ""stable only after placement; transient step risk"", ""free_hand"": ""both"", ""foot"": ""neutral"", ""bearing"": ""reoriented toward opponent; conditional completion""}, ""belief"": {""A"": ""unknown"", ""B"": ""unknown""}, ""target"": ""head / combination variable"", ""phase_window"": ""slip+pivot: 훅 궤도 바깥·출구 발 확보""}","{""distance"": ""mid"", ""stance"": ""OO"", ""foot_position"": ""neutral"", ""angle"": ""centerline aligned"", ""ring_position"": ""center"", ""space"": {""A"": ""center"", ""B"": ""center"", ""retreat_available"": ""both""}, ""A"": {""head"": ""center line / guarded"", ""weight"": ""neutral / ready"", ""guard"": ""normal"", ""phase"": ""neutral"", ""arm"": ""home"", ""rotation"": ""none"", ""balance"": ""stable"", ""free_hand"": ""both"", ""foot"": ""neutral"", ""bearing"": ""facing opponent""}, ""B"": {""head"": ""center line / guarded"", ""weight"": ""neutral / ready"", ""guard"": ""normal"", ""phase"": ""neutral"", ""arm"": ""home"", ""rotation"": ""none"", ""balance"": ""stable"", ""free_hand"": ""both"", ""foot"": ""neutral"", ""bearing"": ""facing opponent""}, ""belief"": {""A"": ""unknown"", ""B"": ""unknown""}, ""target"": ""none"", ""phase_window"": ""새 각도 재정렬""}",새 교환 준비,시간 비용; 상대가 계속 치면 완료 불가,"[""N12_S0""]",손·발·시선·상대 bearing을 다시 맞춤,새 각도 재정렬,"[""S06""]",biomechanical inference
N13_S0,시작 상태,,STATE,,N13,"{""distance"": ""long"", ""stance"": ""OS"", ""foot_position"": ""neutral"", ""angle"": ""centerline aligned"", ""ring_position"": ""center"", ""space"": {""A"": ""center"", ""B"": ""center"", ""retreat_available"": ""both""}, ""A"": {""head"": ""center line"", ""weight"": ""neutral / variant dependent"", ""guard"": ""normal"", ""phase"": ""neutral"", ""arm"": ""home"", ""rotation"": ""none"", ""balance"": ""stable"", ""free_hand"": ""both"", ""foot"": ""neutral"", ""bearing"": ""facing opponent""}, ""B"": {""head"": ""center line"", ""weight"": ""neutral / variant dependent"", ""guard"": ""normal"", ""phase"": ""neutral"", ""arm"": ""home"", ""rotation"": ""none"", ""balance"": ""stable"", ""free_hand"": ""both"", ""foot"": ""neutral"", ""bearing"": ""facing opponent""}, ""belief"": {""A"": ""unknown"", ""B"": ""unknown""}, ""target"": ""none"", ""phase_window"": ""neutral""}","{""distance"": ""long"", ""stance"": ""OS"", ""foot_position"": ""neutral"", ""angle"": ""centerline aligned"", ""ring_position"": ""center"", ""space"": {""A"": ""center"", ""B"": ""center"", ""retreat_available"": ""both""}, ""A"": {""head"": ""center line"", ""weight"": ""neutral / variant dependent"", ""guard"": ""normal"", ""phase"": ""neutral"", ""arm"": ""home"", ""rotation"": ""none"", ""balance"": ""stable"", ""free_hand"": ""both"", ""foot"": ""neutral"", ""bearing"": ""facing opponent""}, ""B"": {""head"": ""center line"", ""weight"": ""neutral / variant dependent"", ""guard"": ""normal"", ""phase"": ""neutral"", ""arm"": ""home"", ""rotation"": ""none"", ""balance"": ""stable"", ""free_hand"": ""both"", ""foot"": ""neutral"", ""bearing"": ""facing opponent""}, ""belief"": {""A"": ""unknown"", ""B"": ""unknown""}, ""target"": ""none"", ""phase_window"": ""neutral""}",교환의 전제 확인,중립도 선제 위협에 노출,"[""N13_S1""]",,,,
N13_S1,A: Hand fighting · 앞손 싸움,HAND,MANIPULATION,A,N13,"{""distance"": ""long"", ""stance"": ""OS"", ""foot_position"": ""neutral"", ""angle"": ""centerline aligned"", ""ring_position"": ""center"", ""space"": {""A"": ""center"", ""B"": ""center"", ""retreat_available"": ""both""}, ""A"": {""head"": ""center line"", ""weight"": ""neutral / variant dependent"", ""guard"": ""normal"", ""phase"": ""neutral"", ""arm"": ""home"", ""rotation"": ""none"", ""balance"": ""stable"", ""free_hand"": ""both"", ""foot"": ""neutral"", ""bearing"": ""facing opponent""}, ""B"": {""head"": ""center line"", ""weight"": ""neutral / variant dependent"", ""guard"": ""normal"", ""phase"": ""neutral"", ""arm"": ""home"", ""rotation"": ""none"", ""balance"": ""stable"", ""free_hand"": ""both"", ""foot"": ""neutral"", ""bearing"": ""facing opponent""}, ""belief"": {""A"": ""unknown"", ""B"": ""unknown""}, ""target"": ""none"", ""phase_window"": ""neutral""}","{""distance"": ""long"", ""stance"": ""OS"", ""foot_position"": ""neutral"", ""angle"": ""centerline aligned"", ""ring_position"": ""center"", ""space"": {""A"": ""center"", ""B"": ""center"", ""retreat_available"": ""both""}, ""A"": {""head"": ""center line"", ""weight"": ""neutral / variant dependent"", ""guard"": ""lead hand contact; rear guard conditional"", ""phase"": ""observing / preparation"", ""arm"": ""lead contact"", ""rotation"": ""none"", ""balance"": ""stable"", ""free_hand"": ""both"", ""foot"": ""neutral"", ""bearing"": ""facing opponent""}, ""B"": {""head"": ""center line"", ""weight"": ""neutral / variant dependent"", ""guard"": ""normal"", ""phase"": ""neutral"", ""arm"": ""home"", ""rotation"": ""none"", ""balance"": ""stable"", ""free_hand"": ""both"", ""foot"": ""neutral"", ""bearing"": ""facing opponent""}, ""belief"": {""A"": ""unknown"", ""B"": ""cue observed; response not deterministic""}, ""target"": ""none"", ""phase_window"": ""OS에서 앞손끼리 접촉 경쟁""}",잽 라인·뒷손 라인 준비,자기 앞손 측면 공백·상대 뒷손,"[""N13_S2"", ""N13_S9""]",짧은 접촉·패리로 상대 앞손 위치 경쟁,OS에서 앞손끼리 접촉 경쟁,"[""S12"", ""S13""]",biomechanical inference
N13_S2,A: Outside lead foot · 바깥 앞발,OUTFOOT,POSITION,A,N13,"{""distance"": ""long"", ""stance"": ""OS"", ""foot_position"": ""neutral"", ""angle"": ""centerline aligned"", ""ring_position"": ""center"", ""space"": {""A"": ""center"", ""B"": ""center"", ""retreat_available"": ""both""}, ""A"": {""head"": ""center line"", ""weight"": ""neutral / variant dependent"", ""guard"": ""lead hand contact; rear guard conditional"", ""phase"": ""observing / preparation"", ""arm"": ""lead contact"", ""rotation"": ""none"", ""balance"": ""stable"", ""free_hand"": ""both"", ""foot"": ""neutral"", ""bearing"": ""facing opponent""}, ""B"": {""head"": ""center line"", ""weight"": ""neutral / variant dependent"", ""guard"": ""normal"", ""phase"": ""neutral"", ""arm"": ""home"", ""rotation"": ""none"", ""balance"": ""stable"", ""free_hand"": ""both"", ""foot"": ""neutral"", ""bearing"": ""facing opponent""}, ""belief"": {""A"": ""unknown"", ""B"": ""cue observed; response not deterministic""}, ""target"": ""none"", ""phase_window"": ""OS에서 앞손끼리 접촉 경쟁""}","{""distance"": ""long"", ""stance"": ""OS"", ""foot_position"": ""A outside"", ""angle"": ""centerline aligned"", ""ring_position"": ""center"", ""space"": {""A"": ""center"", ""B"": ""center"", ""retreat_available"": ""both""}, ""A"": {""head"": ""center line"", ""weight"": ""neutral / variant dependent"", ""guard"": ""lead hand contact; rear guard conditional"", ""phase"": ""footwork"", ""arm"": ""home"", ""rotation"": ""none"", ""balance"": ""stable only after placement; transient step risk"", ""free_hand"": ""both"", ""foot"": ""A outside"", ""bearing"": ""facing opponent""}, ""B"": {""head"": ""center line"", ""weight"": ""neutral / variant dependent"", ""guard"": ""normal"", ""phase"": ""neutral"", ""arm"": ""home"", ""rotation"": ""none"", ""balance"": ""stable"", ""free_hand"": ""both"", ""foot"": ""neutral"", ""bearing"": ""facing opponent""}, ""belief"": {""A"": ""unknown"", ""B"": ""cue observed; response not deterministic""}, ""target"": ""none"", ""phase_window"": ""A 왼앞발을 B 오른앞발 바깥; 몸통도 정렬""}",뒷손 통로·측면 출구를 만들 수 있음,상대 재피벗·앞손 훅·안쪽 타격; 자동 안전 아님,"[""N13_S3""]",오픈 스탠스에서 앞발을 상대 앞발 바깥에 위치,A 왼앞발을 B 오른앞발 바깥; 몸통도 정렬,"[""S13""]",biomechanical inference
N13_S3,A: Rear straight / cross · 뒷손 직선,CROSS,OFFENSE,A,N13,"{""distance"": ""long"", ""stance"": ""OS"", ""foot_position"": ""A outside"", ""angle"": ""centerline aligned"", ""ring_position"": ""center"", ""space"": {""A"": ""center"", ""B"": ""center"", ""retreat_available"": ""both""}, ""A"": {""head"": ""center line"", ""weight"": ""neutral / variant dependent"", ""guard"": ""lead hand contact; rear guard conditional"", ""phase"": ""footwork"", ""arm"": ""home"", ""rotation"": ""none"", ""balance"": ""stable only after placement; transient step risk"", ""free_hand"": ""both"", ""foot"": ""A outside"", ""bearing"": ""facing opponent""}, ""B"": {""head"": ""center line"", ""weight"": ""neutral / variant dependent"", ""guard"": ""normal"", ""phase"": ""neutral"", ""arm"": ""home"", ""rotation"": ""none"", ""balance"": ""stable"", ""free_hand"": ""both"", ""foot"": ""neutral"", ""bearing"": ""facing opponent""}, ""belief"": {""A"": ""unknown"", ""B"": ""cue observed; response not deterministic""}, ""target"": ""none"", ""phase_window"": ""A 왼앞발을 B 오른앞발 바깥; 몸통도 정렬""}","{""distance"": ""long"", ""stance"": ""OS"", ""foot_position"": ""A outside"", ""angle"": ""centerline aligned"", ""ring_position"": ""center"", ""space"": {""A"": ""center"", ""B"": ""center"", ""retreat_available"": ""both""}, ""A"": {""head"": ""center line"", ""weight"": ""neutral / variant dependent"", ""guard"": ""attacking arm displaced; other hand protection conditional"", ""phase"": ""extension"", ""arm"": ""rear extended"", ""rotation"": ""punch-specific rotation; magnitude variable"", ""balance"": ""stable only after placement; transient step risk"", ""free_hand"": ""both"", ""foot"": ""A outside"", ""bearing"": ""facing opponent""}, ""B"": {""head"": ""center line"", ""weight"": ""neutral / variant dependent"", ""guard"": ""normal"", ""phase"": ""neutral"", ""arm"": ""home"", ""rotation"": ""none"", ""balance"": ""stable"", ""free_hand"": ""both"", ""foot"": ""neutral"", ""bearing"": ""facing opponent""}, ""belief"": {""A"": ""unknown"", ""B"": ""cue observed; response not deterministic""}, ""target"": ""head / combination variable"", ""phase_window"": ""머리도 B 뒷손 라인에서 벗어나고 A 뒷손 통로 열림""}",상대 복귀·열린 직선 통로 이용,뒷손 가드 이탈과 회전 회수 구간,"[""N13_S4""]",몸통·팔을 협응해 뒷손 직선 후 회수,머리도 B 뒷손 라인에서 벗어나고 A 뒷손 통로 열림,"[""S03""]",biomechanical inference
N13_S4,B: Pivot · 피벗,PIVOT,POSITION,B,N13,"{""distance"": ""long"", ""stance"": ""OS"", ""foot_position"": ""A outside"", ""angle"": ""centerline aligned"", ""ring_position"": ""center"", ""space"": {""A"": ""center"", ""B"": ""center"", ""retreat_available"": ""both""}, ""A"": {""head"": ""center line"", ""weight"": ""neutral / variant dependent"", ""guard"": ""attacking arm displaced; other hand protection conditional"", ""phase"": ""extension"", ""arm"": ""rear extended"", ""rotation"": ""punch-specific rotation; magnitude variable"", ""balance"": ""stable only after placement; transient step risk"", ""free_hand"": ""both"", ""foot"": ""A outside"", ""bearing"": ""facing opponent""}, ""B"": {""head"": ""center line"", ""weight"": ""neutral / variant dependent"", ""guard"": ""normal"", ""phase"": ""neutral"", ""arm"": ""home"", ""rotation"": ""none"", ""balance"": ""stable"", ""free_hand"": ""both"", ""foot"": ""neutral"", ""bearing"": ""facing opponent""}, ""belief"": {""A"": ""unknown"", ""B"": ""cue observed; response not deterministic""}, ""target"": ""head / combination variable"", ""phase_window"": ""머리도 B 뒷손 라인에서 벗어나고 A 뒷손 통로 열림""}","{""distance"": ""long"", ""stance"": ""OS"", ""foot_position"": ""angle candidate"", ""angle"": ""off-line candidate; opponent may reorient"", ""ring_position"": ""center"", ""space"": {""A"": ""center"", ""B"": ""center"", ""retreat_available"": ""both""}, ""A"": {""head"": ""center line"", ""weight"": ""neutral / variant dependent"", ""guard"": ""attacking arm displaced; other hand protection conditional"", ""phase"": ""recovery"", ""arm"": ""rear extended"", ""rotation"": ""punch-specific rotation; magnitude variable"", ""balance"": ""stable only after placement; transient step risk"", ""free_hand"": ""both"", ""foot"": ""A outside"", ""bearing"": ""facing opponent""}, ""B"": {""head"": ""center line"", ""weight"": ""neutral / variant dependent"", ""guard"": ""normal"", ""phase"": ""footwork"", ""arm"": ""home"", ""rotation"": ""none"", ""balance"": ""stable only after placement; transient step risk"", ""free_hand"": ""both"", ""foot"": ""neutral"", ""bearing"": ""reoriented toward opponent; conditional completion""}, ""belief"": {""A"": ""unknown"", ""B"": ""cue observed; response not deterministic""}, ""target"": ""head / combination variable"", ""phase_window"": ""B가 A와 다시 마주보도록 재피벗""}",공격선 옆각도·출구 확보,축발 막힘·과회전·상대가 같이 돌기,"[""N13_S5""]",지지발 주위로 다른 발과 몸을 재지향,B가 A와 다시 마주보도록 재피벗,"[""S06""]",biomechanical inference
N13_S5,B: Counter hook · 카운터 훅,CH,COUNTER,B,N13,"{""distance"": ""long"", ""stance"": ""OS"", ""foot_position"": ""angle candidate"", ""angle"": ""off-line candidate; opponent may reorient"", ""ring_position"": ""center"", ""space"": {""A"": ""center"", ""B"": ""center"", ""retreat_available"": ""both""}, ""A"": {""head"": ""center line"", ""weight"": ""neutral / variant dependent"", ""guard"": ""attacking arm displaced; other hand protection conditional"", ""phase"": ""recovery"", ""arm"": ""rear extended"", ""rotation"": ""punch-specific rotation; magnitude variable"", ""balance"": ""stable only after placement; transient step risk"", ""free_hand"": ""both"", ""foot"": ""A outside"", ""bearing"": ""facing opponent""}, ""B"": {""head"": ""center line"", ""weight"": ""neutral / variant dependent"", ""guard"": ""normal"", ""phase"": ""footwork"", ""arm"": ""home"", ""rotation"": ""none"", ""balance"": ""stable only after placement; transient step risk"", ""free_hand"": ""both"", ""foot"": ""neutral"", ""bearing"": ""reoriented toward opponent; conditional completion""}, ""belief"": {""A"": ""unknown"", ""B"": ""cue observed; response not deterministic""}, ""target"": ""head / combination variable"", ""phase_window"": ""B가 A와 다시 마주보도록 재피벗""}","{""distance"": ""mid"", ""stance"": ""OS"", ""foot_position"": ""angle candidate"", ""angle"": ""off-line candidate; opponent may reorient"", ""ring_position"": ""center"", ""space"": {""A"": ""center"", ""B"": ""center"", ""retreat_available"": ""both""}, ""A"": {""head"": ""center line"", ""weight"": ""neutral / variant dependent"", ""guard"": ""attacking arm displaced; other hand protection conditional"", ""phase"": ""recovery"", ""arm"": ""rear extended"", ""rotation"": ""punch-specific rotation; magnitude variable"", ""balance"": ""stable only after placement; transient step risk"", ""free_hand"": ""both"", ""foot"": ""A outside"", ""bearing"": ""facing opponent""}, ""B"": {""head"": ""center line"", ""weight"": ""neutral / variant dependent"", ""guard"": ""attacking arm displaced; other hand protection conditional"", ""phase"": ""extension"", ""arm"": ""lead/variant extended"", ""rotation"": ""punch-specific rotation; magnitude variable"", ""balance"": ""stable only after placement; transient step risk"", ""free_hand"": ""both"", ""foot"": ""neutral"", ""bearing"": ""reoriented toward opponent; conditional completion""}, ""belief"": {""A"": ""unknown"", ""B"": ""cue observed; response not deterministic""}, ""target"": ""head / combination variable"", ""phase_window"": ""A 출구가 B 앞손 훅 사거리 안에 남은 경우""}",직선 복귀·측면 노출 활용,"짧은 사거리, 반대 손 카운터","[""N13_S6""]",방어로 생긴 측면 표적을 짧게 공격,A 출구가 B 앞손 훅 사거리 안에 남은 경우,"[""S03"", ""S16""]",biomechanical inference
N13_S6,A: Block · 블록,BLOCK,DEFENSE,A,N13,"{""distance"": ""mid"", ""stance"": ""OS"", ""foot_position"": ""angle candidate"", ""angle"": ""off-line candidate; opponent may reorient"", ""ring_position"": ""center"", ""space"": {""A"": ""center"", ""B"": ""center"", ""retreat_available"": ""both""}, ""A"": {""head"": ""center line"", ""weight"": ""neutral / variant dependent"", ""guard"": ""attacking arm displaced; other hand protection conditional"", ""phase"": ""recovery"", ""arm"": ""rear extended"", ""rotation"": ""punch-specific rotation; magnitude variable"", ""balance"": ""stable only after placement; transient step risk"", ""free_hand"": ""both"", ""foot"": ""A outside"", ""bearing"": ""facing opponent""}, ""B"": {""head"": ""center line"", ""weight"": ""neutral / variant dependent"", ""guard"": ""attacking arm displaced; other hand protection conditional"", ""phase"": ""extension"", ""arm"": ""lead/variant extended"", ""rotation"": ""punch-specific rotation; magnitude variable"", ""balance"": ""stable only after placement; transient step risk"", ""free_hand"": ""both"", ""foot"": ""neutral"", ""bearing"": ""reoriented toward opponent; conditional completion""}, ""belief"": {""A"": ""unknown"", ""B"": ""cue observed; response not deterministic""}, ""target"": ""head / combination variable"", ""phase_window"": ""A 출구가 B 앞손 훅 사거리 안에 남은 경우""}","{""distance"": ""mid"", ""stance"": ""OS"", ""foot_position"": ""angle candidate"", ""angle"": ""off-line candidate; opponent may reorient"", ""ring_position"": ""center"", ""space"": {""A"": ""center"", ""B"": ""center"", ""retreat_available"": ""both""}, ""A"": {""head"": ""center line"", ""weight"": ""neutral / variant dependent"", ""guard"": ""target-specific block"", ""phase"": ""impact/cover"", ""arm"": ""home"", ""rotation"": ""punch-specific rotation; magnitude variable"", ""balance"": ""stable only after placement; transient step risk"", ""free_hand"": ""both"", ""foot"": ""A outside"", ""bearing"": ""facing opponent""}, ""B"": {""head"": ""center line"", ""weight"": ""neutral / variant dependent"", ""guard"": ""attacking arm displaced; other hand protection conditional"", ""phase"": ""recovery"", ""arm"": ""lead/variant extended"", ""rotation"": ""punch-specific rotation; magnitude variable"", ""balance"": ""stable only after placement; transient step risk"", ""free_hand"": ""both"", ""foot"": ""neutral"", ""bearing"": ""reoriented toward opponent; conditional completion""}, ""belief"": {""A"": ""unknown"", ""B"": ""cue observed; response not deterministic""}, ""target"": ""head / combination variable"", ""phase_window"": ""측면 가드를 복구""}",머리·보디 맞교환을 제한,충격·다른 표적 열림·고정 방어 읽힘,"[""N13_S7""]",팔·글러브로 예상 공격 통로를 닫음,측면 가드를 복구,"[""S01"", ""S02""]",biomechanical inference
N13_S7,A: Exit angle · 각도 탈출,EXIT,POSITION,A,N13,"{""distance"": ""mid"", ""stance"": ""OS"", ""foot_position"": ""angle candidate"", ""angle"": ""off-line candidate; opponent may reorient"", ""ring_position"": ""center"", ""space"": {""A"": ""center"", ""B"": ""center"", ""retreat_available"": ""both""}, ""A"": {""head"": ""center line"", ""weight"": ""neutral / variant dependent"", ""guard"": ""target-specific block"", ""phase"": ""impact/cover"", ""arm"": ""home"", ""rotation"": ""punch-specific rotation; magnitude variable"", ""balance"": ""stable only after placement; transient step risk"", ""free_hand"": ""both"", ""foot"": ""A outside"", ""bearing"": ""facing opponent""}, ""B"": {""head"": ""center line"", ""weight"": ""neutral / variant dependent"", ""guard"": ""attacking arm displaced; other hand protection conditional"", ""phase"": ""recovery"", ""arm"": ""lead/variant extended"", ""rotation"": ""punch-specific rotation; magnitude variable"", ""balance"": ""stable only after placement; transient step risk"", ""free_hand"": ""both"", ""foot"": ""neutral"", ""bearing"": ""reoriented toward opponent; conditional completion""}, ""belief"": {""A"": ""unknown"", ""B"": ""cue observed; response not deterministic""}, ""target"": ""head / combination variable"", ""phase_window"": ""측면 가드를 복구""}","{""distance"": ""mid"", ""stance"": ""OS"", ""foot_position"": ""angle candidate"", ""angle"": ""off-line candidate; opponent may reorient"", ""ring_position"": ""center"", ""space"": {""A"": ""center"", ""B"": ""center"", ""retreat_available"": ""both""}, ""A"": {""head"": ""center line"", ""weight"": ""neutral / variant dependent"", ""guard"": ""target-specific block"", ""phase"": ""footwork"", ""arm"": ""home"", ""rotation"": ""punch-specific rotation; magnitude variable"", ""balance"": ""stable only after placement; transient step risk"", ""free_hand"": ""both"", ""foot"": ""A outside"", ""bearing"": ""reoriented toward opponent; conditional completion""}, ""B"": {""head"": ""center line"", ""weight"": ""neutral / variant dependent"", ""guard"": ""attacking arm displaced; other hand protection conditional"", ""phase"": ""recovery"", ""arm"": ""lead/variant extended"", ""rotation"": ""punch-specific rotation; magnitude variable"", ""balance"": ""stable only after placement; transient step risk"", ""free_hand"": ""both"", ""foot"": ""neutral"", ""bearing"": ""reoriented toward opponent; conditional completion""}, ""belief"": {""A"": ""unknown"", ""B"": ""cue observed; response not deterministic""}, ""target"": ""head / combination variable"", ""phase_window"": ""바깥발만 고집하지 않고 빈 출구""}",콤비네이션 직선 추격에서 벗어남,상대 훅·링 커팅·뒤돌기 금지,"[""N13_S8""]",방어·짧은 타격 뒤 옆 이동과 재지향,바깥발만 고집하지 않고 빈 출구,"[""S06""]",biomechanical inference
N13_S8,B: Reset · 재정렬,RESET,POSITION,B,N13,"{""distance"": ""mid"", ""stance"": ""OS"", ""foot_position"": ""angle candidate"", ""angle"": ""off-line candidate; opponent may reorient"", ""ring_position"": ""center"", ""space"": {""A"": ""center"", ""B"": ""center"", ""retreat_available"": ""both""}, ""A"": {""head"": ""center line"", ""weight"": ""neutral / variant dependent"", ""guard"": ""target-specific block"", ""phase"": ""footwork"", ""arm"": ""home"", ""rotation"": ""punch-specific rotation; magnitude variable"", ""balance"": ""stable only after placement; transient step risk"", ""free_hand"": ""both"", ""foot"": ""A outside"", ""bearing"": ""reoriented toward opponent; conditional completion""}, ""B"": {""head"": ""center line"", ""weight"": ""neutral / variant dependent"", ""guard"": ""attacking arm displaced; other hand protection conditional"", ""phase"": ""recovery"", ""arm"": ""lead/variant extended"", ""rotation"": ""punch-specific rotation; magnitude variable"", ""balance"": ""stable only after placement; transient step risk"", ""free_hand"": ""both"", ""foot"": ""neutral"", ""bearing"": ""reoriented toward opponent; conditional completion""}, ""belief"": {""A"": ""unknown"", ""B"": ""cue observed; response not deterministic""}, ""target"": ""head / combination variable"", ""phase_window"": ""바깥발만 고집하지 않고 빈 출구""}","{""distance"": ""mid"", ""stance"": ""OS"", ""foot_position"": ""neutral"", ""angle"": ""centerline aligned"", ""ring_position"": ""center"", ""space"": {""A"": ""center"", ""B"": ""center"", ""retreat_available"": ""both""}, ""A"": {""head"": ""center line / guarded"", ""weight"": ""neutral / ready"", ""guard"": ""normal"", ""phase"": ""neutral"", ""arm"": ""home"", ""rotation"": ""none"", ""balance"": ""stable"", ""free_hand"": ""both"", ""foot"": ""neutral"", ""bearing"": ""facing opponent""}, ""B"": {""head"": ""center line / guarded"", ""weight"": ""neutral / ready"", ""guard"": ""normal"", ""phase"": ""neutral"", ""arm"": ""home"", ""rotation"": ""none"", ""balance"": ""stable"", ""free_hand"": ""both"", ""foot"": ""neutral"", ""bearing"": ""facing opponent""}, ""belief"": {""A"": ""unknown"", ""B"": ""cue observed; response not deterministic""}, ""target"": ""none"", ""phase_window"": ""양쪽 각도·발 중립 재정렬""}",새 교환 준비,시간 비용; 상대가 계속 치면 완료 불가,"[""N13_S0""]",손·발·시선·상대 bearing을 다시 맞춤,양쪽 각도·발 중립 재정렬,"[""S06""]",biomechanical inference
N13_S9,B: Inside lead foot · 안쪽 앞발,INFOOT,POSITION,B,N13,"{""distance"": ""long"", ""stance"": ""OS"", ""foot_position"": ""neutral"", ""angle"": ""centerline aligned"", ""ring_position"": ""center"", ""space"": {""A"": ""center"", ""B"": ""center"", ""retreat_available"": ""both""}, ""A"": {""head"": ""center line"", ""weight"": ""neutral / variant dependent"", ""guard"": ""lead hand contact; rear guard conditional"", ""phase"": ""observing / preparation"", ""arm"": ""lead contact"", ""rotation"": ""none"", ""balance"": ""stable"", ""free_hand"": ""both"", ""foot"": ""neutral"", ""bearing"": ""facing opponent""}, ""B"": {""head"": ""center line"", ""weight"": ""neutral / variant dependent"", ""guard"": ""normal"", ""phase"": ""neutral"", ""arm"": ""home"", ""rotation"": ""none"", ""balance"": ""stable"", ""free_hand"": ""both"", ""foot"": ""neutral"", ""bearing"": ""facing opponent""}, ""belief"": {""A"": ""unknown"", ""B"": ""cue observed; response not deterministic""}, ""target"": ""none"", ""phase_window"": ""OS에서 앞손끼리 접촉 경쟁""}","{""distance"": ""long"", ""stance"": ""OS"", ""foot_position"": ""B inside"", ""angle"": ""centerline aligned"", ""ring_position"": ""center"", ""space"": {""A"": ""center"", ""B"": ""center"", ""retreat_available"": ""both""}, ""A"": {""head"": ""center line"", ""weight"": ""neutral / variant dependent"", ""guard"": ""lead hand contact; rear guard conditional"", ""phase"": ""observing / preparation"", ""arm"": ""lead contact"", ""rotation"": ""none"", ""balance"": ""stable"", ""free_hand"": ""both"", ""foot"": ""neutral"", ""bearing"": ""facing opponent""}, ""B"": {""head"": ""center line"", ""weight"": ""neutral / variant dependent"", ""guard"": ""normal"", ""phase"": ""footwork"", ""arm"": ""home"", ""rotation"": ""none"", ""balance"": ""stable only after placement; transient step risk"", ""free_hand"": ""both"", ""foot"": ""B inside"", ""bearing"": ""facing opponent""}, ""belief"": {""A"": ""unknown"", ""B"": ""cue observed; response not deterministic""}, ""target"": ""none"", ""phase_window"": ""B가 안쪽에 있어도 머리·가드를 A 뒷손에서 offset""}",빠른 안쪽 통로·앞손 공격도 가능,상대 바깥 뒷손 라인 노출,"[""N13_S10""]",상대 앞발 안쪽 위치에서 머리·손을 정렬,B가 안쪽에 있어도 머리·가드를 A 뒷손에서 offset,"[""S13""]",biomechanical inference
N13_S10,B: Counter jab · 카운터 잽,CJ,COUNTER,B,N13,"{""distance"": ""long"", ""stance"": ""OS"", ""foot_position"": ""B inside"", ""angle"": ""centerline aligned"", ""ring_position"": ""center"", ""space"": {""A"": ""center"", ""B"": ""center"", ""retreat_available"": ""both""}, ""A"": {""head"": ""center line"", ""weight"": ""neutral / variant dependent"", ""guard"": ""lead hand contact; rear guard conditional"", ""phase"": ""observing / preparation"", ""arm"": ""lead contact"", ""rotation"": ""none"", ""balance"": ""stable"", ""free_hand"": ""both"", ""foot"": ""neutral"", ""bearing"": ""facing opponent""}, ""B"": {""head"": ""center line"", ""weight"": ""neutral / variant dependent"", ""guard"": ""normal"", ""phase"": ""footwork"", ""arm"": ""home"", ""rotation"": ""none"", ""balance"": ""stable only after placement; transient step risk"", ""free_hand"": ""both"", ""foot"": ""B inside"", ""bearing"": ""facing opponent""}, ""belief"": {""A"": ""unknown"", ""B"": ""cue observed; response not deterministic""}, ""target"": ""none"", ""phase_window"": ""B가 안쪽에 있어도 머리·가드를 A 뒷손에서 offset""}","{""distance"": ""long"", ""stance"": ""OS"", ""foot_position"": ""B inside"", ""angle"": ""centerline aligned"", ""ring_position"": ""center"", ""space"": {""A"": ""center"", ""B"": ""center"", ""retreat_available"": ""both""}, ""A"": {""head"": ""center line"", ""weight"": ""neutral / variant dependent"", ""guard"": ""lead hand contact; rear guard conditional"", ""phase"": ""observing / preparation"", ""arm"": ""lead contact"", ""rotation"": ""none"", ""balance"": ""stable"", ""free_hand"": ""both"", ""foot"": ""neutral"", ""bearing"": ""facing opponent""}, ""B"": {""head"": ""center line"", ""weight"": ""neutral / variant dependent"", ""guard"": ""attacking arm displaced; other hand protection conditional"", ""phase"": ""extension"", ""arm"": ""lead/variant extended"", ""rotation"": ""none"", ""balance"": ""stable only after placement; transient step risk"", ""free_hand"": ""both"", ""foot"": ""B inside"", ""bearing"": ""facing opponent""}, ""belief"": {""A"": ""unknown"", ""B"": ""cue observed; response not deterministic""}, ""target"": ""head / combination variable"", ""phase_window"": ""안쪽 잽 통로와 거리 확보""}",작은 반격으로 주도권·거리 회복,상대의 두 번째 공격에 다시 읽힘,"[""N13_S11""]",방어 뒤 또는 상대 준비에 짧은 앞손 직선,안쪽 잽 통로와 거리 확보,"[""S11"", ""S16""]",biomechanical inference
N13_S11,A: Catch · 캐치,CATCH,DEFENSE,A,N13,"{""distance"": ""long"", ""stance"": ""OS"", ""foot_position"": ""B inside"", ""angle"": ""centerline aligned"", ""ring_position"": ""center"", ""space"": {""A"": ""center"", ""B"": ""center"", ""retreat_available"": ""both""}, ""A"": {""head"": ""center line"", ""weight"": ""neutral / variant dependent"", ""guard"": ""lead hand contact; rear guard conditional"", ""phase"": ""observing / preparation"", ""arm"": ""lead contact"", ""rotation"": ""none"", ""balance"": ""stable"", ""free_hand"": ""both"", ""foot"": ""neutral"", ""bearing"": ""facing opponent""}, ""B"": {""head"": ""center line"", ""weight"": ""neutral / variant dependent"", ""guard"": ""attacking arm displaced; other hand protection conditional"", ""phase"": ""extension"", ""arm"": ""lead/variant extended"", ""rotation"": ""none"", ""balance"": ""stable only after placement; transient step risk"", ""free_hand"": ""both"", ""foot"": ""B inside"", ""bearing"": ""facing opponent""}, ""belief"": {""A"": ""unknown"", ""B"": ""cue observed; response not deterministic""}, ""target"": ""head / combination variable"", ""phase_window"": ""안쪽 잽 통로와 거리 확보""}","{""distance"": ""long"", ""stance"": ""OS"", ""foot_position"": ""B inside"", ""angle"": ""centerline aligned"", ""ring_position"": ""center"", ""space"": {""A"": ""center"", ""B"": ""center"", ""retreat_available"": ""both""}, ""A"": {""head"": ""center line"", ""weight"": ""neutral / variant dependent"", ""guard"": ""small catch; rest covered if recovered"", ""phase"": ""impact/cover"", ""arm"": ""home"", ""rotation"": ""none"", ""balance"": ""stable"", ""free_hand"": ""both"", ""foot"": ""neutral"", ""bearing"": ""facing opponent""}, ""B"": {""head"": ""center line"", ""weight"": ""neutral / variant dependent"", ""guard"": ""attacking arm displaced; other hand protection conditional"", ""phase"": ""recovery"", ""arm"": ""lead/variant extended"", ""rotation"": ""none"", ""balance"": ""stable only after placement; transient step risk"", ""free_hand"": ""both"", ""foot"": ""B inside"", ""bearing"": ""facing opponent""}, ""belief"": {""A"": ""unknown"", ""B"": ""cue observed; response not deterministic""}, ""target"": ""head / combination variable"", ""phase_window"": ""앞손 또는 뒷손 선택은 실제 궤도·손 위치에 따라""}",사거리 유지·반대 손 준비,큰 도달·글러브가 얼굴로 밀림·페인트 반응,"[""N13_S12""]",작은 글러브 면으로 직선을 받음,앞손 또는 뒷손 선택은 실제 궤도·손 위치에 따라,"[""S02"", ""S11""]",biomechanical inference
N13_S12,A: Lead hook · 앞손 훅,LH,OFFENSE,A,N13,"{""distance"": ""long"", ""stance"": ""OS"", ""foot_position"": ""B inside"", ""angle"": ""centerline aligned"", ""ring_position"": ""center"", ""space"": {""A"": ""center"", ""B"": ""center"", ""retreat_available"": ""both""}, ""A"": {""head"": ""center line"", ""weight"": ""neutral / variant dependent"", ""guard"": ""small catch; rest covered if recovered"", ""phase"": ""impact/cover"", ""arm"": ""home"", ""rotation"": ""none"", ""balance"": ""stable"", ""free_hand"": ""both"", ""foot"": ""neutral"", ""bearing"": ""facing opponent""}, ""B"": {""head"": ""center line"", ""weight"": ""neutral / variant dependent"", ""guard"": ""attacking arm displaced; other hand protection conditional"", ""phase"": ""recovery"", ""arm"": ""lead/variant extended"", ""rotation"": ""none"", ""balance"": ""stable only after placement; transient step risk"", ""free_hand"": ""both"", ""foot"": ""B inside"", ""bearing"": ""facing opponent""}, ""belief"": {""A"": ""unknown"", ""B"": ""cue observed; response not deterministic""}, ""target"": ""head / combination variable"", ""phase_window"": ""앞손 또는 뒷손 선택은 실제 궤도·손 위치에 따라""}","{""distance"": ""mid"", ""stance"": ""OS"", ""foot_position"": ""B inside"", ""angle"": ""centerline aligned"", ""ring_position"": ""center"", ""space"": {""A"": ""center"", ""B"": ""center"", ""retreat_available"": ""both""}, ""A"": {""head"": ""center line"", ""weight"": ""neutral / variant dependent"", ""guard"": ""attacking arm displaced; other hand protection conditional"", ""phase"": ""extension"", ""arm"": ""lead/variant extended"", ""rotation"": ""punch-specific rotation; magnitude variable"", ""balance"": ""stable"", ""free_hand"": ""both"", ""foot"": ""neutral"", ""bearing"": ""facing opponent""}, ""B"": {""head"": ""center line"", ""weight"": ""neutral / variant dependent"", ""guard"": ""attacking arm displaced; other hand protection conditional"", ""phase"": ""recovery"", ""arm"": ""lead/variant extended"", ""rotation"": ""none"", ""balance"": ""stable only after placement; transient step risk"", ""free_hand"": ""both"", ""foot"": ""B inside"", ""bearing"": ""facing opponent""}, ""belief"": {""A"": ""unknown"", ""B"": ""cue observed; response not deterministic""}, ""target"": ""head / combination variable"", ""phase_window"": ""B 안쪽 진입이 훅 사거리 안에 남음""}",직선 밖 이동한 표적·측면 가드 공략,넓게 돌면 직선 인터셉트와 반대 훅에 노출,"[""N13_S13""]",앞손 곡선으로 옆 표적을 향하고 짧게 회수,B 안쪽 진입이 훅 사거리 안에 남음,"[""S03""]",biomechanical inference
N13_S13,B: Step-back · 후퇴 스텝,BACK,POSITION,B,N13,"{""distance"": ""mid"", ""stance"": ""OS"", ""foot_position"": ""B inside"", ""angle"": ""centerline aligned"", ""ring_position"": ""center"", ""space"": {""A"": ""center"", ""B"": ""center"", ""retreat_available"": ""both""}, ""A"": {""head"": ""center line"", ""weight"": ""neutral / variant dependent"", ""guard"": ""attacking arm displaced; other hand protection conditional"", ""phase"": ""extension"", ""arm"": ""lead/variant extended"", ""rotation"": ""punch-specific rotation; magnitude variable"", ""balance"": ""stable"", ""free_hand"": ""both"", ""foot"": ""neutral"", ""bearing"": ""facing opponent""}, ""B"": {""head"": ""center line"", ""weight"": ""neutral / variant dependent"", ""guard"": ""attacking arm displaced; other hand protection conditional"", ""phase"": ""recovery"", ""arm"": ""lead/variant extended"", ""rotation"": ""none"", ""balance"": ""stable only after placement; transient step risk"", ""free_hand"": ""both"", ""foot"": ""B inside"", ""bearing"": ""facing opponent""}, ""belief"": {""A"": ""unknown"", ""B"": ""cue observed; response not deterministic""}, ""target"": ""head / combination variable"", ""phase_window"": ""B 안쪽 진입이 훅 사거리 안에 남음""}","{""distance"": ""long"", ""stance"": ""OS"", ""foot_position"": ""B inside"", ""angle"": ""centerline aligned"", ""ring_position"": ""center"", ""space"": {""A"": ""center"", ""B"": ""center"", ""retreat_available"": ""both""}, ""A"": {""head"": ""center line"", ""weight"": ""neutral / variant dependent"", ""guard"": ""attacking arm displaced; other hand protection conditional"", ""phase"": ""recovery"", ""arm"": ""lead/variant extended"", ""rotation"": ""punch-specific rotation; magnitude variable"", ""balance"": ""stable"", ""free_hand"": ""both"", ""foot"": ""neutral"", ""bearing"": ""facing opponent""}, ""B"": {""head"": ""center line"", ""weight"": ""neutral / variant dependent"", ""guard"": ""attacking arm displaced; other hand protection conditional"", ""phase"": ""footwork"", ""arm"": ""home"", ""rotation"": ""none"", ""balance"": ""stable only after placement; transient step risk"", ""free_hand"": ""both"", ""foot"": ""B inside"", ""bearing"": ""facing opponent""}, ""belief"": {""A"": ""unknown"", ""B"": ""cue observed; response not deterministic""}, ""target"": ""head / combination variable"", ""phase_window"": ""후퇴 공간으로 훅 밖""}",상대 펀치 사거리 밖으로,추격·로프·전진 반격에 새 스텝 필요,"[""N13_S14""]",두 발의 간격을 보존하며 뒤로 이동,후퇴 공간으로 훅 밖,"[""S01"", ""S06""]",biomechanical inference
N13_S14,A: Reset · 재정렬,RESET,POSITION,A,N13,"{""distance"": ""long"", ""stance"": ""OS"", ""foot_position"": ""B inside"", ""angle"": ""centerline aligned"", ""ring_position"": ""center"", ""space"": {""A"": ""center"", ""B"": ""center"", ""retreat_available"": ""both""}, ""A"": {""head"": ""center line"", ""weight"": ""neutral / variant dependent"", ""guard"": ""attacking arm displaced; other hand protection conditional"", ""phase"": ""recovery"", ""arm"": ""lead/variant extended"", ""rotation"": ""punch-specific rotation; magnitude variable"", ""balance"": ""stable"", ""free_hand"": ""both"", ""foot"": ""neutral"", ""bearing"": ""facing opponent""}, ""B"": {""head"": ""center line"", ""weight"": ""neutral / variant dependent"", ""guard"": ""attacking arm displaced; other hand protection conditional"", ""phase"": ""footwork"", ""arm"": ""home"", ""rotation"": ""none"", ""balance"": ""stable only after placement; transient step risk"", ""free_hand"": ""both"", ""foot"": ""B inside"", ""bearing"": ""facing opponent""}, ""belief"": {""A"": ""unknown"", ""B"": ""cue observed; response not deterministic""}, ""target"": ""head / combination variable"", ""phase_window"": ""후퇴 공간으로 훅 밖""}","{""distance"": ""long"", ""stance"": ""OS"", ""foot_position"": ""neutral"", ""angle"": ""centerline aligned"", ""ring_position"": ""center"", ""space"": {""A"": ""center"", ""B"": ""center"", ""retreat_available"": ""both""}, ""A"": {""head"": ""center line / guarded"", ""weight"": ""neutral / ready"", ""guard"": ""normal"", ""phase"": ""neutral"", ""arm"": ""home"", ""rotation"": ""none"", ""balance"": ""stable"", ""free_hand"": ""both"", ""foot"": ""neutral"", ""bearing"": ""facing opponent""}, ""B"": {""head"": ""center line / guarded"", ""weight"": ""neutral / ready"", ""guard"": ""normal"", ""phase"": ""neutral"", ""arm"": ""home"", ""rotation"": ""none"", ""balance"": ""stable"", ""free_hand"": ""both"", ""foot"": ""neutral"", ""bearing"": ""facing opponent""}, ""belief"": {""A"": ""unknown"", ""B"": ""cue observed; response not deterministic""}, ""target"": ""none"", ""phase_window"": ""발 우위를 주장하기 전 상대 몸통 각도 재확인""}",새 교환 준비,시간 비용; 상대가 계속 치면 완료 불가,"[""N13_S0""]",손·발·시선·상대 bearing을 다시 맞춤,발 우위를 주장하기 전 상대 몸통 각도 재확인,"[""S06""]",biomechanical inference
N14_S0,시작 상태,,STATE,,N14,"{""distance"": ""long"", ""stance"": ""OS"", ""foot_position"": ""neutral"", ""angle"": ""centerline aligned"", ""ring_position"": ""center"", ""space"": {""A"": ""center"", ""B"": ""center"", ""retreat_available"": ""both""}, ""A"": {""head"": ""center line"", ""weight"": ""neutral / variant dependent"", ""guard"": ""normal"", ""phase"": ""neutral"", ""arm"": ""home"", ""rotation"": ""none"", ""balance"": ""stable"", ""free_hand"": ""both"", ""foot"": ""neutral"", ""bearing"": ""facing opponent""}, ""B"": {""head"": ""center line"", ""weight"": ""neutral / variant dependent"", ""guard"": ""normal"", ""phase"": ""neutral"", ""arm"": ""home"", ""rotation"": ""none"", ""balance"": ""stable"", ""free_hand"": ""both"", ""foot"": ""neutral"", ""bearing"": ""facing opponent""}, ""belief"": {""A"": ""unknown"", ""B"": ""unknown""}, ""target"": ""none"", ""phase_window"": ""neutral""}","{""distance"": ""long"", ""stance"": ""OS"", ""foot_position"": ""neutral"", ""angle"": ""centerline aligned"", ""ring_position"": ""center"", ""space"": {""A"": ""center"", ""B"": ""center"", ""retreat_available"": ""both""}, ""A"": {""head"": ""center line"", ""weight"": ""neutral / variant dependent"", ""guard"": ""normal"", ""phase"": ""neutral"", ""arm"": ""home"", ""rotation"": ""none"", ""balance"": ""stable"", ""free_hand"": ""both"", ""foot"": ""neutral"", ""bearing"": ""facing opponent""}, ""B"": {""head"": ""center line"", ""weight"": ""neutral / variant dependent"", ""guard"": ""normal"", ""phase"": ""neutral"", ""arm"": ""home"", ""rotation"": ""none"", ""balance"": ""stable"", ""free_hand"": ""both"", ""foot"": ""neutral"", ""bearing"": ""facing opponent""}, ""belief"": {""A"": ""unknown"", ""B"": ""unknown""}, ""target"": ""none"", ""phase_window"": ""neutral""}",교환의 전제 확인,중립도 선제 위협에 노출,"[""N14_S1""]",,,,
N14_S1,A: Lead jab · 잽,JAB,OFFENSE,A,N14,"{""distance"": ""long"", ""stance"": ""OS"", ""foot_position"": ""neutral"", ""angle"": ""centerline aligned"", ""ring_position"": ""center"", ""space"": {""A"": ""center"", ""B"": ""center"", ""retreat_available"": ""both""}, ""A"": {""head"": ""center line"", ""weight"": ""neutral / variant dependent"", ""guard"": ""normal"", ""phase"": ""neutral"", ""arm"": ""home"", ""rotation"": ""none"", ""balance"": ""stable"", ""free_hand"": ""both"", ""foot"": ""neutral"", ""bearing"": ""facing opponent""}, ""B"": {""head"": ""center line"", ""weight"": ""neutral / variant dependent"", ""guard"": ""normal"", ""phase"": ""neutral"", ""arm"": ""home"", ""rotation"": ""none"", ""balance"": ""stable"", ""free_hand"": ""both"", ""foot"": ""neutral"", ""bearing"": ""facing opponent""}, ""belief"": {""A"": ""unknown"", ""B"": ""unknown""}, ""target"": ""none"", ""phase_window"": ""neutral""}","{""distance"": ""long"", ""stance"": ""OS"", ""foot_position"": ""neutral"", ""angle"": ""centerline aligned"", ""ring_position"": ""center"", ""space"": {""A"": ""center"", ""B"": ""center"", ""retreat_available"": ""both""}, ""A"": {""head"": ""center line"", ""weight"": ""neutral / variant dependent"", ""guard"": ""attacking arm displaced; other hand protection conditional"", ""phase"": ""extension"", ""arm"": ""lead/variant extended"", ""rotation"": ""none"", ""balance"": ""stable"", ""free_hand"": ""both"", ""foot"": ""neutral"", ""bearing"": ""facing opponent""}, ""B"": {""head"": ""center line"", ""weight"": ""neutral / variant dependent"", ""guard"": ""normal"", ""phase"": ""neutral"", ""arm"": ""home"", ""rotation"": ""none"", ""balance"": ""stable"", ""free_hand"": ""both"", ""foot"": ""neutral"", ""bearing"": ""facing opponent""}, ""belief"": {""A"": ""unknown"", ""B"": ""unknown""}, ""target"": ""head / combination variable"", ""phase_window"": ""OS: A 왼앞손과 B 오른앞손의 가까운 라인""}",사거리·반응을 확인하고 시야를 가림,앞손 복귀 동안 같은 쪽 가드가 비며 단조로운 타이밍을 읽힐 수 있음,"[""N14_S2""]",앞손을 짧게 직선으로 보내고 복귀,OS: A 왼앞손과 B 오른앞손의 가까운 라인,"[""S01"", ""S02""]",biomechanical inference
N14_S2,B: Small parry · 작은 패리,PARRY,DEFENSE,B,N14,"{""distance"": ""long"", ""stance"": ""OS"", ""foot_position"": ""neutral"", ""angle"": ""centerline aligned"", ""ring_position"": ""center"", ""space"": {""A"": ""center"", ""B"": ""center"", ""retreat_available"": ""both""}, ""A"": {""head"": ""center line"", ""weight"": ""neutral / variant dependent"", ""guard"": ""attacking arm displaced; other hand protection conditional"", ""phase"": ""extension"", ""arm"": ""lead/variant extended"", ""rotation"": ""none"", ""balance"": ""stable"", ""free_hand"": ""both"", ""foot"": ""neutral"", ""bearing"": ""facing opponent""}, ""B"": {""head"": ""center line"", ""weight"": ""neutral / variant dependent"", ""guard"": ""normal"", ""phase"": ""neutral"", ""arm"": ""home"", ""rotation"": ""none"", ""balance"": ""stable"", ""free_hand"": ""both"", ""foot"": ""neutral"", ""bearing"": ""facing opponent""}, ""belief"": {""A"": ""unknown"", ""B"": ""unknown""}, ""target"": ""head / combination variable"", ""phase_window"": ""OS: A 왼앞손과 B 오른앞손의 가까운 라인""}","{""distance"": ""long"", ""stance"": ""OS"", ""foot_position"": ""neutral"", ""angle"": ""centerline aligned"", ""ring_position"": ""center"", ""space"": {""A"": ""center"", ""B"": ""center"", ""retreat_available"": ""both""}, ""A"": {""head"": ""center line"", ""weight"": ""neutral / variant dependent"", ""guard"": ""attacking arm displaced; other hand protection conditional"", ""phase"": ""recovery"", ""arm"": ""lead/variant extended"", ""rotation"": ""none"", ""balance"": ""stable"", ""free_hand"": ""both"", ""foot"": ""neutral"", ""bearing"": ""facing opponent""}, ""B"": {""head"": ""center line"", ""weight"": ""neutral / variant dependent"", ""guard"": ""small parry displacement"", ""phase"": ""impact/deflection"", ""arm"": ""parrying hand displaced"", ""rotation"": ""none"", ""balance"": ""stable"", ""free_hand"": ""other hand"", ""foot"": ""neutral"", ""bearing"": ""facing opponent""}, ""belief"": {""A"": ""unknown"", ""B"": ""unknown""}, ""target"": ""head / combination variable"", ""phase_window"": ""앞손의 작은 패리 선택; OO의 뒷손 처방을 복제하지 않음""}",거리 유지·상대 공격선 이동,반복 타이밍과 복귀를 읽힐 수 있음; 자동 빈틈 아님,"[""N14_S3""]",글러브로 직선을 최소 이동만큼 비킴,앞손의 작은 패리 선택; OO의 뒷손 처방을 복제하지 않음,"[""S01"", ""S02"", ""S11"", ""S16""]",biomechanical inference
N14_S3,B: Counter cross · 카운터 크로스,CC,COUNTER,B,N14,"{""distance"": ""long"", ""stance"": ""OS"", ""foot_position"": ""neutral"", ""angle"": ""centerline aligned"", ""ring_position"": ""center"", ""space"": {""A"": ""center"", ""B"": ""center"", ""retreat_available"": ""both""}, ""A"": {""head"": ""center line"", ""weight"": ""neutral / variant dependent"", ""guard"": ""attacking arm displaced; other hand protection conditional"", ""phase"": ""recovery"", ""arm"": ""lead/variant extended"", ""rotation"": ""none"", ""balance"": ""stable"", ""free_hand"": ""both"", ""foot"": ""neutral"", ""bearing"": ""facing opponent""}, ""B"": {""head"": ""center line"", ""weight"": ""neutral / variant dependent"", ""guard"": ""small parry displacement"", ""phase"": ""impact/deflection"", ""arm"": ""parrying hand displaced"", ""rotation"": ""none"", ""balance"": ""stable"", ""free_hand"": ""other hand"", ""foot"": ""neutral"", ""bearing"": ""facing opponent""}, ""belief"": {""A"": ""unknown"", ""B"": ""unknown""}, ""target"": ""head / combination variable"", ""phase_window"": ""앞손의 작은 패리 선택; OO의 뒷손 처방을 복제하지 않음""}","{""distance"": ""long"", ""stance"": ""OS"", ""foot_position"": ""neutral"", ""angle"": ""centerline aligned"", ""ring_position"": ""center"", ""space"": {""A"": ""center"", ""B"": ""center"", ""retreat_available"": ""both""}, ""A"": {""head"": ""center line"", ""weight"": ""neutral / variant dependent"", ""guard"": ""attacking arm displaced; other hand protection conditional"", ""phase"": ""recovery"", ""arm"": ""lead/variant extended"", ""rotation"": ""none"", ""balance"": ""stable"", ""free_hand"": ""both"", ""foot"": ""neutral"", ""bearing"": ""facing opponent""}, ""B"": {""head"": ""center line"", ""weight"": ""neutral / variant dependent"", ""guard"": ""attacking arm displaced; other hand protection conditional"", ""phase"": ""extension"", ""arm"": ""rear extended"", ""rotation"": ""punch-specific rotation; magnitude variable"", ""balance"": ""stable"", ""free_hand"": ""other hand"", ""foot"": ""neutral"", ""bearing"": ""facing opponent""}, ""belief"": {""A"": ""unknown"", ""B"": ""unknown""}, ""target"": ""head / combination variable"", ""phase_window"": ""B 왼뒷손 통로가 열리고 머리 라인 분리""}",열린 중앙·늦은 복귀 활용,과도한 진입·다음 훅 위험,"[""N14_S4""]",상대 공격·복귀 창에 뒷손 직선,B 왼뒷손 통로가 열리고 머리 라인 분리,"[""S03"", ""S07""]",biomechanical inference
N14_S4,A: Outside slip · 바깥 슬립,SOUT,DEFENSE,A,N14,"{""distance"": ""long"", ""stance"": ""OS"", ""foot_position"": ""neutral"", ""angle"": ""centerline aligned"", ""ring_position"": ""center"", ""space"": {""A"": ""center"", ""B"": ""center"", ""retreat_available"": ""both""}, ""A"": {""head"": ""center line"", ""weight"": ""neutral / variant dependent"", ""guard"": ""attacking arm displaced; other hand protection conditional"", ""phase"": ""recovery"", ""arm"": ""lead/variant extended"", ""rotation"": ""none"", ""balance"": ""stable"", ""free_hand"": ""both"", ""foot"": ""neutral"", ""bearing"": ""facing opponent""}, ""B"": {""head"": ""center line"", ""weight"": ""neutral / variant dependent"", ""guard"": ""attacking arm displaced; other hand protection conditional"", ""phase"": ""extension"", ""arm"": ""rear extended"", ""rotation"": ""punch-specific rotation; magnitude variable"", ""balance"": ""stable"", ""free_hand"": ""other hand"", ""foot"": ""neutral"", ""bearing"": ""facing opponent""}, ""belief"": {""A"": ""unknown"", ""B"": ""unknown""}, ""target"": ""head / combination variable"", ""phase_window"": ""B 왼뒷손 통로가 열리고 머리 라인 분리""}","{""distance"": ""long"", ""stance"": ""OS"", ""foot_position"": ""neutral"", ""angle"": ""head off punching line; body angle not automatic"", ""ring_position"": ""center"", ""space"": {""A"": ""center"", ""B"": ""center"", ""retreat_available"": ""both""}, ""A"": {""head"": ""outside incoming punch"", ""weight"": ""variant dependent: support/load must be checked"", ""guard"": ""attacking arm displaced; other hand protection conditional"", ""phase"": ""evasion"", ""arm"": ""home"", ""rotation"": ""none"", ""balance"": ""stable"", ""free_hand"": ""both"", ""foot"": ""neutral"", ""bearing"": ""facing opponent""}, ""B"": {""head"": ""center line"", ""weight"": ""neutral / variant dependent"", ""guard"": ""attacking arm displaced; other hand protection conditional"", ""phase"": ""recovery"", ""arm"": ""rear extended"", ""rotation"": ""punch-specific rotation; magnitude variable"", ""balance"": ""stable"", ""free_hand"": ""other hand"", ""foot"": ""neutral"", ""bearing"": ""facing opponent""}, ""belief"": {""A"": ""unknown"", ""B"": ""unknown""}, ""target"": ""head / combination variable"", ""phase_window"": ""B 왼직선 바깥은 A 오른쪽; 팔 궤도 기준""}",해당 직선 공격선을 벗어남,다음 펀치 재조준·훅·균형 손실,"[""N14_S5""]",들어오는 특정 펀치의 팔 바깥으로 머리 이동,B 왼직선 바깥은 A 오른쪽; 팔 궤도 기준,"[""S02"", ""S07""]",biomechanical inference
N14_S5,A: Outside lead foot · 바깥 앞발,OUTFOOT,POSITION,A,N14,"{""distance"": ""long"", ""stance"": ""OS"", ""foot_position"": ""neutral"", ""angle"": ""head off punching line; body angle not automatic"", ""ring_position"": ""center"", ""space"": {""A"": ""center"", ""B"": ""center"", ""retreat_available"": ""both""}, ""A"": {""head"": ""outside incoming punch"", ""weight"": ""variant dependent: support/load must be checked"", ""guard"": ""attacking arm displaced; other hand protection conditional"", ""phase"": ""evasion"", ""arm"": ""home"", ""rotation"": ""none"", ""balance"": ""stable"", ""free_hand"": ""both"", ""foot"": ""neutral"", ""bearing"": ""facing opponent""}, ""B"": {""head"": ""center line"", ""weight"": ""neutral / variant dependent"", ""guard"": ""attacking arm displaced; other hand protection conditional"", ""phase"": ""recovery"", ""arm"": ""rear extended"", ""rotation"": ""punch-specific rotation; magnitude variable"", ""balance"": ""stable"", ""free_hand"": ""other hand"", ""foot"": ""neutral"", ""bearing"": ""facing opponent""}, ""belief"": {""A"": ""unknown"", ""B"": ""unknown""}, ""target"": ""head / combination variable"", ""phase_window"": ""B 왼직선 바깥은 A 오른쪽; 팔 궤도 기준""}","{""distance"": ""long"", ""stance"": ""OS"", ""foot_position"": ""A outside"", ""angle"": ""head off punching line; body angle not automatic"", ""ring_position"": ""center"", ""space"": {""A"": ""center"", ""B"": ""center"", ""retreat_available"": ""both""}, ""A"": {""head"": ""outside incoming punch"", ""weight"": ""variant dependent: support/load must be checked"", ""guard"": ""attacking arm displaced; other hand protection conditional"", ""phase"": ""footwork"", ""arm"": ""home"", ""rotation"": ""none"", ""balance"": ""stable only after placement; transient step risk"", ""free_hand"": ""both"", ""foot"": ""A outside"", ""bearing"": ""facing opponent""}, ""B"": {""head"": ""center line"", ""weight"": ""neutral / variant dependent"", ""guard"": ""attacking arm displaced; other hand protection conditional"", ""phase"": ""recovery"", ""arm"": ""rear extended"", ""rotation"": ""punch-specific rotation; magnitude variable"", ""balance"": ""stable"", ""free_hand"": ""other hand"", ""foot"": ""neutral"", ""bearing"": ""facing opponent""}, ""belief"": {""A"": ""unknown"", ""B"": ""unknown""}, ""target"": ""head / combination variable"", ""phase_window"": ""빈 발 공간에 바깥앞발 확보; 스텝 완료 필요""}",뒷손 통로·측면 출구를 만들 수 있음,상대 재피벗·앞손 훅·안쪽 타격; 자동 안전 아님,"[""N14_S6""]",오픈 스탠스에서 앞발을 상대 앞발 바깥에 위치,빈 발 공간에 바깥앞발 확보; 스텝 완료 필요,"[""S13""]",biomechanical inference
N14_S6,A: Rear straight / cross · 뒷손 직선,CROSS,OFFENSE,A,N14,"{""distance"": ""long"", ""stance"": ""OS"", ""foot_position"": ""A outside"", ""angle"": ""head off punching line; body angle not automatic"", ""ring_position"": ""center"", ""space"": {""A"": ""center"", ""B"": ""center"", ""retreat_available"": ""both""}, ""A"": {""head"": ""outside incoming punch"", ""weight"": ""variant dependent: support/load must be checked"", ""guard"": ""attacking arm displaced; other hand protection conditional"", ""phase"": ""footwork"", ""arm"": ""home"", ""rotation"": ""none"", ""balance"": ""stable only after placement; transient step risk"", ""free_hand"": ""both"", ""foot"": ""A outside"", ""bearing"": ""facing opponent""}, ""B"": {""head"": ""center line"", ""weight"": ""neutral / variant dependent"", ""guard"": ""attacking arm displaced; other hand protection conditional"", ""phase"": ""recovery"", ""arm"": ""rear extended"", ""rotation"": ""punch-specific rotation; magnitude variable"", ""balance"": ""stable"", ""free_hand"": ""other hand"", ""foot"": ""neutral"", ""bearing"": ""facing opponent""}, ""belief"": {""A"": ""unknown"", ""B"": ""unknown""}, ""target"": ""head / combination variable"", ""phase_window"": ""빈 발 공간에 바깥앞발 확보; 스텝 완료 필요""}","{""distance"": ""long"", ""stance"": ""OS"", ""foot_position"": ""A outside"", ""angle"": ""head off punching line; body angle not automatic"", ""ring_position"": ""center"", ""space"": {""A"": ""center"", ""B"": ""center"", ""retreat_available"": ""both""}, ""A"": {""head"": ""outside incoming punch"", ""weight"": ""variant dependent: support/load must be checked"", ""guard"": ""attacking arm displaced; other hand protection conditional"", ""phase"": ""extension"", ""arm"": ""rear extended"", ""rotation"": ""punch-specific rotation; magnitude variable"", ""balance"": ""stable only after placement; transient step risk"", ""free_hand"": ""both"", ""foot"": ""A outside"", ""bearing"": ""facing opponent""}, ""B"": {""head"": ""center line"", ""weight"": ""neutral / variant dependent"", ""guard"": ""attacking arm displaced; other hand protection conditional"", ""phase"": ""recovery"", ""arm"": ""rear extended"", ""rotation"": ""punch-specific rotation; magnitude variable"", ""balance"": ""stable"", ""free_hand"": ""other hand"", ""foot"": ""neutral"", ""bearing"": ""facing opponent""}, ""belief"": {""A"": ""unknown"", ""B"": ""unknown""}, ""target"": ""head / combination variable"", ""phase_window"": ""A 뒷손 새 통로·도달""}",상대 복귀·열린 직선 통로 이용,뒷손 가드 이탈과 회전 회수 구간,"[""N14_S7""]",몸통·팔을 협응해 뒷손 직선 후 회수,A 뒷손 새 통로·도달,"[""S03""]",biomechanical inference
N14_S7,B: High guard · 하이 가드,HG,DEFENSE,B,N14,"{""distance"": ""long"", ""stance"": ""OS"", ""foot_position"": ""A outside"", ""angle"": ""head off punching line; body angle not automatic"", ""ring_position"": ""center"", ""space"": {""A"": ""center"", ""B"": ""center"", ""retreat_available"": ""both""}, ""A"": {""head"": ""outside incoming punch"", ""weight"": ""variant dependent: support/load must be checked"", ""guard"": ""attacking arm displaced; other hand protection conditional"", ""phase"": ""extension"", ""arm"": ""rear extended"", ""rotation"": ""punch-specific rotation; magnitude variable"", ""balance"": ""stable only after placement; transient step risk"", ""free_hand"": ""both"", ""foot"": ""A outside"", ""bearing"": ""facing opponent""}, ""B"": {""head"": ""center line"", ""weight"": ""neutral / variant dependent"", ""guard"": ""attacking arm displaced; other hand protection conditional"", ""phase"": ""recovery"", ""arm"": ""rear extended"", ""rotation"": ""punch-specific rotation; magnitude variable"", ""balance"": ""stable"", ""free_hand"": ""other hand"", ""foot"": ""neutral"", ""bearing"": ""facing opponent""}, ""belief"": {""A"": ""unknown"", ""B"": ""unknown""}, ""target"": ""head / combination variable"", ""phase_window"": ""A 뒷손 새 통로·도달""}","{""distance"": ""long"", ""stance"": ""OS"", ""foot_position"": ""A outside"", ""angle"": ""head off punching line; body angle not automatic"", ""ring_position"": ""center"", ""space"": {""A"": ""center"", ""B"": ""center"", ""retreat_available"": ""both""}, ""A"": {""head"": ""outside incoming punch"", ""weight"": ""variant dependent: support/load must be checked"", ""guard"": ""attacking arm displaced; other hand protection conditional"", ""phase"": ""recovery"", ""arm"": ""rear extended"", ""rotation"": ""punch-specific rotation; magnitude variable"", ""balance"": ""stable only after placement; transient step risk"", ""free_hand"": ""both"", ""foot"": ""A outside"", ""bearing"": ""facing opponent""}, ""B"": {""head"": ""center line"", ""weight"": ""neutral / variant dependent"", ""guard"": ""high guard; body cover elbow-dependent"", ""phase"": ""impact/cover"", ""arm"": ""home"", ""rotation"": ""punch-specific rotation; magnitude variable"", ""balance"": ""stable"", ""free_hand"": ""other hand"", ""foot"": ""neutral"", ""bearing"": ""facing opponent""}, ""belief"": {""A"": ""unknown"", ""B"": ""unknown""}, ""target"": ""head / combination variable"", ""phase_window"": ""뒷손 방어와 발 복귀""}",측면·직선 타격 면적을 일부 가림,시야·보디·기동성 제한; 충격 전달 가능,"[""N14_S8""]",글러브·팔을 머리 주변에 압축,뒷손 방어와 발 복귀,"[""S01"", ""S02""]",biomechanical inference
N14_S8,B: Exit angle · 각도 탈출,EXIT,POSITION,B,N14,"{""distance"": ""long"", ""stance"": ""OS"", ""foot_position"": ""A outside"", ""angle"": ""head off punching line; body angle not automatic"", ""ring_position"": ""center"", ""space"": {""A"": ""center"", ""B"": ""center"", ""retreat_available"": ""both""}, ""A"": {""head"": ""outside incoming punch"", ""weight"": ""variant dependent: support/load must be checked"", ""guard"": ""attacking arm displaced; other hand protection conditional"", ""phase"": ""recovery"", ""arm"": ""rear extended"", ""rotation"": ""punch-specific rotation; magnitude variable"", ""balance"": ""stable only after placement; transient step risk"", ""free_hand"": ""both"", ""foot"": ""A outside"", ""bearing"": ""facing opponent""}, ""B"": {""head"": ""center line"", ""weight"": ""neutral / variant dependent"", ""guard"": ""high guard; body cover elbow-dependent"", ""phase"": ""impact/cover"", ""arm"": ""home"", ""rotation"": ""punch-specific rotation; magnitude variable"", ""balance"": ""stable"", ""free_hand"": ""other hand"", ""foot"": ""neutral"", ""bearing"": ""facing opponent""}, ""belief"": {""A"": ""unknown"", ""B"": ""unknown""}, ""target"": ""head / combination variable"", ""phase_window"": ""뒷손 방어와 발 복귀""}","{""distance"": ""long"", ""stance"": ""OS"", ""foot_position"": ""angle candidate"", ""angle"": ""off-line candidate; opponent may reorient"", ""ring_position"": ""center"", ""space"": {""A"": ""center"", ""B"": ""center"", ""retreat_available"": ""both""}, ""A"": {""head"": ""outside incoming punch"", ""weight"": ""variant dependent: support/load must be checked"", ""guard"": ""attacking arm displaced; other hand protection conditional"", ""phase"": ""recovery"", ""arm"": ""rear extended"", ""rotation"": ""punch-specific rotation; magnitude variable"", ""balance"": ""stable only after placement; transient step risk"", ""free_hand"": ""both"", ""foot"": ""A outside"", ""bearing"": ""facing opponent""}, ""B"": {""head"": ""center line"", ""weight"": ""neutral / variant dependent"", ""guard"": ""high guard; body cover elbow-dependent"", ""phase"": ""footwork"", ""arm"": ""home"", ""rotation"": ""punch-specific rotation; magnitude variable"", ""balance"": ""stable only after placement; transient step risk"", ""free_hand"": ""other hand"", ""foot"": ""neutral"", ""bearing"": ""reoriented toward opponent; conditional completion""}, ""belief"": {""A"": ""unknown"", ""B"": ""unknown""}, ""target"": ""head / combination variable"", ""phase_window"": ""다음 추격 전 옆으로""}",콤비네이션 직선 추격에서 벗어남,상대 훅·링 커팅·뒤돌기 금지,"[""N14_S9""]",방어·짧은 타격 뒤 옆 이동과 재지향,다음 추격 전 옆으로,"[""S06""]",biomechanical inference
N14_S9,A: Reset · 재정렬,RESET,POSITION,A,N14,"{""distance"": ""long"", ""stance"": ""OS"", ""foot_position"": ""angle candidate"", ""angle"": ""off-line candidate; opponent may reorient"", ""ring_position"": ""center"", ""space"": {""A"": ""center"", ""B"": ""center"", ""retreat_available"": ""both""}, ""A"": {""head"": ""outside incoming punch"", ""weight"": ""variant dependent: support/load must be checked"", ""guard"": ""attacking arm displaced; other hand protection conditional"", ""phase"": ""recovery"", ""arm"": ""rear extended"", ""rotation"": ""punch-specific rotation; magnitude variable"", ""balance"": ""stable only after placement; transient step risk"", ""free_hand"": ""both"", ""foot"": ""A outside"", ""bearing"": ""facing opponent""}, ""B"": {""head"": ""center line"", ""weight"": ""neutral / variant dependent"", ""guard"": ""high guard; body cover elbow-dependent"", ""phase"": ""footwork"", ""arm"": ""home"", ""rotation"": ""punch-specific rotation; magnitude variable"", ""balance"": ""stable only after placement; transient step risk"", ""free_hand"": ""other hand"", ""foot"": ""neutral"", ""bearing"": ""reoriented toward opponent; conditional completion""}, ""belief"": {""A"": ""unknown"", ""B"": ""unknown""}, ""target"": ""head / combination variable"", ""phase_window"": ""다음 추격 전 옆으로""}","{""distance"": ""long"", ""stance"": ""OS"", ""foot_position"": ""neutral"", ""angle"": ""centerline aligned"", ""ring_position"": ""center"", ""space"": {""A"": ""center"", ""B"": ""center"", ""retreat_available"": ""both""}, ""A"": {""head"": ""center line / guarded"", ""weight"": ""neutral / ready"", ""guard"": ""normal"", ""phase"": ""neutral"", ""arm"": ""home"", ""rotation"": ""none"", ""balance"": ""stable"", ""free_hand"": ""both"", ""foot"": ""neutral"", ""bearing"": ""facing opponent""}, ""B"": {""head"": ""center line / guarded"", ""weight"": ""neutral / ready"", ""guard"": ""normal"", ""phase"": ""neutral"", ""arm"": ""home"", ""rotation"": ""none"", ""balance"": ""stable"", ""free_hand"": ""both"", ""foot"": ""neutral"", ""bearing"": ""facing opponent""}, ""belief"": {""A"": ""unknown"", ""B"": ""unknown""}, ""target"": ""none"", ""phase_window"": ""서로 재지향""}",새 교환 준비,시간 비용; 상대가 계속 치면 완료 불가,"[""N14_S0""]",손·발·시선·상대 bearing을 다시 맞춤,서로 재지향,"[""S06""]",biomechanical inference
N15_S0,시작 상태,,STATE,,N15,"{""distance"": ""long"", ""stance"": ""SS"", ""foot_position"": ""neutral"", ""angle"": ""centerline aligned"", ""ring_position"": ""center"", ""space"": {""A"": ""center"", ""B"": ""center"", ""retreat_available"": ""both""}, ""A"": {""head"": ""center line"", ""weight"": ""neutral / variant dependent"", ""guard"": ""normal"", ""phase"": ""neutral"", ""arm"": ""home"", ""rotation"": ""none"", ""balance"": ""stable"", ""free_hand"": ""both"", ""foot"": ""neutral"", ""bearing"": ""facing opponent""}, ""B"": {""head"": ""center line"", ""weight"": ""neutral / variant dependent"", ""guard"": ""normal"", ""phase"": ""neutral"", ""arm"": ""home"", ""rotation"": ""none"", ""balance"": ""stable"", ""free_hand"": ""both"", ""foot"": ""neutral"", ""bearing"": ""facing opponent""}, ""belief"": {""A"": ""unknown"", ""B"": ""unknown""}, ""target"": ""none"", ""phase_window"": ""neutral""}","{""distance"": ""long"", ""stance"": ""SS"", ""foot_position"": ""neutral"", ""angle"": ""centerline aligned"", ""ring_position"": ""center"", ""space"": {""A"": ""center"", ""B"": ""center"", ""retreat_available"": ""both""}, ""A"": {""head"": ""center line"", ""weight"": ""neutral / variant dependent"", ""guard"": ""normal"", ""phase"": ""neutral"", ""arm"": ""home"", ""rotation"": ""none"", ""balance"": ""stable"", ""free_hand"": ""both"", ""foot"": ""neutral"", ""bearing"": ""facing opponent""}, ""B"": {""head"": ""center line"", ""weight"": ""neutral / variant dependent"", ""guard"": ""normal"", ""phase"": ""neutral"", ""arm"": ""home"", ""rotation"": ""none"", ""balance"": ""stable"", ""free_hand"": ""both"", ""foot"": ""neutral"", ""bearing"": ""facing opponent""}, ""belief"": {""A"": ""unknown"", ""B"": ""unknown""}, ""target"": ""none"", ""phase_window"": ""neutral""}",교환의 전제 확인,중립도 선제 위협에 노출,"[""N15_S1""]",,,,
N15_S1,A: Lead jab · 잽,JAB,OFFENSE,A,N15,"{""distance"": ""long"", ""stance"": ""SS"", ""foot_position"": ""neutral"", ""angle"": ""centerline aligned"", ""ring_position"": ""center"", ""space"": {""A"": ""center"", ""B"": ""center"", ""retreat_available"": ""both""}, ""A"": {""head"": ""center line"", ""weight"": ""neutral / variant dependent"", ""guard"": ""normal"", ""phase"": ""neutral"", ""arm"": ""home"", ""rotation"": ""none"", ""balance"": ""stable"", ""free_hand"": ""both"", ""foot"": ""neutral"", ""bearing"": ""facing opponent""}, ""B"": {""head"": ""center line"", ""weight"": ""neutral / variant dependent"", ""guard"": ""normal"", ""phase"": ""neutral"", ""arm"": ""home"", ""rotation"": ""none"", ""balance"": ""stable"", ""free_hand"": ""both"", ""foot"": ""neutral"", ""bearing"": ""facing opponent""}, ""belief"": {""A"": ""unknown"", ""B"": ""unknown""}, ""target"": ""none"", ""phase_window"": ""neutral""}","{""distance"": ""long"", ""stance"": ""SS"", ""foot_position"": ""neutral"", ""angle"": ""centerline aligned"", ""ring_position"": ""center"", ""space"": {""A"": ""center"", ""B"": ""center"", ""retreat_available"": ""both""}, ""A"": {""head"": ""center line"", ""weight"": ""neutral / variant dependent"", ""guard"": ""attacking arm displaced; other hand protection conditional"", ""phase"": ""extension"", ""arm"": ""lead/variant extended"", ""rotation"": ""none"", ""balance"": ""stable"", ""free_hand"": ""both"", ""foot"": ""neutral"", ""bearing"": ""facing opponent""}, ""B"": {""head"": ""center line"", ""weight"": ""neutral / variant dependent"", ""guard"": ""normal"", ""phase"": ""neutral"", ""arm"": ""home"", ""rotation"": ""none"", ""balance"": ""stable"", ""free_hand"": ""both"", ""foot"": ""neutral"", ""bearing"": ""facing opponent""}, ""belief"": {""A"": ""unknown"", ""B"": ""unknown""}, ""target"": ""head / combination variable"", ""phase_window"": ""SS: A 오른앞손 잽""}",사거리·반응을 확인하고 시야를 가림,앞손 복귀 동안 같은 쪽 가드가 비며 단조로운 타이밍을 읽힐 수 있음,"[""N15_S2""]",앞손을 짧게 직선으로 보내고 복귀,SS: A 오른앞손 잽,"[""S01"", ""S02""]",biomechanical inference
N15_S2,B: Outside slip · 바깥 슬립,SOUT,DEFENSE,B,N15,"{""distance"": ""long"", ""stance"": ""SS"", ""foot_position"": ""neutral"", ""angle"": ""centerline aligned"", ""ring_position"": ""center"", ""space"": {""A"": ""center"", ""B"": ""center"", ""retreat_available"": ""both""}, ""A"": {""head"": ""center line"", ""weight"": ""neutral / variant dependent"", ""guard"": ""attacking arm displaced; other hand protection conditional"", ""phase"": ""extension"", ""arm"": ""lead/variant extended"", ""rotation"": ""none"", ""balance"": ""stable"", ""free_hand"": ""both"", ""foot"": ""neutral"", ""bearing"": ""facing opponent""}, ""B"": {""head"": ""center line"", ""weight"": ""neutral / variant dependent"", ""guard"": ""normal"", ""phase"": ""neutral"", ""arm"": ""home"", ""rotation"": ""none"", ""balance"": ""stable"", ""free_hand"": ""both"", ""foot"": ""neutral"", ""bearing"": ""facing opponent""}, ""belief"": {""A"": ""unknown"", ""B"": ""unknown""}, ""target"": ""head / combination variable"", ""phase_window"": ""SS: A 오른앞손 잽""}","{""distance"": ""long"", ""stance"": ""SS"", ""foot_position"": ""neutral"", ""angle"": ""head off punching line; body angle not automatic"", ""ring_position"": ""center"", ""space"": {""A"": ""center"", ""B"": ""center"", ""retreat_available"": ""both""}, ""A"": {""head"": ""center line"", ""weight"": ""neutral / variant dependent"", ""guard"": ""attacking arm displaced; other hand protection conditional"", ""phase"": ""recovery"", ""arm"": ""lead/variant extended"", ""rotation"": ""none"", ""balance"": ""stable"", ""free_hand"": ""both"", ""foot"": ""neutral"", ""bearing"": ""facing opponent""}, ""B"": {""head"": ""outside incoming punch"", ""weight"": ""variant dependent: support/load must be checked"", ""guard"": ""normal"", ""phase"": ""evasion"", ""arm"": ""home"", ""rotation"": ""none"", ""balance"": ""stable"", ""free_hand"": ""both"", ""foot"": ""neutral"", ""bearing"": ""facing opponent""}, ""belief"": {""A"": ""unknown"", ""B"": ""unknown""}, ""target"": ""head / combination variable"", ""phase_window"": ""A 잽 바깥은 B 왼쪽; B 발은 그대로""}",해당 직선 공격선을 벗어남,다음 펀치 재조준·훅·균형 손실,"[""N15_S3""]",들어오는 특정 펀치의 팔 바깥으로 머리 이동,A 잽 바깥은 B 왼쪽; B 발은 그대로,"[""S02"", ""S07""]",biomechanical inference
N15_S3,B: Counter cross · 카운터 크로스,CC,COUNTER,B,N15,"{""distance"": ""long"", ""stance"": ""SS"", ""foot_position"": ""neutral"", ""angle"": ""head off punching line; body angle not automatic"", ""ring_position"": ""center"", ""space"": {""A"": ""center"", ""B"": ""center"", ""retreat_available"": ""both""}, ""A"": {""head"": ""center line"", ""weight"": ""neutral / variant dependent"", ""guard"": ""attacking arm displaced; other hand protection conditional"", ""phase"": ""recovery"", ""arm"": ""lead/variant extended"", ""rotation"": ""none"", ""balance"": ""stable"", ""free_hand"": ""both"", ""foot"": ""neutral"", ""bearing"": ""facing opponent""}, ""B"": {""head"": ""outside incoming punch"", ""weight"": ""variant dependent: support/load must be checked"", ""guard"": ""normal"", ""phase"": ""evasion"", ""arm"": ""home"", ""rotation"": ""none"", ""balance"": ""stable"", ""free_hand"": ""both"", ""foot"": ""neutral"", ""bearing"": ""facing opponent""}, ""belief"": {""A"": ""unknown"", ""B"": ""unknown""}, ""target"": ""head / combination variable"", ""phase_window"": ""A 잽 바깥은 B 왼쪽; B 발은 그대로""}","{""distance"": ""long"", ""stance"": ""SS"", ""foot_position"": ""neutral"", ""angle"": ""head off punching line; body angle not automatic"", ""ring_position"": ""center"", ""space"": {""A"": ""center"", ""B"": ""center"", ""retreat_available"": ""both""}, ""A"": {""head"": ""center line"", ""weight"": ""neutral / variant dependent"", ""guard"": ""attacking arm displaced; other hand protection conditional"", ""phase"": ""recovery"", ""arm"": ""lead/variant extended"", ""rotation"": ""none"", ""balance"": ""stable"", ""free_hand"": ""both"", ""foot"": ""neutral"", ""bearing"": ""facing opponent""}, ""B"": {""head"": ""outside incoming punch"", ""weight"": ""variant dependent: support/load must be checked"", ""guard"": ""attacking arm displaced; other hand protection conditional"", ""phase"": ""extension"", ""arm"": ""rear extended"", ""rotation"": ""punch-specific rotation; magnitude variable"", ""balance"": ""stable"", ""free_hand"": ""both"", ""foot"": ""neutral"", ""bearing"": ""facing opponent""}, ""belief"": {""A"": ""unknown"", ""B"": ""unknown""}, ""target"": ""head / combination variable"", ""phase_window"": ""B 왼뒷손 반격 라인·사거리 남음""}",열린 중앙·늦은 복귀 활용,과도한 진입·다음 훅 위험,"[""N15_S4""]",상대 공격·복귀 창에 뒷손 직선,B 왼뒷손 반격 라인·사거리 남음,"[""S03"", ""S07""]",biomechanical inference
N15_S4,A: Inside slip · 안쪽 슬립,SIN,DEFENSE,A,N15,"{""distance"": ""long"", ""stance"": ""SS"", ""foot_position"": ""neutral"", ""angle"": ""head off punching line; body angle not automatic"", ""ring_position"": ""center"", ""space"": {""A"": ""center"", ""B"": ""center"", ""retreat_available"": ""both""}, ""A"": {""head"": ""center line"", ""weight"": ""neutral / variant dependent"", ""guard"": ""attacking arm displaced; other hand protection conditional"", ""phase"": ""recovery"", ""arm"": ""lead/variant extended"", ""rotation"": ""none"", ""balance"": ""stable"", ""free_hand"": ""both"", ""foot"": ""neutral"", ""bearing"": ""facing opponent""}, ""B"": {""head"": ""outside incoming punch"", ""weight"": ""variant dependent: support/load must be checked"", ""guard"": ""attacking arm displaced; other hand protection conditional"", ""phase"": ""extension"", ""arm"": ""rear extended"", ""rotation"": ""punch-specific rotation; magnitude variable"", ""balance"": ""stable"", ""free_hand"": ""both"", ""foot"": ""neutral"", ""bearing"": ""facing opponent""}, ""belief"": {""A"": ""unknown"", ""B"": ""unknown""}, ""target"": ""head / combination variable"", ""phase_window"": ""B 왼뒷손 반격 라인·사거리 남음""}","{""distance"": ""long"", ""stance"": ""SS"", ""foot_position"": ""neutral"", ""angle"": ""head off punching line; body angle not automatic"", ""ring_position"": ""center"", ""space"": {""A"": ""center"", ""B"": ""center"", ""retreat_available"": ""both""}, ""A"": {""head"": ""inside incoming punch"", ""weight"": ""variant dependent: support/load must be checked"", ""guard"": ""attacking arm displaced; other hand protection conditional"", ""phase"": ""evasion"", ""arm"": ""home"", ""rotation"": ""none"", ""balance"": ""stable"", ""free_hand"": ""both"", ""foot"": ""neutral"", ""bearing"": ""facing opponent""}, ""B"": {""head"": ""outside incoming punch"", ""weight"": ""variant dependent: support/load must be checked"", ""guard"": ""attacking arm displaced; other hand protection conditional"", ""phase"": ""recovery"", ""arm"": ""rear extended"", ""rotation"": ""punch-specific rotation; magnitude variable"", ""balance"": ""stable"", ""free_hand"": ""both"", ""foot"": ""neutral"", ""bearing"": ""facing opponent""}, ""belief"": {""A"": ""unknown"", ""B"": ""unknown""}, ""target"": ""head / combination variable"", ""phase_window"": ""B 왼직선 안쪽은 A 왼쪽; B 오른앞손을 경계""}",가까운 보디·짧은 반격 통로,자유손 공격 통로로 접근,"[""N15_S5""]",펀치와 상대 자유손 사이로 머리 이동,B 왼직선 안쪽은 A 왼쪽; B 오른앞손을 경계,"[""S02"", ""S07""]",biomechanical inference
N15_S5,B: Lead hook · 앞손 훅,LH,OFFENSE,B,N15,"{""distance"": ""long"", ""stance"": ""SS"", ""foot_position"": ""neutral"", ""angle"": ""head off punching line; body angle not automatic"", ""ring_position"": ""center"", ""space"": {""A"": ""center"", ""B"": ""center"", ""retreat_available"": ""both""}, ""A"": {""head"": ""inside incoming punch"", ""weight"": ""variant dependent: support/load must be checked"", ""guard"": ""attacking arm displaced; other hand protection conditional"", ""phase"": ""evasion"", ""arm"": ""home"", ""rotation"": ""none"", ""balance"": ""stable"", ""free_hand"": ""both"", ""foot"": ""neutral"", ""bearing"": ""facing opponent""}, ""B"": {""head"": ""outside incoming punch"", ""weight"": ""variant dependent: support/load must be checked"", ""guard"": ""attacking arm displaced; other hand protection conditional"", ""phase"": ""recovery"", ""arm"": ""rear extended"", ""rotation"": ""punch-specific rotation; magnitude variable"", ""balance"": ""stable"", ""free_hand"": ""both"", ""foot"": ""neutral"", ""bearing"": ""facing opponent""}, ""belief"": {""A"": ""unknown"", ""B"": ""unknown""}, ""target"": ""head / combination variable"", ""phase_window"": ""B 왼직선 안쪽은 A 왼쪽; B 오른앞손을 경계""}","{""distance"": ""mid"", ""stance"": ""SS"", ""foot_position"": ""neutral"", ""angle"": ""head off punching line; body angle not automatic"", ""ring_position"": ""center"", ""space"": {""A"": ""center"", ""B"": ""center"", ""retreat_available"": ""both""}, ""A"": {""head"": ""inside incoming punch"", ""weight"": ""variant dependent: support/load must be checked"", ""guard"": ""attacking arm displaced; other hand protection conditional"", ""phase"": ""evasion"", ""arm"": ""home"", ""rotation"": ""none"", ""balance"": ""stable"", ""free_hand"": ""both"", ""foot"": ""neutral"", ""bearing"": ""facing opponent""}, ""B"": {""head"": ""outside incoming punch"", ""weight"": ""variant dependent: support/load must be checked"", ""guard"": ""attacking arm displaced; other hand protection conditional"", ""phase"": ""extension"", ""arm"": ""lead/variant extended"", ""rotation"": ""punch-specific rotation; magnitude variable"", ""balance"": ""stable"", ""free_hand"": ""both"", ""foot"": ""neutral"", ""bearing"": ""facing opponent""}, ""belief"": {""A"": ""unknown"", ""B"": ""unknown""}, ""target"": ""head / combination variable"", ""phase_window"": ""SS 앞손 훅은 오른손; 작은 진입 스텝 완료 후 A 머리가 도달 궤도 안""}",직선 밖 이동한 표적·측면 가드 공략,넓게 돌면 직선 인터셉트와 반대 훅에 노출,"[""N15_S6""]",앞손 곡선으로 옆 표적을 향하고 짧게 회수,SS 앞손 훅은 오른손; 작은 진입 스텝 완료 후 A 머리가 도달 궤도 안,"[""S03""]",biomechanical inference
N15_S6,A: Weave / roll · 위빙·롤,ROLL,DEFENSE,A,N15,"{""distance"": ""mid"", ""stance"": ""SS"", ""foot_position"": ""neutral"", ""angle"": ""head off punching line; body angle not automatic"", ""ring_position"": ""center"", ""space"": {""A"": ""center"", ""B"": ""center"", ""retreat_available"": ""both""}, ""A"": {""head"": ""inside incoming punch"", ""weight"": ""variant dependent: support/load must be checked"", ""guard"": ""attacking arm displaced; other hand protection conditional"", ""phase"": ""evasion"", ""arm"": ""home"", ""rotation"": ""none"", ""balance"": ""stable"", ""free_hand"": ""both"", ""foot"": ""neutral"", ""bearing"": ""facing opponent""}, ""B"": {""head"": ""outside incoming punch"", ""weight"": ""variant dependent: support/load must be checked"", ""guard"": ""attacking arm displaced; other hand protection conditional"", ""phase"": ""extension"", ""arm"": ""lead/variant extended"", ""rotation"": ""punch-specific rotation; magnitude variable"", ""balance"": ""stable"", ""free_hand"": ""both"", ""foot"": ""neutral"", ""bearing"": ""facing opponent""}, ""belief"": {""A"": ""unknown"", ""B"": ""unknown""}, ""target"": ""head / combination variable"", ""phase_window"": ""SS 앞손 훅은 오른손; 작은 진입 스텝 완료 후 A 머리가 도달 궤도 안""}","{""distance"": ""mid"", ""stance"": ""SS"", ""foot_position"": ""neutral"", ""angle"": ""head off punching line; body angle not automatic"", ""ring_position"": ""center"", ""space"": {""A"": ""center"", ""B"": ""center"", ""retreat_available"": ""both""}, ""A"": {""head"": ""low → lateral path"", ""weight"": ""exit leg dependent"", ""guard"": ""attacking arm displaced; other hand protection conditional"", ""phase"": ""evasion"", ""arm"": ""home"", ""rotation"": ""roll exit-dependent"", ""balance"": ""stable"", ""free_hand"": ""both"", ""foot"": ""neutral"", ""bearing"": ""facing opponent""}, ""B"": {""head"": ""outside incoming punch"", ""weight"": ""variant dependent: support/load must be checked"", ""guard"": ""attacking arm displaced; other hand protection conditional"", ""phase"": ""recovery"", ""arm"": ""lead/variant extended"", ""rotation"": ""punch-specific rotation; magnitude variable"", ""balance"": ""stable"", ""free_hand"": ""both"", ""foot"": ""neutral"", ""bearing"": ""facing opponent""}, ""belief"": {""A"": ""unknown"", ""B"": ""unknown""}, ""target"": ""head / combination variable"", ""phase_window"": ""높은 오른훅 아래 옆 이동""}",높은 훅 아래를 지나 측면으로 나옴,반복 경로·허리 굽힘·다음 낮은 공격,"[""N15_S7""]",무릎·몸통으로 U형 또는 곡선 머리 이동,높은 오른훅 아래 옆 이동,"[""S01"", ""S08"", ""S09""]",biomechanical inference
N15_S7,A: Exit angle · 각도 탈출,EXIT,POSITION,A,N15,"{""distance"": ""mid"", ""stance"": ""SS"", ""foot_position"": ""neutral"", ""angle"": ""head off punching line; body angle not automatic"", ""ring_position"": ""center"", ""space"": {""A"": ""center"", ""B"": ""center"", ""retreat_available"": ""both""}, ""A"": {""head"": ""low → lateral path"", ""weight"": ""exit leg dependent"", ""guard"": ""attacking arm displaced; other hand protection conditional"", ""phase"": ""evasion"", ""arm"": ""home"", ""rotation"": ""roll exit-dependent"", ""balance"": ""stable"", ""free_hand"": ""both"", ""foot"": ""neutral"", ""bearing"": ""facing opponent""}, ""B"": {""head"": ""outside incoming punch"", ""weight"": ""variant dependent: support/load must be checked"", ""guard"": ""attacking arm displaced; other hand protection conditional"", ""phase"": ""recovery"", ""arm"": ""lead/variant extended"", ""rotation"": ""punch-specific rotation; magnitude variable"", ""balance"": ""stable"", ""free_hand"": ""both"", ""foot"": ""neutral"", ""bearing"": ""facing opponent""}, ""belief"": {""A"": ""unknown"", ""B"": ""unknown""}, ""target"": ""head / combination variable"", ""phase_window"": ""높은 오른훅 아래 옆 이동""}","{""distance"": ""mid"", ""stance"": ""SS"", ""foot_position"": ""angle candidate"", ""angle"": ""off-line candidate; opponent may reorient"", ""ring_position"": ""center"", ""space"": {""A"": ""center"", ""B"": ""center"", ""retreat_available"": ""both""}, ""A"": {""head"": ""low → lateral path"", ""weight"": ""exit leg dependent"", ""guard"": ""attacking arm displaced; other hand protection conditional"", ""phase"": ""footwork"", ""arm"": ""home"", ""rotation"": ""roll exit-dependent"", ""balance"": ""stable only after placement; transient step risk"", ""free_hand"": ""both"", ""foot"": ""neutral"", ""bearing"": ""reoriented toward opponent; conditional completion""}, ""B"": {""head"": ""outside incoming punch"", ""weight"": ""variant dependent: support/load must be checked"", ""guard"": ""attacking arm displaced; other hand protection conditional"", ""phase"": ""recovery"", ""arm"": ""lead/variant extended"", ""rotation"": ""punch-specific rotation; magnitude variable"", ""balance"": ""stable"", ""free_hand"": ""both"", ""foot"": ""neutral"", ""bearing"": ""facing opponent""}, ""belief"": {""A"": ""unknown"", ""B"": ""unknown""}, ""target"": ""head / combination variable"", ""phase_window"": ""짧은 반격 대신 출구 선택""}",콤비네이션 직선 추격에서 벗어남,상대 훅·링 커팅·뒤돌기 금지,"[""N15_S8""]",방어·짧은 타격 뒤 옆 이동과 재지향,짧은 반격 대신 출구 선택,"[""S06""]",biomechanical inference
N15_S8,B: Reset · 재정렬,RESET,POSITION,B,N15,"{""distance"": ""mid"", ""stance"": ""SS"", ""foot_position"": ""angle candidate"", ""angle"": ""off-line candidate; opponent may reorient"", ""ring_position"": ""center"", ""space"": {""A"": ""center"", ""B"": ""center"", ""retreat_available"": ""both""}, ""A"": {""head"": ""low → lateral path"", ""weight"": ""exit leg dependent"", ""guard"": ""attacking arm displaced; other hand protection conditional"", ""phase"": ""footwork"", ""arm"": ""home"", ""rotation"": ""roll exit-dependent"", ""balance"": ""stable only after placement; transient step risk"", ""free_hand"": ""both"", ""foot"": ""neutral"", ""bearing"": ""reoriented toward opponent; conditional completion""}, ""B"": {""head"": ""outside incoming punch"", ""weight"": ""variant dependent: support/load must be checked"", ""guard"": ""attacking arm displaced; other hand protection conditional"", ""phase"": ""recovery"", ""arm"": ""lead/variant extended"", ""rotation"": ""punch-specific rotation; magnitude variable"", ""balance"": ""stable"", ""free_hand"": ""both"", ""foot"": ""neutral"", ""bearing"": ""facing opponent""}, ""belief"": {""A"": ""unknown"", ""B"": ""unknown""}, ""target"": ""head / combination variable"", ""phase_window"": ""짧은 반격 대신 출구 선택""}","{""distance"": ""mid"", ""stance"": ""SS"", ""foot_position"": ""neutral"", ""angle"": ""centerline aligned"", ""ring_position"": ""center"", ""space"": {""A"": ""center"", ""B"": ""center"", ""retreat_available"": ""both""}, ""A"": {""head"": ""center line / guarded"", ""weight"": ""neutral / ready"", ""guard"": ""normal"", ""phase"": ""neutral"", ""arm"": ""home"", ""rotation"": ""none"", ""balance"": ""stable"", ""free_hand"": ""both"", ""foot"": ""neutral"", ""bearing"": ""facing opponent""}, ""B"": {""head"": ""center line / guarded"", ""weight"": ""neutral / ready"", ""guard"": ""normal"", ""phase"": ""neutral"", ""arm"": ""home"", ""rotation"": ""none"", ""balance"": ""stable"", ""free_hand"": ""both"", ""foot"": ""neutral"", ""bearing"": ""facing opponent""}, ""belief"": {""A"": ""unknown"", ""B"": ""unknown""}, ""target"": ""none"", ""phase_window"": ""가드·발 재정렬""}",새 교환 준비,시간 비용; 상대가 계속 치면 완료 불가,"[""N15_S0""]",손·발·시선·상대 bearing을 다시 맞춤,가드·발 재정렬,"[""S06""]",biomechanical inference
N16_S0,시작 상태,,STATE,,N16,"{""distance"": ""long"", ""stance"": ""OO"", ""foot_position"": ""neutral"", ""angle"": ""centerline aligned"", ""ring_position"": ""center"", ""space"": {""A"": ""center"", ""B"": ""center"", ""retreat_available"": ""both""}, ""A"": {""head"": ""center line"", ""weight"": ""neutral / variant dependent"", ""guard"": ""normal"", ""phase"": ""neutral"", ""arm"": ""home"", ""rotation"": ""none"", ""balance"": ""stable"", ""free_hand"": ""both"", ""foot"": ""neutral"", ""bearing"": ""facing opponent""}, ""B"": {""head"": ""center line"", ""weight"": ""neutral / variant dependent"", ""guard"": ""normal"", ""phase"": ""neutral"", ""arm"": ""home"", ""rotation"": ""none"", ""balance"": ""stable"", ""free_hand"": ""both"", ""foot"": ""neutral"", ""bearing"": ""facing opponent""}, ""belief"": {""A"": ""unknown"", ""B"": ""unknown""}, ""target"": ""none"", ""phase_window"": ""neutral""}","{""distance"": ""long"", ""stance"": ""OO"", ""foot_position"": ""neutral"", ""angle"": ""centerline aligned"", ""ring_position"": ""center"", ""space"": {""A"": ""center"", ""B"": ""center"", ""retreat_available"": ""both""}, ""A"": {""head"": ""center line"", ""weight"": ""neutral / variant dependent"", ""guard"": ""normal"", ""phase"": ""neutral"", ""arm"": ""home"", ""rotation"": ""none"", ""balance"": ""stable"", ""free_hand"": ""both"", ""foot"": ""neutral"", ""bearing"": ""facing opponent""}, ""B"": {""head"": ""center line"", ""weight"": ""neutral / variant dependent"", ""guard"": ""normal"", ""phase"": ""neutral"", ""arm"": ""home"", ""rotation"": ""none"", ""balance"": ""stable"", ""free_hand"": ""both"", ""foot"": ""neutral"", ""bearing"": ""facing opponent""}, ""belief"": {""A"": ""unknown"", ""B"": ""unknown""}, ""target"": ""none"", ""phase_window"": ""neutral""}",교환의 전제 확인,중립도 선제 위협에 노출,"[""N16_S1"", ""N01_S0"", ""N19_S0"", ""N21_S0"", ""N22_S0""]",,,,
N16_S1,A: Distance trap · 거리 함정,TRAP,MANIPULATION,A,N16,"{""distance"": ""long"", ""stance"": ""OO"", ""foot_position"": ""neutral"", ""angle"": ""centerline aligned"", ""ring_position"": ""center"", ""space"": {""A"": ""center"", ""B"": ""center"", ""retreat_available"": ""both""}, ""A"": {""head"": ""center line"", ""weight"": ""neutral / variant dependent"", ""guard"": ""normal"", ""phase"": ""neutral"", ""arm"": ""home"", ""rotation"": ""none"", ""balance"": ""stable"", ""free_hand"": ""both"", ""foot"": ""neutral"", ""bearing"": ""facing opponent""}, ""B"": {""head"": ""center line"", ""weight"": ""neutral / variant dependent"", ""guard"": ""normal"", ""phase"": ""neutral"", ""arm"": ""home"", ""rotation"": ""none"", ""balance"": ""stable"", ""free_hand"": ""both"", ""foot"": ""neutral"", ""bearing"": ""facing opponent""}, ""belief"": {""A"": ""unknown"", ""B"": ""unknown""}, ""target"": ""none"", ""phase_window"": ""neutral""}","{""distance"": ""long"", ""stance"": ""OO"", ""foot_position"": ""neutral"", ""angle"": ""centerline aligned"", ""ring_position"": ""center"", ""space"": {""A"": ""center"", ""B"": ""center"", ""retreat_available"": ""both""}, ""A"": {""head"": ""center line"", ""weight"": ""neutral / variant dependent"", ""guard"": ""normal"", ""phase"": ""observing / preparation"", ""arm"": ""home"", ""rotation"": ""none"", ""balance"": ""stable"", ""free_hand"": ""both"", ""foot"": ""neutral"", ""bearing"": ""facing opponent""}, ""B"": {""head"": ""center line"", ""weight"": ""neutral / variant dependent"", ""guard"": ""normal"", ""phase"": ""neutral"", ""arm"": ""home"", ""rotation"": ""none"", ""balance"": ""stable"", ""free_hand"": ""both"", ""foot"": ""neutral"", ""bearing"": ""facing opponent""}, ""belief"": {""A"": ""unknown"", ""B"": ""cue observed; response not deterministic""}, ""target"": ""none"", ""phase_window"": ""A가 B 잽 끝거리 직전에서 표적 제공""}",miss 뒤 반격 창,상대가 발로 보정하거나 공격 안 함,"[""N16_S2""]",닿을 듯한 거리를 보여 상대 과진입을 유도,A가 B 잽 끝거리 직전에서 표적 제공,"[""S06"", ""S14""]",biomechanical inference
N16_S2,B: Lead jab · 잽,JAB,OFFENSE,B,N16,"{""distance"": ""long"", ""stance"": ""OO"", ""foot_position"": ""neutral"", ""angle"": ""centerline aligned"", ""ring_position"": ""center"", ""space"": {""A"": ""center"", ""B"": ""center"", ""retreat_available"": ""both""}, ""A"": {""head"": ""center line"", ""weight"": ""neutral / variant dependent"", ""guard"": ""normal"", ""phase"": ""observing / preparation"", ""arm"": ""home"", ""rotation"": ""none"", ""balance"": ""stable"", ""free_hand"": ""both"", ""foot"": ""neutral"", ""bearing"": ""facing opponent""}, ""B"": {""head"": ""center line"", ""weight"": ""neutral / variant dependent"", ""guard"": ""normal"", ""phase"": ""neutral"", ""arm"": ""home"", ""rotation"": ""none"", ""balance"": ""stable"", ""free_hand"": ""both"", ""foot"": ""neutral"", ""bearing"": ""facing opponent""}, ""belief"": {""A"": ""unknown"", ""B"": ""cue observed; response not deterministic""}, ""target"": ""none"", ""phase_window"": ""A가 B 잽 끝거리 직전에서 표적 제공""}","{""distance"": ""long"", ""stance"": ""OO"", ""foot_position"": ""neutral"", ""angle"": ""centerline aligned"", ""ring_position"": ""center"", ""space"": {""A"": ""center"", ""B"": ""center"", ""retreat_available"": ""both""}, ""A"": {""head"": ""center line"", ""weight"": ""neutral / variant dependent"", ""guard"": ""normal"", ""phase"": ""observing / preparation"", ""arm"": ""home"", ""rotation"": ""none"", ""balance"": ""stable"", ""free_hand"": ""both"", ""foot"": ""neutral"", ""bearing"": ""facing opponent""}, ""B"": {""head"": ""center line"", ""weight"": ""neutral / variant dependent"", ""guard"": ""attacking arm displaced; other hand protection conditional"", ""phase"": ""extension"", ""arm"": ""lead/variant extended"", ""rotation"": ""none"", ""balance"": ""stable"", ""free_hand"": ""both"", ""foot"": ""neutral"", ""bearing"": ""facing opponent""}, ""belief"": {""A"": ""unknown"", ""B"": ""cue observed; response not deterministic""}, ""target"": ""head / combination variable"", ""phase_window"": ""B가 과도한 상체 진입으로 닿으려 함""}",사거리·반응을 확인하고 시야를 가림,앞손 복귀 동안 같은 쪽 가드가 비며 단조로운 타이밍을 읽힐 수 있음,"[""N16_S3""]",앞손을 짧게 직선으로 보내고 복귀,B가 과도한 상체 진입으로 닿으려 함,"[""S01"", ""S02""]",biomechanical inference
N16_S3,A: Step-back · 후퇴 스텝,BACK,POSITION,A,N16,"{""distance"": ""long"", ""stance"": ""OO"", ""foot_position"": ""neutral"", ""angle"": ""centerline aligned"", ""ring_position"": ""center"", ""space"": {""A"": ""center"", ""B"": ""center"", ""retreat_available"": ""both""}, ""A"": {""head"": ""center line"", ""weight"": ""neutral / variant dependent"", ""guard"": ""normal"", ""phase"": ""observing / preparation"", ""arm"": ""home"", ""rotation"": ""none"", ""balance"": ""stable"", ""free_hand"": ""both"", ""foot"": ""neutral"", ""bearing"": ""facing opponent""}, ""B"": {""head"": ""center line"", ""weight"": ""neutral / variant dependent"", ""guard"": ""attacking arm displaced; other hand protection conditional"", ""phase"": ""extension"", ""arm"": ""lead/variant extended"", ""rotation"": ""none"", ""balance"": ""stable"", ""free_hand"": ""both"", ""foot"": ""neutral"", ""bearing"": ""facing opponent""}, ""belief"": {""A"": ""unknown"", ""B"": ""cue observed; response not deterministic""}, ""target"": ""head / combination variable"", ""phase_window"": ""B가 과도한 상체 진입으로 닿으려 함""}","{""distance"": ""long"", ""stance"": ""OO"", ""foot_position"": ""neutral"", ""angle"": ""centerline aligned"", ""ring_position"": ""center"", ""space"": {""A"": ""center"", ""B"": ""center"", ""retreat_available"": ""both""}, ""A"": {""head"": ""center line"", ""weight"": ""neutral / variant dependent"", ""guard"": ""normal"", ""phase"": ""footwork"", ""arm"": ""home"", ""rotation"": ""none"", ""balance"": ""stable only after placement; transient step risk"", ""free_hand"": ""both"", ""foot"": ""neutral"", ""bearing"": ""facing opponent""}, ""B"": {""head"": ""center line"", ""weight"": ""neutral / variant dependent"", ""guard"": ""attacking arm displaced; other hand protection conditional"", ""phase"": ""recovery"", ""arm"": ""lead/variant extended"", ""rotation"": ""none"", ""balance"": ""stable"", ""free_hand"": ""both"", ""foot"": ""neutral"", ""bearing"": ""facing opponent""}, ""belief"": {""A"": ""unknown"", ""B"": ""cue observed; response not deterministic""}, ""target"": ""head / combination variable"", ""phase_window"": ""뒤 공간이 충분하고 B 팔 최대 신전 뒤""}",상대 펀치 사거리 밖으로,추격·로프·전진 반격에 새 스텝 필요,"[""N16_S4""]",두 발의 간격을 보존하며 뒤로 이동,뒤 공간이 충분하고 B 팔 최대 신전 뒤,"[""S01"", ""S06""]",biomechanical inference
N16_S4,A: Delayed counter · 지연 카운터,DELAY,COUNTER,A,N16,"{""distance"": ""long"", ""stance"": ""OO"", ""foot_position"": ""neutral"", ""angle"": ""centerline aligned"", ""ring_position"": ""center"", ""space"": {""A"": ""center"", ""B"": ""center"", ""retreat_available"": ""both""}, ""A"": {""head"": ""center line"", ""weight"": ""neutral / variant dependent"", ""guard"": ""normal"", ""phase"": ""footwork"", ""arm"": ""home"", ""rotation"": ""none"", ""balance"": ""stable only after placement; transient step risk"", ""free_hand"": ""both"", ""foot"": ""neutral"", ""bearing"": ""facing opponent""}, ""B"": {""head"": ""center line"", ""weight"": ""neutral / variant dependent"", ""guard"": ""attacking arm displaced; other hand protection conditional"", ""phase"": ""recovery"", ""arm"": ""lead/variant extended"", ""rotation"": ""none"", ""balance"": ""stable"", ""free_hand"": ""both"", ""foot"": ""neutral"", ""bearing"": ""facing opponent""}, ""belief"": {""A"": ""unknown"", ""B"": ""cue observed; response not deterministic""}, ""target"": ""head / combination variable"", ""phase_window"": ""뒤 공간이 충분하고 B 팔 최대 신전 뒤""}","{""distance"": ""long"", ""stance"": ""OO"", ""foot_position"": ""neutral"", ""angle"": ""centerline aligned"", ""ring_position"": ""center"", ""space"": {""A"": ""center"", ""B"": ""center"", ""retreat_available"": ""both""}, ""A"": {""head"": ""center line"", ""weight"": ""neutral / variant dependent"", ""guard"": ""normal"", ""phase"": ""observing / preparation"", ""arm"": ""home"", ""rotation"": ""none"", ""balance"": ""stable only after placement; transient step risk"", ""free_hand"": ""both"", ""foot"": ""neutral"", ""bearing"": ""facing opponent""}, ""B"": {""head"": ""center line"", ""weight"": ""neutral / variant dependent"", ""guard"": ""attacking arm displaced; other hand protection conditional"", ""phase"": ""recovery"", ""arm"": ""lead/variant extended"", ""rotation"": ""none"", ""balance"": ""stable"", ""free_hand"": ""both"", ""foot"": ""neutral"", ""bearing"": ""facing opponent""}, ""belief"": {""A"": ""unknown"", ""B"": ""cue observed; response not deterministic""}, ""target"": ""head / combination variable"", ""phase_window"": ""B가 두 번째 펀치를 낼 수 있으므로 즉시 돌진 보류""}",즉시 반격을 기다리는 함정 회피,기다림 중 콤비네이션·퇴로 상실,"[""N16_S5""]",첫 반응 뒤 한 박자 기다리고 다음 복귀를 공격,B가 두 번째 펀치를 낼 수 있으므로 즉시 돌진 보류,"[""S06""]",biomechanical inference
N16_S5,B: Double jab · 더블 잽,DOUBLE,OFFENSE,B,N16,"{""distance"": ""long"", ""stance"": ""OO"", ""foot_position"": ""neutral"", ""angle"": ""centerline aligned"", ""ring_position"": ""center"", ""space"": {""A"": ""center"", ""B"": ""center"", ""retreat_available"": ""both""}, ""A"": {""head"": ""center line"", ""weight"": ""neutral / variant dependent"", ""guard"": ""normal"", ""phase"": ""observing / preparation"", ""arm"": ""home"", ""rotation"": ""none"", ""balance"": ""stable only after placement; transient step risk"", ""free_hand"": ""both"", ""foot"": ""neutral"", ""bearing"": ""facing opponent""}, ""B"": {""head"": ""center line"", ""weight"": ""neutral / variant dependent"", ""guard"": ""attacking arm displaced; other hand protection conditional"", ""phase"": ""recovery"", ""arm"": ""lead/variant extended"", ""rotation"": ""none"", ""balance"": ""stable"", ""free_hand"": ""both"", ""foot"": ""neutral"", ""bearing"": ""facing opponent""}, ""belief"": {""A"": ""unknown"", ""B"": ""cue observed; response not deterministic""}, ""target"": ""head / combination variable"", ""phase_window"": ""B가 두 번째 펀치를 낼 수 있으므로 즉시 돌진 보류""}","{""distance"": ""long"", ""stance"": ""OO"", ""foot_position"": ""neutral"", ""angle"": ""centerline aligned"", ""ring_position"": ""center"", ""space"": {""A"": ""center"", ""B"": ""center"", ""retreat_available"": ""both""}, ""A"": {""head"": ""center line"", ""weight"": ""neutral / variant dependent"", ""guard"": ""normal"", ""phase"": ""observing / preparation"", ""arm"": ""home"", ""rotation"": ""none"", ""balance"": ""stable only after placement; transient step risk"", ""free_hand"": ""both"", ""foot"": ""neutral"", ""bearing"": ""facing opponent""}, ""B"": {""head"": ""center line"", ""weight"": ""neutral / variant dependent"", ""guard"": ""attacking arm displaced; other hand protection conditional"", ""phase"": ""extension"", ""arm"": ""lead/variant extended"", ""rotation"": ""none"", ""balance"": ""stable"", ""free_hand"": ""both"", ""foot"": ""neutral"", ""bearing"": ""facing opponent""}, ""belief"": {""A"": ""unknown"", ""B"": ""cue observed; response not deterministic""}, ""target"": ""head / combination variable"", ""phase_window"": ""B가 발로 사거리 보정하고 재조준""}",한 번의 방어 후 재조준·진입 가능,"두 잽 사이 인터셉트, 연속 전진의 균형 손실","[""N16_S6""]",첫 잽을 복귀시켜 두 번째 잽의 표적·박자를 조절,B가 발로 사거리 보정하고 재조준,"[""S01"", ""S06""]",biomechanical inference
N16_S6,A: Lateral step · 옆 스텝,LAT,POSITION,A,N16,"{""distance"": ""long"", ""stance"": ""OO"", ""foot_position"": ""neutral"", ""angle"": ""centerline aligned"", ""ring_position"": ""center"", ""space"": {""A"": ""center"", ""B"": ""center"", ""retreat_available"": ""both""}, ""A"": {""head"": ""center line"", ""weight"": ""neutral / variant dependent"", ""guard"": ""normal"", ""phase"": ""observing / preparation"", ""arm"": ""home"", ""rotation"": ""none"", ""balance"": ""stable only after placement; transient step risk"", ""free_hand"": ""both"", ""foot"": ""neutral"", ""bearing"": ""facing opponent""}, ""B"": {""head"": ""center line"", ""weight"": ""neutral / variant dependent"", ""guard"": ""attacking arm displaced; other hand protection conditional"", ""phase"": ""extension"", ""arm"": ""lead/variant extended"", ""rotation"": ""none"", ""balance"": ""stable"", ""free_hand"": ""both"", ""foot"": ""neutral"", ""bearing"": ""facing opponent""}, ""belief"": {""A"": ""unknown"", ""B"": ""cue observed; response not deterministic""}, ""target"": ""head / combination variable"", ""phase_window"": ""B가 발로 사거리 보정하고 재조준""}","{""distance"": ""long"", ""stance"": ""OO"", ""foot_position"": ""angle candidate"", ""angle"": ""off-line candidate; opponent may reorient"", ""ring_position"": ""center"", ""space"": {""A"": ""center"", ""B"": ""center"", ""retreat_available"": ""both""}, ""A"": {""head"": ""center line"", ""weight"": ""neutral / variant dependent"", ""guard"": ""normal"", ""phase"": ""footwork"", ""arm"": ""home"", ""rotation"": ""none"", ""balance"": ""stable only after placement; transient step risk"", ""free_hand"": ""both"", ""foot"": ""neutral"", ""bearing"": ""reoriented toward opponent; conditional completion""}, ""B"": {""head"": ""center line"", ""weight"": ""neutral / variant dependent"", ""guard"": ""attacking arm displaced; other hand protection conditional"", ""phase"": ""recovery"", ""arm"": ""lead/variant extended"", ""rotation"": ""none"", ""balance"": ""stable"", ""free_hand"": ""both"", ""foot"": ""neutral"", ""bearing"": ""facing opponent""}, ""belief"": {""A"": ""unknown"", ""B"": ""cue observed; response not deterministic""}, ""target"": ""head / combination variable"", ""phase_window"": ""직선 추격 밖 옆 출구""}",직선 추격·퇴로를 옆으로 재설정,원형 훅·링 커팅·발 교차,"[""N16_S7""]",측면으로 발 간격을 유지해 이동,직선 추격 밖 옆 출구,"[""S06""]",biomechanical inference
N16_S7,A: Counter jab · 카운터 잽,CJ,COUNTER,A,N16,"{""distance"": ""long"", ""stance"": ""OO"", ""foot_position"": ""angle candidate"", ""angle"": ""off-line candidate; opponent may reorient"", ""ring_position"": ""center"", ""space"": {""A"": ""center"", ""B"": ""center"", ""retreat_available"": ""both""}, ""A"": {""head"": ""center line"", ""weight"": ""neutral / variant dependent"", ""guard"": ""normal"", ""phase"": ""footwork"", ""arm"": ""home"", ""rotation"": ""none"", ""balance"": ""stable only after placement; transient step risk"", ""free_hand"": ""both"", ""foot"": ""neutral"", ""bearing"": ""reoriented toward opponent; conditional completion""}, ""B"": {""head"": ""center line"", ""weight"": ""neutral / variant dependent"", ""guard"": ""attacking arm displaced; other hand protection conditional"", ""phase"": ""recovery"", ""arm"": ""lead/variant extended"", ""rotation"": ""none"", ""balance"": ""stable"", ""free_hand"": ""both"", ""foot"": ""neutral"", ""bearing"": ""facing opponent""}, ""belief"": {""A"": ""unknown"", ""B"": ""cue observed; response not deterministic""}, ""target"": ""head / combination variable"", ""phase_window"": ""직선 추격 밖 옆 출구""}","{""distance"": ""long"", ""stance"": ""OO"", ""foot_position"": ""angle candidate"", ""angle"": ""off-line candidate; opponent may reorient"", ""ring_position"": ""center"", ""space"": {""A"": ""center"", ""B"": ""center"", ""retreat_available"": ""both""}, ""A"": {""head"": ""center line"", ""weight"": ""neutral / variant dependent"", ""guard"": ""attacking arm displaced; other hand protection conditional"", ""phase"": ""extension"", ""arm"": ""lead/variant extended"", ""rotation"": ""none"", ""balance"": ""stable only after placement; transient step risk"", ""free_hand"": ""both"", ""foot"": ""neutral"", ""bearing"": ""reoriented toward opponent; conditional completion""}, ""B"": {""head"": ""center line"", ""weight"": ""neutral / variant dependent"", ""guard"": ""attacking arm displaced; other hand protection conditional"", ""phase"": ""recovery"", ""arm"": ""lead/variant extended"", ""rotation"": ""none"", ""balance"": ""stable"", ""free_hand"": ""both"", ""foot"": ""neutral"", ""bearing"": ""facing opponent""}, ""belief"": {""A"": ""unknown"", ""B"": ""cue observed; response not deterministic""}, ""target"": ""head / combination variable"", ""phase_window"": ""B가 재지향하는 창에 앞손 도달""}",작은 반격으로 주도권·거리 회복,상대의 두 번째 공격에 다시 읽힘,"[""N16_S8""]",방어 뒤 또는 상대 준비에 짧은 앞손 직선,B가 재지향하는 창에 앞손 도달,"[""S11"", ""S16""]",biomechanical inference
N16_S8,B: Reset · 재정렬,RESET,POSITION,B,N16,"{""distance"": ""long"", ""stance"": ""OO"", ""foot_position"": ""angle candidate"", ""angle"": ""off-line candidate; opponent may reorient"", ""ring_position"": ""center"", ""space"": {""A"": ""center"", ""B"": ""center"", ""retreat_available"": ""both""}, ""A"": {""head"": ""center line"", ""weight"": ""neutral / variant dependent"", ""guard"": ""attacking arm displaced; other hand protection conditional"", ""phase"": ""extension"", ""arm"": ""lead/variant extended"", ""rotation"": ""none"", ""balance"": ""stable only after placement; transient step risk"", ""free_hand"": ""both"", ""foot"": ""neutral"", ""bearing"": ""reoriented toward opponent; conditional completion""}, ""B"": {""head"": ""center line"", ""weight"": ""neutral / variant dependent"", ""guard"": ""attacking arm displaced; other hand protection conditional"", ""phase"": ""recovery"", ""arm"": ""lead/variant extended"", ""rotation"": ""none"", ""balance"": ""stable"", ""free_hand"": ""both"", ""foot"": ""neutral"", ""bearing"": ""facing opponent""}, ""belief"": {""A"": ""unknown"", ""B"": ""cue observed; response not deterministic""}, ""target"": ""head / combination variable"", ""phase_window"": ""B가 재지향하는 창에 앞손 도달""}","{""distance"": ""long"", ""stance"": ""OO"", ""foot_position"": ""neutral"", ""angle"": ""centerline aligned"", ""ring_position"": ""center"", ""space"": {""A"": ""center"", ""B"": ""center"", ""retreat_available"": ""both""}, ""A"": {""head"": ""center line / guarded"", ""weight"": ""neutral / ready"", ""guard"": ""normal"", ""phase"": ""neutral"", ""arm"": ""home"", ""rotation"": ""none"", ""balance"": ""stable"", ""free_hand"": ""both"", ""foot"": ""neutral"", ""bearing"": ""facing opponent""}, ""B"": {""head"": ""center line / guarded"", ""weight"": ""neutral / ready"", ""guard"": ""normal"", ""phase"": ""neutral"", ""arm"": ""home"", ""rotation"": ""none"", ""balance"": ""stable"", ""free_hand"": ""both"", ""foot"": ""neutral"", ""bearing"": ""facing opponent""}, ""belief"": {""A"": ""unknown"", ""B"": ""cue observed; response not deterministic""}, ""target"": ""none"", ""phase_window"": ""작은 반격 후 거리 복귀""}",새 교환 준비,시간 비용; 상대가 계속 치면 완료 불가,"[""N16_S0""]",손·발·시선·상대 bearing을 다시 맞춤,작은 반격 후 거리 복귀,"[""S06""]",biomechanical inference
N17_S0,시작 상태,,STATE,,N17,"{""distance"": ""long"", ""stance"": ""OO"", ""foot_position"": ""neutral"", ""angle"": ""centerline aligned"", ""ring_position"": ""ropes"", ""space"": {""A"": ""in front of B, inside ring"", ""B"": ""ropes"", ""retreat_available"": ""limited B""}, ""A"": {""head"": ""center line"", ""weight"": ""neutral / variant dependent"", ""guard"": ""normal"", ""phase"": ""neutral"", ""arm"": ""home"", ""rotation"": ""none"", ""balance"": ""stable"", ""free_hand"": ""both"", ""foot"": ""neutral"", ""bearing"": ""facing opponent""}, ""B"": {""head"": ""center line"", ""weight"": ""neutral / variant dependent"", ""guard"": ""normal"", ""phase"": ""neutral"", ""arm"": ""home"", ""rotation"": ""none"", ""balance"": ""stable"", ""free_hand"": ""both"", ""foot"": ""neutral"", ""bearing"": ""facing opponent""}, ""belief"": {""A"": ""unknown"", ""B"": ""unknown""}, ""target"": ""none"", ""phase_window"": ""neutral""}","{""distance"": ""long"", ""stance"": ""OO"", ""foot_position"": ""neutral"", ""angle"": ""centerline aligned"", ""ring_position"": ""ropes"", ""space"": {""A"": ""in front of B, inside ring"", ""B"": ""ropes"", ""retreat_available"": ""limited B""}, ""A"": {""head"": ""center line"", ""weight"": ""neutral / variant dependent"", ""guard"": ""normal"", ""phase"": ""neutral"", ""arm"": ""home"", ""rotation"": ""none"", ""balance"": ""stable"", ""free_hand"": ""both"", ""foot"": ""neutral"", ""bearing"": ""facing opponent""}, ""B"": {""head"": ""center line"", ""weight"": ""neutral / variant dependent"", ""guard"": ""normal"", ""phase"": ""neutral"", ""arm"": ""home"", ""rotation"": ""none"", ""balance"": ""stable"", ""free_hand"": ""both"", ""foot"": ""neutral"", ""bearing"": ""facing opponent""}, ""belief"": {""A"": ""unknown"", ""B"": ""unknown""}, ""target"": ""none"", ""phase_window"": ""neutral""}",교환의 전제 확인,중립도 선제 위협에 노출,"[""N17_S1""]",,,,
N17_S1,A: Pressure / ring cut · 압박·링 커팅,PRESS,POSITION,A,N17,"{""distance"": ""long"", ""stance"": ""OO"", ""foot_position"": ""neutral"", ""angle"": ""centerline aligned"", ""ring_position"": ""ropes"", ""space"": {""A"": ""in front of B, inside ring"", ""B"": ""ropes"", ""retreat_available"": ""limited B""}, ""A"": {""head"": ""center line"", ""weight"": ""neutral / variant dependent"", ""guard"": ""normal"", ""phase"": ""neutral"", ""arm"": ""home"", ""rotation"": ""none"", ""balance"": ""stable"", ""free_hand"": ""both"", ""foot"": ""neutral"", ""bearing"": ""facing opponent""}, ""B"": {""head"": ""center line"", ""weight"": ""neutral / variant dependent"", ""guard"": ""normal"", ""phase"": ""neutral"", ""arm"": ""home"", ""rotation"": ""none"", ""balance"": ""stable"", ""free_hand"": ""both"", ""foot"": ""neutral"", ""bearing"": ""facing opponent""}, ""belief"": {""A"": ""unknown"", ""B"": ""unknown""}, ""target"": ""none"", ""phase_window"": ""neutral""}","{""distance"": ""long"", ""stance"": ""OO"", ""foot_position"": ""neutral"", ""angle"": ""centerline aligned"", ""ring_position"": ""ropes"", ""space"": {""A"": ""in front of B, inside ring"", ""B"": ""ropes"", ""retreat_available"": ""limited B""}, ""A"": {""head"": ""center line"", ""weight"": ""neutral / variant dependent"", ""guard"": ""normal"", ""phase"": ""footwork"", ""arm"": ""home"", ""rotation"": ""none"", ""balance"": ""stable only after placement; transient step risk"", ""free_hand"": ""both"", ""foot"": ""neutral"", ""bearing"": ""facing opponent""}, ""B"": {""head"": ""center line"", ""weight"": ""neutral / variant dependent"", ""guard"": ""normal"", ""phase"": ""neutral"", ""arm"": ""home"", ""rotation"": ""none"", ""balance"": ""stable"", ""free_hand"": ""both"", ""foot"": ""neutral"", ""bearing"": ""facing opponent""}, ""belief"": {""A"": ""unknown"", ""B"": ""unknown""}, ""target"": ""none"", ""phase_window"": ""B 뒤 퇴로가 로프에 가까움""}",퇴로·시간을 줄임,직선 추격·스텝 중 인터셉트,"[""N17_S2"", ""N17_S9""]",상대 출구를 선점하며 가드 있는 진입,B 뒤 퇴로가 로프에 가까움,"[""S06""]",biomechanical inference
N17_S2,A: Lead jab · 잽,JAB,OFFENSE,A,N17,"{""distance"": ""long"", ""stance"": ""OO"", ""foot_position"": ""neutral"", ""angle"": ""centerline aligned"", ""ring_position"": ""ropes"", ""space"": {""A"": ""in front of B, inside ring"", ""B"": ""ropes"", ""retreat_available"": ""limited B""}, ""A"": {""head"": ""center line"", ""weight"": ""neutral / variant dependent"", ""guard"": ""normal"", ""phase"": ""footwork"", ""arm"": ""home"", ""rotation"": ""none"", ""balance"": ""stable only after placement; transient step risk"", ""free_hand"": ""both"", ""foot"": ""neutral"", ""bearing"": ""facing opponent""}, ""B"": {""head"": ""center line"", ""weight"": ""neutral / variant dependent"", ""guard"": ""normal"", ""phase"": ""neutral"", ""arm"": ""home"", ""rotation"": ""none"", ""balance"": ""stable"", ""free_hand"": ""both"", ""foot"": ""neutral"", ""bearing"": ""facing opponent""}, ""belief"": {""A"": ""unknown"", ""B"": ""unknown""}, ""target"": ""none"", ""phase_window"": ""B 뒤 퇴로가 로프에 가까움""}","{""distance"": ""long"", ""stance"": ""OO"", ""foot_position"": ""neutral"", ""angle"": ""centerline aligned"", ""ring_position"": ""ropes"", ""space"": {""A"": ""in front of B, inside ring"", ""B"": ""ropes"", ""retreat_available"": ""limited B""}, ""A"": {""head"": ""center line"", ""weight"": ""neutral / variant dependent"", ""guard"": ""attacking arm displaced; other hand protection conditional"", ""phase"": ""extension"", ""arm"": ""lead/variant extended"", ""rotation"": ""none"", ""balance"": ""stable only after placement; transient step risk"", ""free_hand"": ""both"", ""foot"": ""neutral"", ""bearing"": ""facing opponent""}, ""B"": {""head"": ""center line"", ""weight"": ""neutral / variant dependent"", ""guard"": ""normal"", ""phase"": ""neutral"", ""arm"": ""home"", ""rotation"": ""none"", ""balance"": ""stable"", ""free_hand"": ""both"", ""foot"": ""neutral"", ""bearing"": ""facing opponent""}, ""belief"": {""A"": ""unknown"", ""B"": ""unknown""}, ""target"": ""head / combination variable"", ""phase_window"": ""B 머리 위협""}",사거리·반응을 확인하고 시야를 가림,앞손 복귀 동안 같은 쪽 가드가 비며 단조로운 타이밍을 읽힐 수 있음,"[""N17_S3""]",앞손을 짧게 직선으로 보내고 복귀,B 머리 위협,"[""S01"", ""S02""]",biomechanical inference
N17_S3,B: Pull · 작은 풀,PULL,DEFENSE,B,N17,"{""distance"": ""long"", ""stance"": ""OO"", ""foot_position"": ""neutral"", ""angle"": ""centerline aligned"", ""ring_position"": ""ropes"", ""space"": {""A"": ""in front of B, inside ring"", ""B"": ""ropes"", ""retreat_available"": ""limited B""}, ""A"": {""head"": ""center line"", ""weight"": ""neutral / variant dependent"", ""guard"": ""attacking arm displaced; other hand protection conditional"", ""phase"": ""extension"", ""arm"": ""lead/variant extended"", ""rotation"": ""none"", ""balance"": ""stable only after placement; transient step risk"", ""free_hand"": ""both"", ""foot"": ""neutral"", ""bearing"": ""facing opponent""}, ""B"": {""head"": ""center line"", ""weight"": ""neutral / variant dependent"", ""guard"": ""normal"", ""phase"": ""neutral"", ""arm"": ""home"", ""rotation"": ""none"", ""balance"": ""stable"", ""free_hand"": ""both"", ""foot"": ""neutral"", ""bearing"": ""facing opponent""}, ""belief"": {""A"": ""unknown"", ""B"": ""unknown""}, ""target"": ""head / combination variable"", ""phase_window"": ""B 머리 위협""}","{""distance"": ""long"", ""stance"": ""OO"", ""foot_position"": ""neutral"", ""angle"": ""centerline aligned"", ""ring_position"": ""ropes"", ""space"": {""A"": ""in front of B, inside ring"", ""B"": ""ropes"", ""retreat_available"": ""limited B""}, ""A"": {""head"": ""center line"", ""weight"": ""neutral / variant dependent"", ""guard"": ""attacking arm displaced; other hand protection conditional"", ""phase"": ""recovery"", ""arm"": ""lead/variant extended"", ""rotation"": ""none"", ""balance"": ""stable only after placement; transient step risk"", ""free_hand"": ""both"", ""foot"": ""neutral"", ""bearing"": ""facing opponent""}, ""B"": {""head"": ""rearward"", ""weight"": ""rear-leg loaded tendency"", ""guard"": ""normal"", ""phase"": ""evasion"", ""arm"": ""home"", ""rotation"": ""none"", ""balance"": ""support margin reduced if exaggerated"", ""free_hand"": ""both"", ""foot"": ""neutral"", ""bearing"": ""facing opponent""}, ""belief"": {""A"": ""unknown"", ""B"": ""unknown""}, ""target"": ""head / combination variable"", ""phase_window"": ""작은 머리 여유는 있지만 큰 후퇴는 불가""}",짧게 빗나가게 하고 반격 거리 유지,몸통 사거리 유지·추격 두 번째 펀치,"[""N17_S4""]",발을 크게 옮기지 않고 머리만 후방 이동,작은 머리 여유는 있지만 큰 후퇴는 불가,"[""S01"", ""S02""]",biomechanical inference
N17_S4,A: Double jab · 더블 잽,DOUBLE,OFFENSE,A,N17,"{""distance"": ""long"", ""stance"": ""OO"", ""foot_position"": ""neutral"", ""angle"": ""centerline aligned"", ""ring_position"": ""ropes"", ""space"": {""A"": ""in front of B, inside ring"", ""B"": ""ropes"", ""retreat_available"": ""limited B""}, ""A"": {""head"": ""center line"", ""weight"": ""neutral / variant dependent"", ""guard"": ""attacking arm displaced; other hand protection conditional"", ""phase"": ""recovery"", ""arm"": ""lead/variant extended"", ""rotation"": ""none"", ""balance"": ""stable only after placement; transient step risk"", ""free_hand"": ""both"", ""foot"": ""neutral"", ""bearing"": ""facing opponent""}, ""B"": {""head"": ""rearward"", ""weight"": ""rear-leg loaded tendency"", ""guard"": ""normal"", ""phase"": ""evasion"", ""arm"": ""home"", ""rotation"": ""none"", ""balance"": ""support margin reduced if exaggerated"", ""free_hand"": ""both"", ""foot"": ""neutral"", ""bearing"": ""facing opponent""}, ""belief"": {""A"": ""unknown"", ""B"": ""unknown""}, ""target"": ""head / combination variable"", ""phase_window"": ""작은 머리 여유는 있지만 큰 후퇴는 불가""}","{""distance"": ""mid"", ""stance"": ""OO"", ""foot_position"": ""neutral"", ""angle"": ""centerline aligned"", ""ring_position"": ""ropes"", ""space"": {""A"": ""in front of B, inside ring"", ""B"": ""ropes"", ""retreat_available"": ""limited B""}, ""A"": {""head"": ""center line"", ""weight"": ""neutral / variant dependent"", ""guard"": ""attacking arm displaced; other hand protection conditional"", ""phase"": ""extension"", ""arm"": ""lead/variant extended"", ""rotation"": ""none"", ""balance"": ""stable only after placement; transient step risk"", ""free_hand"": ""both"", ""foot"": ""neutral"", ""bearing"": ""facing opponent""}, ""B"": {""head"": ""rearward"", ""weight"": ""rear-leg loaded tendency"", ""guard"": ""normal"", ""phase"": ""evasion"", ""arm"": ""home"", ""rotation"": ""none"", ""balance"": ""support margin reduced if exaggerated"", ""free_hand"": ""both"", ""foot"": ""neutral"", ""bearing"": ""facing opponent""}, ""belief"": {""A"": ""unknown"", ""B"": ""unknown""}, ""target"": ""head / combination variable"", ""phase_window"": ""A가 발로 추격; 같은 풀만 반복하면 사거리 보정""}",한 번의 방어 후 재조준·진입 가능,"두 잽 사이 인터셉트, 연속 전진의 균형 손실","[""N17_S5""]",첫 잽을 복귀시켜 두 번째 잽의 표적·박자를 조절,A가 발로 추격; 같은 풀만 반복하면 사거리 보정,"[""S01"", ""S06""]",biomechanical inference
N17_S5,B: Check hook + pivot · 체크 훅,CHECK,COUNTER,B,N17,"{""distance"": ""mid"", ""stance"": ""OO"", ""foot_position"": ""neutral"", ""angle"": ""centerline aligned"", ""ring_position"": ""ropes"", ""space"": {""A"": ""in front of B, inside ring"", ""B"": ""ropes"", ""retreat_available"": ""limited B""}, ""A"": {""head"": ""center line"", ""weight"": ""neutral / variant dependent"", ""guard"": ""attacking arm displaced; other hand protection conditional"", ""phase"": ""extension"", ""arm"": ""lead/variant extended"", ""rotation"": ""none"", ""balance"": ""stable only after placement; transient step risk"", ""free_hand"": ""both"", ""foot"": ""neutral"", ""bearing"": ""facing opponent""}, ""B"": {""head"": ""rearward"", ""weight"": ""rear-leg loaded tendency"", ""guard"": ""normal"", ""phase"": ""evasion"", ""arm"": ""home"", ""rotation"": ""none"", ""balance"": ""support margin reduced if exaggerated"", ""free_hand"": ""both"", ""foot"": ""neutral"", ""bearing"": ""facing opponent""}, ""belief"": {""A"": ""unknown"", ""B"": ""unknown""}, ""target"": ""head / combination variable"", ""phase_window"": ""A가 발로 추격; 같은 풀만 반복하면 사거리 보정""}","{""distance"": ""mid"", ""stance"": ""OO"", ""foot_position"": ""angle candidate"", ""angle"": ""off-line candidate; opponent may reorient"", ""ring_position"": ""ropes"", ""space"": {""A"": ""in front of B, inside ring"", ""B"": ""ropes"", ""retreat_available"": ""limited B""}, ""A"": {""head"": ""center line"", ""weight"": ""neutral / variant dependent"", ""guard"": ""attacking arm displaced; other hand protection conditional"", ""phase"": ""recovery"", ""arm"": ""lead/variant extended"", ""rotation"": ""none"", ""balance"": ""stable only after placement; transient step risk"", ""free_hand"": ""both"", ""foot"": ""neutral"", ""bearing"": ""facing opponent""}, ""B"": {""head"": ""rearward"", ""weight"": ""rear-leg loaded tendency"", ""guard"": ""attacking arm displaced; other hand protection conditional"", ""phase"": ""footwork + action"", ""arm"": ""lead/variant extended"", ""rotation"": ""none"", ""balance"": ""stable only after placement; transient step risk"", ""free_hand"": ""both"", ""foot"": ""neutral"", ""bearing"": ""reoriented toward opponent; conditional completion""}, ""belief"": {""A"": ""unknown"", ""B"": ""unknown""}, ""target"": ""head / combination variable"", ""phase_window"": ""B 축발·옆 출구·짧은 훅 사거리 있을 때""}",직선 추격을 옆으로 비껴 나옴,축발에 하중 과다·퇴로 차단·훅 미달,"[""N17_S6""]",짧은 앞손 훅과 축 회전을 결합,B 축발·옆 출구·짧은 훅 사거리 있을 때,"[""S06"", ""S20""]",biomechanical inference
N17_S6,A: Block · 블록,BLOCK,DEFENSE,A,N17,"{""distance"": ""mid"", ""stance"": ""OO"", ""foot_position"": ""angle candidate"", ""angle"": ""off-line candidate; opponent may reorient"", ""ring_position"": ""ropes"", ""space"": {""A"": ""in front of B, inside ring"", ""B"": ""ropes"", ""retreat_available"": ""limited B""}, ""A"": {""head"": ""center line"", ""weight"": ""neutral / variant dependent"", ""guard"": ""attacking arm displaced; other hand protection conditional"", ""phase"": ""recovery"", ""arm"": ""lead/variant extended"", ""rotation"": ""none"", ""balance"": ""stable only after placement; transient step risk"", ""free_hand"": ""both"", ""foot"": ""neutral"", ""bearing"": ""facing opponent""}, ""B"": {""head"": ""rearward"", ""weight"": ""rear-leg loaded tendency"", ""guard"": ""attacking arm displaced; other hand protection conditional"", ""phase"": ""footwork + action"", ""arm"": ""lead/variant extended"", ""rotation"": ""none"", ""balance"": ""stable only after placement; transient step risk"", ""free_hand"": ""both"", ""foot"": ""neutral"", ""bearing"": ""reoriented toward opponent; conditional completion""}, ""belief"": {""A"": ""unknown"", ""B"": ""unknown""}, ""target"": ""head / combination variable"", ""phase_window"": ""B 축발·옆 출구·짧은 훅 사거리 있을 때""}","{""distance"": ""mid"", ""stance"": ""OO"", ""foot_position"": ""angle candidate"", ""angle"": ""off-line candidate; opponent may reorient"", ""ring_position"": ""ropes"", ""space"": {""A"": ""in front of B, inside ring"", ""B"": ""ropes"", ""retreat_available"": ""limited B""}, ""A"": {""head"": ""center line"", ""weight"": ""neutral / variant dependent"", ""guard"": ""target-specific block"", ""phase"": ""impact/cover"", ""arm"": ""home"", ""rotation"": ""none"", ""balance"": ""stable only after placement; transient step risk"", ""free_hand"": ""both"", ""foot"": ""neutral"", ""bearing"": ""facing opponent""}, ""B"": {""head"": ""rearward"", ""weight"": ""rear-leg loaded tendency"", ""guard"": ""attacking arm displaced; other hand protection conditional"", ""phase"": ""footwork + action"", ""arm"": ""lead/variant extended"", ""rotation"": ""none"", ""balance"": ""stable only after placement; transient step risk"", ""free_hand"": ""both"", ""foot"": ""neutral"", ""bearing"": ""reoriented toward opponent; conditional completion""}, ""belief"": {""A"": ""unknown"", ""B"": ""unknown""}, ""target"": ""head / combination variable"", ""phase_window"": ""훅 측면을 받고 추격 방향 멈춤""}",머리·보디 맞교환을 제한,충격·다른 표적 열림·고정 방어 읽힘,"[""N17_S7""]",팔·글러브로 예상 공격 통로를 닫음,훅 측면을 받고 추격 방향 멈춤,"[""S01"", ""S02""]",biomechanical inference
N17_S7,B: Exit angle · 각도 탈출,EXIT,POSITION,B,N17,"{""distance"": ""mid"", ""stance"": ""OO"", ""foot_position"": ""angle candidate"", ""angle"": ""off-line candidate; opponent may reorient"", ""ring_position"": ""ropes"", ""space"": {""A"": ""in front of B, inside ring"", ""B"": ""ropes"", ""retreat_available"": ""limited B""}, ""A"": {""head"": ""center line"", ""weight"": ""neutral / variant dependent"", ""guard"": ""target-specific block"", ""phase"": ""impact/cover"", ""arm"": ""home"", ""rotation"": ""none"", ""balance"": ""stable only after placement; transient step risk"", ""free_hand"": ""both"", ""foot"": ""neutral"", ""bearing"": ""facing opponent""}, ""B"": {""head"": ""rearward"", ""weight"": ""rear-leg loaded tendency"", ""guard"": ""attacking arm displaced; other hand protection conditional"", ""phase"": ""footwork + action"", ""arm"": ""lead/variant extended"", ""rotation"": ""none"", ""balance"": ""stable only after placement; transient step risk"", ""free_hand"": ""both"", ""foot"": ""neutral"", ""bearing"": ""reoriented toward opponent; conditional completion""}, ""belief"": {""A"": ""unknown"", ""B"": ""unknown""}, ""target"": ""head / combination variable"", ""phase_window"": ""훅 측면을 받고 추격 방향 멈춤""}","{""distance"": ""mid"", ""stance"": ""OO"", ""foot_position"": ""angle candidate"", ""angle"": ""off-line candidate; opponent may reorient"", ""ring_position"": ""center"", ""space"": {""A"": ""center"", ""B"": ""center"", ""retreat_available"": ""both""}, ""A"": {""head"": ""center line"", ""weight"": ""neutral / variant dependent"", ""guard"": ""target-specific block"", ""phase"": ""impact/cover"", ""arm"": ""home"", ""rotation"": ""none"", ""balance"": ""stable only after placement; transient step risk"", ""free_hand"": ""both"", ""foot"": ""neutral"", ""bearing"": ""facing opponent""}, ""B"": {""head"": ""rearward"", ""weight"": ""rear-leg loaded tendency"", ""guard"": ""attacking arm displaced; other hand protection conditional"", ""phase"": ""footwork"", ""arm"": ""home"", ""rotation"": ""none"", ""balance"": ""stable only after placement; transient step risk"", ""free_hand"": ""both"", ""foot"": ""neutral"", ""bearing"": ""reoriented toward opponent; conditional completion""}, ""belief"": {""A"": ""unknown"", ""B"": ""unknown""}, ""target"": ""head / combination variable"", ""phase_window"": ""옆 출구로 로프에서 벗어날 시간""}",콤비네이션 직선 추격에서 벗어남,상대 훅·링 커팅·뒤돌기 금지,"[""N17_S8""]",방어·짧은 타격 뒤 옆 이동과 재지향,옆 출구로 로프에서 벗어날 시간,"[""S06""]",biomechanical inference
N17_S8,A: Reset · 재정렬,RESET,POSITION,A,N17,"{""distance"": ""mid"", ""stance"": ""OO"", ""foot_position"": ""angle candidate"", ""angle"": ""off-line candidate; opponent may reorient"", ""ring_position"": ""center"", ""space"": {""A"": ""center"", ""B"": ""center"", ""retreat_available"": ""both""}, ""A"": {""head"": ""center line"", ""weight"": ""neutral / variant dependent"", ""guard"": ""target-specific block"", ""phase"": ""impact/cover"", ""arm"": ""home"", ""rotation"": ""none"", ""balance"": ""stable only after placement; transient step risk"", ""free_hand"": ""both"", ""foot"": ""neutral"", ""bearing"": ""facing opponent""}, ""B"": {""head"": ""rearward"", ""weight"": ""rear-leg loaded tendency"", ""guard"": ""attacking arm displaced; other hand protection conditional"", ""phase"": ""footwork"", ""arm"": ""home"", ""rotation"": ""none"", ""balance"": ""stable only after placement; transient step risk"", ""free_hand"": ""both"", ""foot"": ""neutral"", ""bearing"": ""reoriented toward opponent; conditional completion""}, ""belief"": {""A"": ""unknown"", ""B"": ""unknown""}, ""target"": ""head / combination variable"", ""phase_window"": ""옆 출구로 로프에서 벗어날 시간""}","{""distance"": ""long"", ""stance"": ""OO"", ""foot_position"": ""neutral"", ""angle"": ""centerline aligned"", ""ring_position"": ""center"", ""space"": {""A"": ""center"", ""B"": ""center"", ""retreat_available"": ""both""}, ""A"": {""head"": ""center line / guarded"", ""weight"": ""neutral / ready"", ""guard"": ""normal"", ""phase"": ""neutral"", ""arm"": ""home"", ""rotation"": ""none"", ""balance"": ""stable"", ""free_hand"": ""both"", ""foot"": ""neutral"", ""bearing"": ""facing opponent""}, ""B"": {""head"": ""center line / guarded"", ""weight"": ""neutral / ready"", ""guard"": ""normal"", ""phase"": ""neutral"", ""arm"": ""home"", ""rotation"": ""none"", ""balance"": ""stable"", ""free_hand"": ""both"", ""foot"": ""neutral"", ""bearing"": ""facing opponent""}, ""belief"": {""A"": ""unknown"", ""B"": ""unknown""}, ""target"": ""none"", ""phase_window"": ""중앙에서 재정렬""}",새 교환 준비,시간 비용; 상대가 계속 치면 완료 불가,"[""N17_S0""]",손·발·시선·상대 bearing을 다시 맞춤,중앙에서 재정렬,"[""S06""]",biomechanical inference
N17_S9,B: Counter-pressure · 역압박,CPRESS,COUNTER,B,N17,"{""distance"": ""long"", ""stance"": ""OO"", ""foot_position"": ""neutral"", ""angle"": ""centerline aligned"", ""ring_position"": ""ropes"", ""space"": {""A"": ""in front of B, inside ring"", ""B"": ""ropes"", ""retreat_available"": ""limited B""}, ""A"": {""head"": ""center line"", ""weight"": ""neutral / variant dependent"", ""guard"": ""normal"", ""phase"": ""footwork"", ""arm"": ""home"", ""rotation"": ""none"", ""balance"": ""stable only after placement; transient step risk"", ""free_hand"": ""both"", ""foot"": ""neutral"", ""bearing"": ""facing opponent""}, ""B"": {""head"": ""center line"", ""weight"": ""neutral / variant dependent"", ""guard"": ""normal"", ""phase"": ""neutral"", ""arm"": ""home"", ""rotation"": ""none"", ""balance"": ""stable"", ""free_hand"": ""both"", ""foot"": ""neutral"", ""bearing"": ""facing opponent""}, ""belief"": {""A"": ""unknown"", ""B"": ""unknown""}, ""target"": ""none"", ""phase_window"": ""B 뒤 퇴로가 로프에 가까움""}","{""distance"": ""long"", ""stance"": ""OO"", ""foot_position"": ""neutral"", ""angle"": ""centerline aligned"", ""ring_position"": ""ropes"", ""space"": {""A"": ""in front of B, inside ring"", ""B"": ""ropes"", ""retreat_available"": ""limited B""}, ""A"": {""head"": ""center line"", ""weight"": ""neutral / variant dependent"", ""guard"": ""normal"", ""phase"": ""footwork"", ""arm"": ""home"", ""rotation"": ""none"", ""balance"": ""stable only after placement; transient step risk"", ""free_hand"": ""both"", ""foot"": ""neutral"", ""bearing"": ""facing opponent""}, ""B"": {""head"": ""center line"", ""weight"": ""neutral / variant dependent"", ""guard"": ""attacking arm displaced; other hand protection conditional"", ""phase"": ""extension"", ""arm"": ""lead/variant extended"", ""rotation"": ""none"", ""balance"": ""stable"", ""free_hand"": ""both"", ""foot"": ""neutral"", ""bearing"": ""facing opponent""}, ""belief"": {""A"": ""unknown"", ""B"": ""unknown""}, ""target"": ""head / combination variable"", ""phase_window"": ""A 진입 startup에 멈춤 직선 반격""}",상대가 일방 전진하는 박자 중단,멈출 때 중심선·교환 위험,"[""N17_S10""]",후퇴 중 짧게 멈추고 타격·각도 선점,A 진입 startup에 멈춤 직선 반격,"[""S06""]",biomechanical inference
N17_S10,A: Outside slip · 바깥 슬립,SOUT,DEFENSE,A,N17,"{""distance"": ""long"", ""stance"": ""OO"", ""foot_position"": ""neutral"", ""angle"": ""centerline aligned"", ""ring_position"": ""ropes"", ""space"": {""A"": ""in front of B, inside ring"", ""B"": ""ropes"", ""retreat_available"": ""limited B""}, ""A"": {""head"": ""center line"", ""weight"": ""neutral / variant dependent"", ""guard"": ""normal"", ""phase"": ""footwork"", ""arm"": ""home"", ""rotation"": ""none"", ""balance"": ""stable only after placement; transient step risk"", ""free_hand"": ""both"", ""foot"": ""neutral"", ""bearing"": ""facing opponent""}, ""B"": {""head"": ""center line"", ""weight"": ""neutral / variant dependent"", ""guard"": ""attacking arm displaced; other hand protection conditional"", ""phase"": ""extension"", ""arm"": ""lead/variant extended"", ""rotation"": ""none"", ""balance"": ""stable"", ""free_hand"": ""both"", ""foot"": ""neutral"", ""bearing"": ""facing opponent""}, ""belief"": {""A"": ""unknown"", ""B"": ""unknown""}, ""target"": ""head / combination variable"", ""phase_window"": ""A 진입 startup에 멈춤 직선 반격""}","{""distance"": ""long"", ""stance"": ""OO"", ""foot_position"": ""neutral"", ""angle"": ""head off punching line; body angle not automatic"", ""ring_position"": ""ropes"", ""space"": {""A"": ""in front of B, inside ring"", ""B"": ""ropes"", ""retreat_available"": ""limited B""}, ""A"": {""head"": ""outside incoming punch"", ""weight"": ""variant dependent: support/load must be checked"", ""guard"": ""normal"", ""phase"": ""evasion"", ""arm"": ""home"", ""rotation"": ""none"", ""balance"": ""stable only after placement; transient step risk"", ""free_hand"": ""both"", ""foot"": ""neutral"", ""bearing"": ""facing opponent""}, ""B"": {""head"": ""center line"", ""weight"": ""neutral / variant dependent"", ""guard"": ""attacking arm displaced; other hand protection conditional"", ""phase"": ""recovery"", ""arm"": ""lead/variant extended"", ""rotation"": ""none"", ""balance"": ""stable"", ""free_hand"": ""both"", ""foot"": ""neutral"", ""bearing"": ""facing opponent""}, ""belief"": {""A"": ""unknown"", ""B"": ""unknown""}, ""target"": ""head / combination variable"", ""phase_window"": ""B 직선 바깥 머리 이동""}",해당 직선 공격선을 벗어남,다음 펀치 재조준·훅·균형 손실,"[""N17_S11""]",들어오는 특정 펀치의 팔 바깥으로 머리 이동,B 직선 바깥 머리 이동,"[""S02"", ""S07""]",biomechanical inference
N17_S11,A: Body hook · 보디 훅,BH,OFFENSE,A,N17,"{""distance"": ""long"", ""stance"": ""OO"", ""foot_position"": ""neutral"", ""angle"": ""head off punching line; body angle not automatic"", ""ring_position"": ""ropes"", ""space"": {""A"": ""in front of B, inside ring"", ""B"": ""ropes"", ""retreat_available"": ""limited B""}, ""A"": {""head"": ""outside incoming punch"", ""weight"": ""variant dependent: support/load must be checked"", ""guard"": ""normal"", ""phase"": ""evasion"", ""arm"": ""home"", ""rotation"": ""none"", ""balance"": ""stable only after placement; transient step risk"", ""free_hand"": ""both"", ""foot"": ""neutral"", ""bearing"": ""facing opponent""}, ""B"": {""head"": ""center line"", ""weight"": ""neutral / variant dependent"", ""guard"": ""attacking arm displaced; other hand protection conditional"", ""phase"": ""recovery"", ""arm"": ""lead/variant extended"", ""rotation"": ""none"", ""balance"": ""stable"", ""free_hand"": ""both"", ""foot"": ""neutral"", ""bearing"": ""facing opponent""}, ""belief"": {""A"": ""unknown"", ""B"": ""unknown""}, ""target"": ""head / combination variable"", ""phase_window"": ""B 직선 바깥 머리 이동""}","{""distance"": ""pocket"", ""stance"": ""OO"", ""foot_position"": ""neutral"", ""angle"": ""head off punching line; body angle not automatic"", ""ring_position"": ""ropes"", ""space"": {""A"": ""in front of B, inside ring"", ""B"": ""ropes"", ""retreat_available"": ""limited B""}, ""A"": {""head"": ""outside incoming punch"", ""weight"": ""variant dependent: support/load must be checked"", ""guard"": ""attacking arm displaced; other hand protection conditional"", ""phase"": ""extension"", ""arm"": ""lead/variant extended"", ""rotation"": ""punch-specific rotation; magnitude variable"", ""balance"": ""stable only after placement; transient step risk"", ""free_hand"": ""both"", ""foot"": ""neutral"", ""bearing"": ""facing opponent""}, ""B"": {""head"": ""center line"", ""weight"": ""neutral / variant dependent"", ""guard"": ""attacking arm displaced; other hand protection conditional"", ""phase"": ""recovery"", ""arm"": ""lead/variant extended"", ""rotation"": ""none"", ""balance"": ""stable"", ""free_hand"": ""both"", ""foot"": ""neutral"", ""bearing"": ""facing opponent""}, ""belief"": {""A"": ""unknown"", ""B"": ""unknown""}, ""target"": ""body"", ""phase_window"": ""A 도착 후 몸통 사거리""}",높은 가드 아래 공격,보디로 손을 보내며 머리 측면이 열릴 수 있음,"[""N17_S12""]",높이를 바꾸고 짧은 훅으로 갈비·복부의 합법 표적,A 도착 후 몸통 사거리,"[""S03"", ""S16""]",biomechanical inference
N17_S12,B: Elbow body block · 팔꿈치 블록,ELBOW,DEFENSE,B,N17,"{""distance"": ""pocket"", ""stance"": ""OO"", ""foot_position"": ""neutral"", ""angle"": ""head off punching line; body angle not automatic"", ""ring_position"": ""ropes"", ""space"": {""A"": ""in front of B, inside ring"", ""B"": ""ropes"", ""retreat_available"": ""limited B""}, ""A"": {""head"": ""outside incoming punch"", ""weight"": ""variant dependent: support/load must be checked"", ""guard"": ""attacking arm displaced; other hand protection conditional"", ""phase"": ""extension"", ""arm"": ""lead/variant extended"", ""rotation"": ""punch-specific rotation; magnitude variable"", ""balance"": ""stable only after placement; transient step risk"", ""free_hand"": ""both"", ""foot"": ""neutral"", ""bearing"": ""facing opponent""}, ""B"": {""head"": ""center line"", ""weight"": ""neutral / variant dependent"", ""guard"": ""attacking arm displaced; other hand protection conditional"", ""phase"": ""recovery"", ""arm"": ""lead/variant extended"", ""rotation"": ""none"", ""balance"": ""stable"", ""free_hand"": ""both"", ""foot"": ""neutral"", ""bearing"": ""facing opponent""}, ""belief"": {""A"": ""unknown"", ""B"": ""unknown""}, ""target"": ""body"", ""phase_window"": ""A 도착 후 몸통 사거리""}","{""distance"": ""pocket"", ""stance"": ""OO"", ""foot_position"": ""neutral"", ""angle"": ""head off punching line; body angle not automatic"", ""ring_position"": ""ropes"", ""space"": {""A"": ""in front of B, inside ring"", ""B"": ""ropes"", ""retreat_available"": ""limited B""}, ""A"": {""head"": ""outside incoming punch"", ""weight"": ""variant dependent: support/load must be checked"", ""guard"": ""attacking arm displaced; other hand protection conditional"", ""phase"": ""recovery"", ""arm"": ""lead/variant extended"", ""rotation"": ""punch-specific rotation; magnitude variable"", ""balance"": ""stable only after placement; transient step risk"", ""free_hand"": ""both"", ""foot"": ""neutral"", ""bearing"": ""facing opponent""}, ""B"": {""head"": ""center line"", ""weight"": ""neutral / variant dependent"", ""guard"": ""elbow tucked; head glove conditional"", ""phase"": ""impact/cover"", ""arm"": ""home"", ""rotation"": ""none"", ""balance"": ""stable"", ""free_hand"": ""both"", ""foot"": ""neutral"", ""bearing"": ""facing opponent""}, ""belief"": {""A"": ""unknown"", ""B"": ""unknown""}, ""target"": ""body"", ""phase_window"": ""짧은 블록""}",보디 훅·사선 공격을 팔로 받음,같은 쪽 머리 가드가 실제로 내려가면 head opening,"[""N17_S13""]",팔꿈치를 좁히거나 몸통 회전으로 보디 통로 차단,짧은 블록,"[""S01"", ""S16""]",biomechanical inference
N17_S13,B: Smother · 펀치 공간 압축,SMOTHER,DEFENSE,B,N17,"{""distance"": ""pocket"", ""stance"": ""OO"", ""foot_position"": ""neutral"", ""angle"": ""head off punching line; body angle not automatic"", ""ring_position"": ""ropes"", ""space"": {""A"": ""in front of B, inside ring"", ""B"": ""ropes"", ""retreat_available"": ""limited B""}, ""A"": {""head"": ""outside incoming punch"", ""weight"": ""variant dependent: support/load must be checked"", ""guard"": ""attacking arm displaced; other hand protection conditional"", ""phase"": ""recovery"", ""arm"": ""lead/variant extended"", ""rotation"": ""punch-specific rotation; magnitude variable"", ""balance"": ""stable only after placement; transient step risk"", ""free_hand"": ""both"", ""foot"": ""neutral"", ""bearing"": ""facing opponent""}, ""B"": {""head"": ""center line"", ""weight"": ""neutral / variant dependent"", ""guard"": ""elbow tucked; head glove conditional"", ""phase"": ""impact/cover"", ""arm"": ""home"", ""rotation"": ""none"", ""balance"": ""stable"", ""free_hand"": ""both"", ""foot"": ""neutral"", ""bearing"": ""facing opponent""}, ""belief"": {""A"": ""unknown"", ""B"": ""unknown""}, ""target"": ""body"", ""phase_window"": ""짧은 블록""}","{""distance"": ""clinch"", ""stance"": ""OO"", ""foot_position"": ""neutral"", ""angle"": ""head off punching line; body angle not automatic"", ""ring_position"": ""ropes"", ""space"": {""A"": ""in front of B, inside ring"", ""B"": ""ropes"", ""retreat_available"": ""limited B""}, ""A"": {""head"": ""outside incoming punch"", ""weight"": ""variant dependent: support/load must be checked"", ""guard"": ""attacking arm displaced; other hand protection conditional"", ""phase"": ""recovery"", ""arm"": ""lead/variant extended"", ""rotation"": ""punch-specific rotation; magnitude variable"", ""balance"": ""stable only after placement; transient step risk"", ""free_hand"": ""both"", ""foot"": ""neutral"", ""bearing"": ""facing opponent""}, ""B"": {""head"": ""center line"", ""weight"": ""neutral / variant dependent"", ""guard"": ""elbow tucked; head glove conditional"", ""phase"": ""contact"", ""arm"": ""contact / restriction dependent"", ""rotation"": ""none"", ""balance"": ""stable"", ""free_hand"": ""both"", ""foot"": ""neutral"", ""bearing"": ""facing opponent""}, ""belief"": {""A"": ""unknown"", ""B"": ""unknown""}, ""target"": ""short legal targets only; no holding-and-hitting"", ""phase_window"": ""넓은 다음 공격 전 압축""}",긴 궤적의 완전 신전 방해,짧은 훅·어퍼컷·머리 충돌·위치 상실,"[""N17_S14""]",몸과 발로 너무 가까운 거리까지 압축,넓은 다음 공격 전 압축,"[""S06"", ""S17""]",biomechanical inference
N17_S14,A: Clinch · 클린치 국면,CLINCH,DEFENSE,A,N17,"{""distance"": ""clinch"", ""stance"": ""OO"", ""foot_position"": ""neutral"", ""angle"": ""head off punching line; body angle not automatic"", ""ring_position"": ""ropes"", ""space"": {""A"": ""in front of B, inside ring"", ""B"": ""ropes"", ""retreat_available"": ""limited B""}, ""A"": {""head"": ""outside incoming punch"", ""weight"": ""variant dependent: support/load must be checked"", ""guard"": ""attacking arm displaced; other hand protection conditional"", ""phase"": ""recovery"", ""arm"": ""lead/variant extended"", ""rotation"": ""punch-specific rotation; magnitude variable"", ""balance"": ""stable only after placement; transient step risk"", ""free_hand"": ""both"", ""foot"": ""neutral"", ""bearing"": ""facing opponent""}, ""B"": {""head"": ""center line"", ""weight"": ""neutral / variant dependent"", ""guard"": ""elbow tucked; head glove conditional"", ""phase"": ""contact"", ""arm"": ""contact / restriction dependent"", ""rotation"": ""none"", ""balance"": ""stable"", ""free_hand"": ""both"", ""foot"": ""neutral"", ""bearing"": ""facing opponent""}, ""belief"": {""A"": ""unknown"", ""B"": ""unknown""}, ""target"": ""short legal targets only; no holding-and-hitting"", ""phase_window"": ""넓은 다음 공격 전 압축""}","{""distance"": ""clinch"", ""stance"": ""OO"", ""foot_position"": ""neutral"", ""angle"": ""head off punching line; body angle not automatic"", ""ring_position"": ""ropes"", ""space"": {""A"": ""in front of B, inside ring"", ""B"": ""ropes"", ""retreat_available"": ""limited B""}, ""A"": {""head"": ""outside incoming punch"", ""weight"": ""variant dependent: support/load must be checked"", ""guard"": ""attacking arm displaced; other hand protection conditional"", ""phase"": ""contact"", ""arm"": ""contact / restriction dependent"", ""rotation"": ""punch-specific rotation; magnitude variable"", ""balance"": ""stable only after placement; transient step risk"", ""free_hand"": ""both"", ""foot"": ""neutral"", ""bearing"": ""facing opponent""}, ""B"": {""head"": ""center line"", ""weight"": ""neutral / variant dependent"", ""guard"": ""elbow tucked; head glove conditional"", ""phase"": ""contact"", ""arm"": ""contact / restriction dependent"", ""rotation"": ""none"", ""balance"": ""stable"", ""free_hand"": ""both"", ""foot"": ""neutral"", ""bearing"": ""facing opponent""}, ""belief"": {""A"": ""unknown"", ""B"": ""unknown""}, ""target"": ""short legal targets only; no holding-and-hitting"", ""phase_window"": ""교환 중단 국면""}",긴 펀치 공간 감소,짧은 자유손·심판 break·홀딩 반칙,"[""N17_S15""]",밀착·팔 얽힘으로 교환이 중단되는 국면,교환 중단 국면,"[""S17""]",biomechanical inference
N17_S15,B: Referee break · 심판 분리,BREAK,POSITION,B,N17,"{""distance"": ""clinch"", ""stance"": ""OO"", ""foot_position"": ""neutral"", ""angle"": ""head off punching line; body angle not automatic"", ""ring_position"": ""ropes"", ""space"": {""A"": ""in front of B, inside ring"", ""B"": ""ropes"", ""retreat_available"": ""limited B""}, ""A"": {""head"": ""outside incoming punch"", ""weight"": ""variant dependent: support/load must be checked"", ""guard"": ""attacking arm displaced; other hand protection conditional"", ""phase"": ""contact"", ""arm"": ""contact / restriction dependent"", ""rotation"": ""punch-specific rotation; magnitude variable"", ""balance"": ""stable only after placement; transient step risk"", ""free_hand"": ""both"", ""foot"": ""neutral"", ""bearing"": ""facing opponent""}, ""B"": {""head"": ""center line"", ""weight"": ""neutral / variant dependent"", ""guard"": ""elbow tucked; head glove conditional"", ""phase"": ""contact"", ""arm"": ""contact / restriction dependent"", ""rotation"": ""none"", ""balance"": ""stable"", ""free_hand"": ""both"", ""foot"": ""neutral"", ""bearing"": ""facing opponent""}, ""belief"": {""A"": ""unknown"", ""B"": ""unknown""}, ""target"": ""short legal targets only; no holding-and-hitting"", ""phase_window"": ""교환 중단 국면""}","{""distance"": ""long"", ""stance"": ""OO"", ""foot_position"": ""neutral"", ""angle"": ""centerline aligned"", ""ring_position"": ""ropes"", ""space"": {""A"": ""in front of B, inside ring"", ""B"": ""ropes"", ""retreat_available"": ""limited B""}, ""A"": {""head"": ""center line / guarded"", ""weight"": ""neutral / ready"", ""guard"": ""normal"", ""phase"": ""neutral"", ""arm"": ""home"", ""rotation"": ""none"", ""balance"": ""stable"", ""free_hand"": ""both"", ""foot"": ""neutral"", ""bearing"": ""facing opponent""}, ""B"": {""head"": ""center line / guarded"", ""weight"": ""neutral / ready"", ""guard"": ""normal"", ""phase"": ""neutral"", ""arm"": ""home"", ""rotation"": ""none"", ""balance"": ""stable"", ""free_hand"": ""both"", ""foot"": ""neutral"", ""bearing"": ""facing opponent""}, ""belief"": {""A"": ""unknown"", ""B"": ""unknown""}, ""target"": ""none"", ""phase_window"": ""심판 분리 후 퇴로·공간 새 설정""}",밀착 국면에서 합법 새 거리,주도권·공간이 바뀜; break 중 공격 금지,"[""N17_S0""]",지시에 따라 분리·재개까지 타격 보류,심판 분리 후 퇴로·공간 새 설정,"[""S17""]",biomechanical inference
N18_S0,시작 상태,,STATE,,N18,"{""distance"": ""mid"", ""stance"": ""OO"", ""foot_position"": ""neutral"", ""angle"": ""centerline aligned"", ""ring_position"": ""corner"", ""space"": {""A"": ""in front of B, inside ring"", ""B"": ""corner"", ""retreat_available"": ""limited B""}, ""A"": {""head"": ""center line"", ""weight"": ""neutral / variant dependent"", ""guard"": ""normal"", ""phase"": ""neutral"", ""arm"": ""home"", ""rotation"": ""none"", ""balance"": ""stable"", ""free_hand"": ""both"", ""foot"": ""neutral"", ""bearing"": ""facing opponent""}, ""B"": {""head"": ""center line"", ""weight"": ""neutral / variant dependent"", ""guard"": ""normal"", ""phase"": ""neutral"", ""arm"": ""home"", ""rotation"": ""none"", ""balance"": ""stable"", ""free_hand"": ""both"", ""foot"": ""neutral"", ""bearing"": ""facing opponent""}, ""belief"": {""A"": ""unknown"", ""B"": ""unknown""}, ""target"": ""none"", ""phase_window"": ""neutral""}","{""distance"": ""mid"", ""stance"": ""OO"", ""foot_position"": ""neutral"", ""angle"": ""centerline aligned"", ""ring_position"": ""corner"", ""space"": {""A"": ""in front of B, inside ring"", ""B"": ""corner"", ""retreat_available"": ""limited B""}, ""A"": {""head"": ""center line"", ""weight"": ""neutral / variant dependent"", ""guard"": ""normal"", ""phase"": ""neutral"", ""arm"": ""home"", ""rotation"": ""none"", ""balance"": ""stable"", ""free_hand"": ""both"", ""foot"": ""neutral"", ""bearing"": ""facing opponent""}, ""B"": {""head"": ""center line"", ""weight"": ""neutral / variant dependent"", ""guard"": ""normal"", ""phase"": ""neutral"", ""arm"": ""home"", ""rotation"": ""none"", ""balance"": ""stable"", ""free_hand"": ""both"", ""foot"": ""neutral"", ""bearing"": ""facing opponent""}, ""belief"": {""A"": ""unknown"", ""B"": ""unknown""}, ""target"": ""none"", ""phase_window"": ""neutral""}",교환의 전제 확인,중립도 선제 위협에 노출,"[""N18_S1""]",,,,
N18_S1,A: Pressure / ring cut · 압박·링 커팅,PRESS,POSITION,A,N18,"{""distance"": ""mid"", ""stance"": ""OO"", ""foot_position"": ""neutral"", ""angle"": ""centerline aligned"", ""ring_position"": ""corner"", ""space"": {""A"": ""in front of B, inside ring"", ""B"": ""corner"", ""retreat_available"": ""limited B""}, ""A"": {""head"": ""center line"", ""weight"": ""neutral / variant dependent"", ""guard"": ""normal"", ""phase"": ""neutral"", ""arm"": ""home"", ""rotation"": ""none"", ""balance"": ""stable"", ""free_hand"": ""both"", ""foot"": ""neutral"", ""bearing"": ""facing opponent""}, ""B"": {""head"": ""center line"", ""weight"": ""neutral / variant dependent"", ""guard"": ""normal"", ""phase"": ""neutral"", ""arm"": ""home"", ""rotation"": ""none"", ""balance"": ""stable"", ""free_hand"": ""both"", ""foot"": ""neutral"", ""bearing"": ""facing opponent""}, ""belief"": {""A"": ""unknown"", ""B"": ""unknown""}, ""target"": ""none"", ""phase_window"": ""neutral""}","{""distance"": ""mid"", ""stance"": ""OO"", ""foot_position"": ""neutral"", ""angle"": ""centerline aligned"", ""ring_position"": ""corner"", ""space"": {""A"": ""in front of B, inside ring"", ""B"": ""corner"", ""retreat_available"": ""limited B""}, ""A"": {""head"": ""center line"", ""weight"": ""neutral / variant dependent"", ""guard"": ""normal"", ""phase"": ""footwork"", ""arm"": ""home"", ""rotation"": ""none"", ""balance"": ""stable only after placement; transient step risk"", ""free_hand"": ""both"", ""foot"": ""neutral"", ""bearing"": ""facing opponent""}, ""B"": {""head"": ""center line"", ""weight"": ""neutral / variant dependent"", ""guard"": ""normal"", ""phase"": ""neutral"", ""arm"": ""home"", ""rotation"": ""none"", ""balance"": ""stable"", ""free_hand"": ""both"", ""foot"": ""neutral"", ""bearing"": ""facing opponent""}, ""belief"": {""A"": ""unknown"", ""B"": ""unknown""}, ""target"": ""none"", ""phase_window"": ""코너의 B 출구 두 방향을 관찰""}",퇴로·시간을 줄임,직선 추격·스텝 중 인터셉트,"[""N18_S2"", ""N18_S10""]",상대 출구를 선점하며 가드 있는 진입,코너의 B 출구 두 방향을 관찰,"[""S06""]",biomechanical inference
N18_S2,B: High guard · 하이 가드,HG,DEFENSE,B,N18,"{""distance"": ""mid"", ""stance"": ""OO"", ""foot_position"": ""neutral"", ""angle"": ""centerline aligned"", ""ring_position"": ""corner"", ""space"": {""A"": ""in front of B, inside ring"", ""B"": ""corner"", ""retreat_available"": ""limited B""}, ""A"": {""head"": ""center line"", ""weight"": ""neutral / variant dependent"", ""guard"": ""normal"", ""phase"": ""footwork"", ""arm"": ""home"", ""rotation"": ""none"", ""balance"": ""stable only after placement; transient step risk"", ""free_hand"": ""both"", ""foot"": ""neutral"", ""bearing"": ""facing opponent""}, ""B"": {""head"": ""center line"", ""weight"": ""neutral / variant dependent"", ""guard"": ""normal"", ""phase"": ""neutral"", ""arm"": ""home"", ""rotation"": ""none"", ""balance"": ""stable"", ""free_hand"": ""both"", ""foot"": ""neutral"", ""bearing"": ""facing opponent""}, ""belief"": {""A"": ""unknown"", ""B"": ""unknown""}, ""target"": ""none"", ""phase_window"": ""코너의 B 출구 두 방향을 관찰""}","{""distance"": ""mid"", ""stance"": ""OO"", ""foot_position"": ""neutral"", ""angle"": ""centerline aligned"", ""ring_position"": ""corner"", ""space"": {""A"": ""in front of B, inside ring"", ""B"": ""corner"", ""retreat_available"": ""limited B""}, ""A"": {""head"": ""center line"", ""weight"": ""neutral / variant dependent"", ""guard"": ""normal"", ""phase"": ""footwork"", ""arm"": ""home"", ""rotation"": ""none"", ""balance"": ""stable only after placement; transient step risk"", ""free_hand"": ""both"", ""foot"": ""neutral"", ""bearing"": ""facing opponent""}, ""B"": {""head"": ""center line"", ""weight"": ""neutral / variant dependent"", ""guard"": ""high guard; body cover elbow-dependent"", ""phase"": ""impact/cover"", ""arm"": ""home"", ""rotation"": ""none"", ""balance"": ""stable"", ""free_hand"": ""both"", ""foot"": ""neutral"", ""bearing"": ""facing opponent""}, ""belief"": {""A"": ""unknown"", ""B"": ""unknown""}, ""target"": ""none"", ""phase_window"": ""B 머리 가드 압축""}",측면·직선 타격 면적을 일부 가림,시야·보디·기동성 제한; 충격 전달 가능,"[""N18_S3""]",글러브·팔을 머리 주변에 압축,B 머리 가드 압축,"[""S01"", ""S02""]",biomechanical inference
N18_S3,A: Body hook · 보디 훅,BH,OFFENSE,A,N18,"{""distance"": ""mid"", ""stance"": ""OO"", ""foot_position"": ""neutral"", ""angle"": ""centerline aligned"", ""ring_position"": ""corner"", ""space"": {""A"": ""in front of B, inside ring"", ""B"": ""corner"", ""retreat_available"": ""limited B""}, ""A"": {""head"": ""center line"", ""weight"": ""neutral / variant dependent"", ""guard"": ""normal"", ""phase"": ""footwork"", ""arm"": ""home"", ""rotation"": ""none"", ""balance"": ""stable only after placement; transient step risk"", ""free_hand"": ""both"", ""foot"": ""neutral"", ""bearing"": ""facing opponent""}, ""B"": {""head"": ""center line"", ""weight"": ""neutral / variant dependent"", ""guard"": ""high guard; body cover elbow-dependent"", ""phase"": ""impact/cover"", ""arm"": ""home"", ""rotation"": ""none"", ""balance"": ""stable"", ""free_hand"": ""both"", ""foot"": ""neutral"", ""bearing"": ""facing opponent""}, ""belief"": {""A"": ""unknown"", ""B"": ""unknown""}, ""target"": ""none"", ""phase_window"": ""B 머리 가드 압축""}","{""distance"": ""pocket"", ""stance"": ""OO"", ""foot_position"": ""neutral"", ""angle"": ""centerline aligned"", ""ring_position"": ""corner"", ""space"": {""A"": ""in front of B, inside ring"", ""B"": ""corner"", ""retreat_available"": ""limited B""}, ""A"": {""head"": ""center line"", ""weight"": ""neutral / variant dependent"", ""guard"": ""attacking arm displaced; other hand protection conditional"", ""phase"": ""extension"", ""arm"": ""lead/variant extended"", ""rotation"": ""punch-specific rotation; magnitude variable"", ""balance"": ""stable only after placement; transient step risk"", ""free_hand"": ""both"", ""foot"": ""neutral"", ""bearing"": ""facing opponent""}, ""B"": {""head"": ""center line"", ""weight"": ""neutral / variant dependent"", ""guard"": ""high guard; body cover elbow-dependent"", ""phase"": ""impact/cover"", ""arm"": ""home"", ""rotation"": ""none"", ""balance"": ""stable"", ""free_hand"": ""both"", ""foot"": ""neutral"", ""bearing"": ""facing opponent""}, ""belief"": {""A"": ""unknown"", ""B"": ""unknown""}, ""target"": ""body"", ""phase_window"": ""B 팔꿈치 사이 합법 보디 표적; 가까이 진입""}",높은 가드 아래 공격,보디로 손을 보내며 머리 측면이 열릴 수 있음,"[""N18_S4""]",높이를 바꾸고 짧은 훅으로 갈비·복부의 합법 표적,B 팔꿈치 사이 합법 보디 표적; 가까이 진입,"[""S03"", ""S16""]",biomechanical inference
N18_S4,B: Elbow body block · 팔꿈치 블록,ELBOW,DEFENSE,B,N18,"{""distance"": ""pocket"", ""stance"": ""OO"", ""foot_position"": ""neutral"", ""angle"": ""centerline aligned"", ""ring_position"": ""corner"", ""space"": {""A"": ""in front of B, inside ring"", ""B"": ""corner"", ""retreat_available"": ""limited B""}, ""A"": {""head"": ""center line"", ""weight"": ""neutral / variant dependent"", ""guard"": ""attacking arm displaced; other hand protection conditional"", ""phase"": ""extension"", ""arm"": ""lead/variant extended"", ""rotation"": ""punch-specific rotation; magnitude variable"", ""balance"": ""stable only after placement; transient step risk"", ""free_hand"": ""both"", ""foot"": ""neutral"", ""bearing"": ""facing opponent""}, ""B"": {""head"": ""center line"", ""weight"": ""neutral / variant dependent"", ""guard"": ""high guard; body cover elbow-dependent"", ""phase"": ""impact/cover"", ""arm"": ""home"", ""rotation"": ""none"", ""balance"": ""stable"", ""free_hand"": ""both"", ""foot"": ""neutral"", ""bearing"": ""facing opponent""}, ""belief"": {""A"": ""unknown"", ""B"": ""unknown""}, ""target"": ""body"", ""phase_window"": ""B 팔꿈치 사이 합법 보디 표적; 가까이 진입""}","{""distance"": ""pocket"", ""stance"": ""OO"", ""foot_position"": ""neutral"", ""angle"": ""centerline aligned"", ""ring_position"": ""corner"", ""space"": {""A"": ""in front of B, inside ring"", ""B"": ""corner"", ""retreat_available"": ""limited B""}, ""A"": {""head"": ""center line"", ""weight"": ""neutral / variant dependent"", ""guard"": ""attacking arm displaced; other hand protection conditional"", ""phase"": ""recovery"", ""arm"": ""lead/variant extended"", ""rotation"": ""punch-specific rotation; magnitude variable"", ""balance"": ""stable only after placement; transient step risk"", ""free_hand"": ""both"", ""foot"": ""neutral"", ""bearing"": ""facing opponent""}, ""B"": {""head"": ""center line"", ""weight"": ""neutral / variant dependent"", ""guard"": ""elbow tucked; head glove conditional"", ""phase"": ""impact/cover"", ""arm"": ""home"", ""rotation"": ""none"", ""balance"": ""stable"", ""free_hand"": ""both"", ""foot"": ""neutral"", ""bearing"": ""facing opponent""}, ""belief"": {""A"": ""unknown"", ""B"": ""unknown""}, ""target"": ""body"", ""phase_window"": ""보디 블록; 머리 글러브 유지""}",보디 훅·사선 공격을 팔로 받음,같은 쪽 머리 가드가 실제로 내려가면 head opening,"[""N18_S5""]",팔꿈치를 좁히거나 몸통 회전으로 보디 통로 차단,보디 블록; 머리 글러브 유지,"[""S01"", ""S16""]",biomechanical inference
N18_S5,B: Smother · 펀치 공간 압축,SMOTHER,DEFENSE,B,N18,"{""distance"": ""pocket"", ""stance"": ""OO"", ""foot_position"": ""neutral"", ""angle"": ""centerline aligned"", ""ring_position"": ""corner"", ""space"": {""A"": ""in front of B, inside ring"", ""B"": ""corner"", ""retreat_available"": ""limited B""}, ""A"": {""head"": ""center line"", ""weight"": ""neutral / variant dependent"", ""guard"": ""attacking arm displaced; other hand protection conditional"", ""phase"": ""recovery"", ""arm"": ""lead/variant extended"", ""rotation"": ""punch-specific rotation; magnitude variable"", ""balance"": ""stable only after placement; transient step risk"", ""free_hand"": ""both"", ""foot"": ""neutral"", ""bearing"": ""facing opponent""}, ""B"": {""head"": ""center line"", ""weight"": ""neutral / variant dependent"", ""guard"": ""elbow tucked; head glove conditional"", ""phase"": ""impact/cover"", ""arm"": ""home"", ""rotation"": ""none"", ""balance"": ""stable"", ""free_hand"": ""both"", ""foot"": ""neutral"", ""bearing"": ""facing opponent""}, ""belief"": {""A"": ""unknown"", ""B"": ""unknown""}, ""target"": ""body"", ""phase_window"": ""보디 블록; 머리 글러브 유지""}","{""distance"": ""clinch"", ""stance"": ""OO"", ""foot_position"": ""neutral"", ""angle"": ""centerline aligned"", ""ring_position"": ""corner"", ""space"": {""A"": ""in front of B, inside ring"", ""B"": ""corner"", ""retreat_available"": ""limited B""}, ""A"": {""head"": ""center line"", ""weight"": ""neutral / variant dependent"", ""guard"": ""attacking arm displaced; other hand protection conditional"", ""phase"": ""recovery"", ""arm"": ""lead/variant extended"", ""rotation"": ""punch-specific rotation; magnitude variable"", ""balance"": ""stable only after placement; transient step risk"", ""free_hand"": ""both"", ""foot"": ""neutral"", ""bearing"": ""facing opponent""}, ""B"": {""head"": ""center line"", ""weight"": ""neutral / variant dependent"", ""guard"": ""elbow tucked; head glove conditional"", ""phase"": ""contact"", ""arm"": ""contact / restriction dependent"", ""rotation"": ""none"", ""balance"": ""stable"", ""free_hand"": ""both"", ""foot"": ""neutral"", ""bearing"": ""facing opponent""}, ""belief"": {""A"": ""unknown"", ""B"": ""unknown""}, ""target"": ""short legal targets only; no holding-and-hitting"", ""phase_window"": ""A 긴 후속 궤도 전에 압축""}",긴 궤적의 완전 신전 방해,짧은 훅·어퍼컷·머리 충돌·위치 상실,"[""N18_S6""]",몸과 발로 너무 가까운 거리까지 압축,A 긴 후속 궤도 전에 압축,"[""S06"", ""S17""]",biomechanical inference
N18_S6,A: Frame / contact · 접촉 프레임,FRAME,DEFENSE,A,N18,"{""distance"": ""clinch"", ""stance"": ""OO"", ""foot_position"": ""neutral"", ""angle"": ""centerline aligned"", ""ring_position"": ""corner"", ""space"": {""A"": ""in front of B, inside ring"", ""B"": ""corner"", ""retreat_available"": ""limited B""}, ""A"": {""head"": ""center line"", ""weight"": ""neutral / variant dependent"", ""guard"": ""attacking arm displaced; other hand protection conditional"", ""phase"": ""recovery"", ""arm"": ""lead/variant extended"", ""rotation"": ""punch-specific rotation; magnitude variable"", ""balance"": ""stable only after placement; transient step risk"", ""free_hand"": ""both"", ""foot"": ""neutral"", ""bearing"": ""facing opponent""}, ""B"": {""head"": ""center line"", ""weight"": ""neutral / variant dependent"", ""guard"": ""elbow tucked; head glove conditional"", ""phase"": ""contact"", ""arm"": ""contact / restriction dependent"", ""rotation"": ""none"", ""balance"": ""stable"", ""free_hand"": ""both"", ""foot"": ""neutral"", ""bearing"": ""facing opponent""}, ""belief"": {""A"": ""unknown"", ""B"": ""unknown""}, ""target"": ""short legal targets only; no holding-and-hitting"", ""phase_window"": ""A 긴 후속 궤도 전에 압축""}","{""distance"": ""clinch"", ""stance"": ""OO"", ""foot_position"": ""neutral"", ""angle"": ""centerline aligned"", ""ring_position"": ""corner"", ""space"": {""A"": ""in front of B, inside ring"", ""B"": ""corner"", ""retreat_available"": ""limited B""}, ""A"": {""head"": ""center line"", ""weight"": ""neutral / variant dependent"", ""guard"": ""attacking arm displaced; other hand protection conditional"", ""phase"": ""contact"", ""arm"": ""contact / restriction dependent"", ""rotation"": ""punch-specific rotation; magnitude variable"", ""balance"": ""stable only after placement; transient step risk"", ""free_hand"": ""both"", ""foot"": ""neutral"", ""bearing"": ""facing opponent""}, ""B"": {""head"": ""center line"", ""weight"": ""neutral / variant dependent"", ""guard"": ""elbow tucked; head glove conditional"", ""phase"": ""contact"", ""arm"": ""contact / restriction dependent"", ""rotation"": ""none"", ""balance"": ""stable"", ""free_hand"": ""both"", ""foot"": ""neutral"", ""bearing"": ""facing opponent""}, ""belief"": {""A"": ""unknown"", ""B"": ""unknown""}, ""target"": ""short legal targets only; no holding-and-hitting"", ""phase_window"": ""짧은 합법 접촉만; 밀기·목 고정 없이 공간 감지""}",진입을 느끼고 재정렬 공간 확보,손 가드 이탈·밀기/지속 시야 차단 반칙 가능,"[""N18_S7""]",짧은 접촉으로 공간·자세를 감지,짧은 합법 접촉만; 밀기·목 고정 없이 공간 감지,"[""S17""]",biomechanical inference
N18_S7,B: Pivot · 피벗,PIVOT,POSITION,B,N18,"{""distance"": ""clinch"", ""stance"": ""OO"", ""foot_position"": ""neutral"", ""angle"": ""centerline aligned"", ""ring_position"": ""corner"", ""space"": {""A"": ""in front of B, inside ring"", ""B"": ""corner"", ""retreat_available"": ""limited B""}, ""A"": {""head"": ""center line"", ""weight"": ""neutral / variant dependent"", ""guard"": ""attacking arm displaced; other hand protection conditional"", ""phase"": ""contact"", ""arm"": ""contact / restriction dependent"", ""rotation"": ""punch-specific rotation; magnitude variable"", ""balance"": ""stable only after placement; transient step risk"", ""free_hand"": ""both"", ""foot"": ""neutral"", ""bearing"": ""facing opponent""}, ""B"": {""head"": ""center line"", ""weight"": ""neutral / variant dependent"", ""guard"": ""elbow tucked; head glove conditional"", ""phase"": ""contact"", ""arm"": ""contact / restriction dependent"", ""rotation"": ""none"", ""balance"": ""stable"", ""free_hand"": ""both"", ""foot"": ""neutral"", ""bearing"": ""facing opponent""}, ""belief"": {""A"": ""unknown"", ""B"": ""unknown""}, ""target"": ""short legal targets only; no holding-and-hitting"", ""phase_window"": ""짧은 합법 접촉만; 밀기·목 고정 없이 공간 감지""}","{""distance"": ""pocket"", ""stance"": ""OO"", ""foot_position"": ""angle candidate"", ""angle"": ""off-line candidate; opponent may reorient"", ""ring_position"": ""corner"", ""space"": {""A"": ""in front of B, inside ring"", ""B"": ""corner"", ""retreat_available"": ""limited B""}, ""A"": {""head"": ""center line"", ""weight"": ""neutral / variant dependent"", ""guard"": ""attacking arm displaced; other hand protection conditional"", ""phase"": ""contact"", ""arm"": ""contact / restriction dependent"", ""rotation"": ""punch-specific rotation; magnitude variable"", ""balance"": ""stable only after placement; transient step risk"", ""free_hand"": ""both"", ""foot"": ""neutral"", ""bearing"": ""facing opponent""}, ""B"": {""head"": ""center line"", ""weight"": ""neutral / variant dependent"", ""guard"": ""elbow tucked; head glove conditional"", ""phase"": ""footwork"", ""arm"": ""home"", ""rotation"": ""none"", ""balance"": ""stable only after placement; transient step risk"", ""free_hand"": ""both"", ""foot"": ""neutral"", ""bearing"": ""reoriented toward opponent; conditional completion""}, ""belief"": {""A"": ""unknown"", ""B"": ""unknown""}, ""target"": ""short legal targets only; no holding-and-hitting"", ""phase_window"": ""한 출구가 실제 열리고 상대 팔에 잠기지 않음""}",공격선 옆각도·출구 확보,축발 막힘·과회전·상대가 같이 돌기,"[""N18_S8""]",지지발 주위로 다른 발과 몸을 재지향,한 출구가 실제 열리고 상대 팔에 잠기지 않음,"[""S06""]",biomechanical inference
N18_S8,B: Exit angle · 각도 탈출,EXIT,POSITION,B,N18,"{""distance"": ""pocket"", ""stance"": ""OO"", ""foot_position"": ""angle candidate"", ""angle"": ""off-line candidate; opponent may reorient"", ""ring_position"": ""corner"", ""space"": {""A"": ""in front of B, inside ring"", ""B"": ""corner"", ""retreat_available"": ""limited B""}, ""A"": {""head"": ""center line"", ""weight"": ""neutral / variant dependent"", ""guard"": ""attacking arm displaced; other hand protection conditional"", ""phase"": ""contact"", ""arm"": ""contact / restriction dependent"", ""rotation"": ""punch-specific rotation; magnitude variable"", ""balance"": ""stable only after placement; transient step risk"", ""free_hand"": ""both"", ""foot"": ""neutral"", ""bearing"": ""facing opponent""}, ""B"": {""head"": ""center line"", ""weight"": ""neutral / variant dependent"", ""guard"": ""elbow tucked; head glove conditional"", ""phase"": ""footwork"", ""arm"": ""home"", ""rotation"": ""none"", ""balance"": ""stable only after placement; transient step risk"", ""free_hand"": ""both"", ""foot"": ""neutral"", ""bearing"": ""reoriented toward opponent; conditional completion""}, ""belief"": {""A"": ""unknown"", ""B"": ""unknown""}, ""target"": ""short legal targets only; no holding-and-hitting"", ""phase_window"": ""한 출구가 실제 열리고 상대 팔에 잠기지 않음""}","{""distance"": ""pocket"", ""stance"": ""OO"", ""foot_position"": ""angle candidate"", ""angle"": ""off-line candidate; opponent may reorient"", ""ring_position"": ""center"", ""space"": {""A"": ""center"", ""B"": ""center"", ""retreat_available"": ""both""}, ""A"": {""head"": ""center line"", ""weight"": ""neutral / variant dependent"", ""guard"": ""attacking arm displaced; other hand protection conditional"", ""phase"": ""contact"", ""arm"": ""contact / restriction dependent"", ""rotation"": ""punch-specific rotation; magnitude variable"", ""balance"": ""stable only after placement; transient step risk"", ""free_hand"": ""both"", ""foot"": ""neutral"", ""bearing"": ""facing opponent""}, ""B"": {""head"": ""center line"", ""weight"": ""neutral / variant dependent"", ""guard"": ""elbow tucked; head glove conditional"", ""phase"": ""footwork"", ""arm"": ""home"", ""rotation"": ""none"", ""balance"": ""stable only after placement; transient step risk"", ""free_hand"": ""both"", ""foot"": ""neutral"", ""bearing"": ""reoriented toward opponent; conditional completion""}, ""belief"": {""A"": ""unknown"", ""B"": ""unknown""}, ""target"": ""short legal targets only; no holding-and-hitting"", ""phase_window"": ""자유로운 출구로 코너 탈출""}",콤비네이션 직선 추격에서 벗어남,상대 훅·링 커팅·뒤돌기 금지,"[""N18_S9""]",방어·짧은 타격 뒤 옆 이동과 재지향,자유로운 출구로 코너 탈출,"[""S06""]",biomechanical inference
N18_S9,A: Reset · 재정렬,RESET,POSITION,A,N18,"{""distance"": ""pocket"", ""stance"": ""OO"", ""foot_position"": ""angle candidate"", ""angle"": ""off-line candidate; opponent may reorient"", ""ring_position"": ""center"", ""space"": {""A"": ""center"", ""B"": ""center"", ""retreat_available"": ""both""}, ""A"": {""head"": ""center line"", ""weight"": ""neutral / variant dependent"", ""guard"": ""attacking arm displaced; other hand protection conditional"", ""phase"": ""contact"", ""arm"": ""contact / restriction dependent"", ""rotation"": ""punch-specific rotation; magnitude variable"", ""balance"": ""stable only after placement; transient step risk"", ""free_hand"": ""both"", ""foot"": ""neutral"", ""bearing"": ""facing opponent""}, ""B"": {""head"": ""center line"", ""weight"": ""neutral / variant dependent"", ""guard"": ""elbow tucked; head glove conditional"", ""phase"": ""footwork"", ""arm"": ""home"", ""rotation"": ""none"", ""balance"": ""stable only after placement; transient step risk"", ""free_hand"": ""both"", ""foot"": ""neutral"", ""bearing"": ""reoriented toward opponent; conditional completion""}, ""belief"": {""A"": ""unknown"", ""B"": ""unknown""}, ""target"": ""short legal targets only; no holding-and-hitting"", ""phase_window"": ""자유로운 출구로 코너 탈출""}","{""distance"": ""mid"", ""stance"": ""OO"", ""foot_position"": ""neutral"", ""angle"": ""centerline aligned"", ""ring_position"": ""center"", ""space"": {""A"": ""center"", ""B"": ""center"", ""retreat_available"": ""both""}, ""A"": {""head"": ""center line / guarded"", ""weight"": ""neutral / ready"", ""guard"": ""normal"", ""phase"": ""neutral"", ""arm"": ""home"", ""rotation"": ""none"", ""balance"": ""stable"", ""free_hand"": ""both"", ""foot"": ""neutral"", ""bearing"": ""facing opponent""}, ""B"": {""head"": ""center line / guarded"", ""weight"": ""neutral / ready"", ""guard"": ""normal"", ""phase"": ""neutral"", ""arm"": ""home"", ""rotation"": ""none"", ""balance"": ""stable"", ""free_hand"": ""both"", ""foot"": ""neutral"", ""bearing"": ""facing opponent""}, ""belief"": {""A"": ""unknown"", ""B"": ""unknown""}, ""target"": ""none"", ""phase_window"": ""가드·발·거리 재정렬""}",새 교환 준비,시간 비용; 상대가 계속 치면 완료 불가,"[""N18_S0""]",손·발·시선·상대 bearing을 다시 맞춤,가드·발·거리 재정렬,"[""S06""]",biomechanical inference
N18_S10,B: Lateral step · 옆 스텝,LAT,POSITION,B,N18,"{""distance"": ""mid"", ""stance"": ""OO"", ""foot_position"": ""neutral"", ""angle"": ""centerline aligned"", ""ring_position"": ""corner"", ""space"": {""A"": ""in front of B, inside ring"", ""B"": ""corner"", ""retreat_available"": ""limited B""}, ""A"": {""head"": ""center line"", ""weight"": ""neutral / variant dependent"", ""guard"": ""normal"", ""phase"": ""footwork"", ""arm"": ""home"", ""rotation"": ""none"", ""balance"": ""stable only after placement; transient step risk"", ""free_hand"": ""both"", ""foot"": ""neutral"", ""bearing"": ""facing opponent""}, ""B"": {""head"": ""center line"", ""weight"": ""neutral / variant dependent"", ""guard"": ""normal"", ""phase"": ""neutral"", ""arm"": ""home"", ""rotation"": ""none"", ""balance"": ""stable"", ""free_hand"": ""both"", ""foot"": ""neutral"", ""bearing"": ""facing opponent""}, ""belief"": {""A"": ""unknown"", ""B"": ""unknown""}, ""target"": ""none"", ""phase_window"": ""코너의 B 출구 두 방향을 관찰""}","{""distance"": ""mid"", ""stance"": ""OO"", ""foot_position"": ""angle candidate"", ""angle"": ""off-line candidate; opponent may reorient"", ""ring_position"": ""corner"", ""space"": {""A"": ""in front of B, inside ring"", ""B"": ""corner"", ""retreat_available"": ""limited B""}, ""A"": {""head"": ""center line"", ""weight"": ""neutral / variant dependent"", ""guard"": ""normal"", ""phase"": ""footwork"", ""arm"": ""home"", ""rotation"": ""none"", ""balance"": ""stable only after placement; transient step risk"", ""free_hand"": ""both"", ""foot"": ""neutral"", ""bearing"": ""facing opponent""}, ""B"": {""head"": ""center line"", ""weight"": ""neutral / variant dependent"", ""guard"": ""normal"", ""phase"": ""footwork"", ""arm"": ""home"", ""rotation"": ""none"", ""balance"": ""stable only after placement; transient step risk"", ""free_hand"": ""both"", ""foot"": ""neutral"", ""bearing"": ""reoriented toward opponent; conditional completion""}, ""belief"": {""A"": ""unknown"", ""B"": ""unknown""}, ""target"": ""none"", ""phase_window"": ""첫 출구 시도; A와 접촉 없는 발 공간""}",직선 추격·퇴로를 옆으로 재설정,원형 훅·링 커팅·발 교차,"[""N18_S11""]",측면으로 발 간격을 유지해 이동,첫 출구 시도; A와 접촉 없는 발 공간,"[""S06""]",biomechanical inference
N18_S11,A: Lead hook · 앞손 훅,LH,OFFENSE,A,N18,"{""distance"": ""mid"", ""stance"": ""OO"", ""foot_position"": ""angle candidate"", ""angle"": ""off-line candidate; opponent may reorient"", ""ring_position"": ""corner"", ""space"": {""A"": ""in front of B, inside ring"", ""B"": ""corner"", ""retreat_available"": ""limited B""}, ""A"": {""head"": ""center line"", ""weight"": ""neutral / variant dependent"", ""guard"": ""normal"", ""phase"": ""footwork"", ""arm"": ""home"", ""rotation"": ""none"", ""balance"": ""stable only after placement; transient step risk"", ""free_hand"": ""both"", ""foot"": ""neutral"", ""bearing"": ""facing opponent""}, ""B"": {""head"": ""center line"", ""weight"": ""neutral / variant dependent"", ""guard"": ""normal"", ""phase"": ""footwork"", ""arm"": ""home"", ""rotation"": ""none"", ""balance"": ""stable only after placement; transient step risk"", ""free_hand"": ""both"", ""foot"": ""neutral"", ""bearing"": ""reoriented toward opponent; conditional completion""}, ""belief"": {""A"": ""unknown"", ""B"": ""unknown""}, ""target"": ""none"", ""phase_window"": ""첫 출구 시도; A와 접촉 없는 발 공간""}","{""distance"": ""mid"", ""stance"": ""OO"", ""foot_position"": ""angle candidate"", ""angle"": ""off-line candidate; opponent may reorient"", ""ring_position"": ""corner"", ""space"": {""A"": ""in front of B, inside ring"", ""B"": ""corner"", ""retreat_available"": ""limited B""}, ""A"": {""head"": ""center line"", ""weight"": ""neutral / variant dependent"", ""guard"": ""attacking arm displaced; other hand protection conditional"", ""phase"": ""extension"", ""arm"": ""lead/variant extended"", ""rotation"": ""punch-specific rotation; magnitude variable"", ""balance"": ""stable only after placement; transient step risk"", ""free_hand"": ""both"", ""foot"": ""neutral"", ""bearing"": ""facing opponent""}, ""B"": {""head"": ""center line"", ""weight"": ""neutral / variant dependent"", ""guard"": ""normal"", ""phase"": ""footwork"", ""arm"": ""home"", ""rotation"": ""none"", ""balance"": ""stable only after placement; transient step risk"", ""free_hand"": ""both"", ""foot"": ""neutral"", ""bearing"": ""reoriented toward opponent; conditional completion""}, ""belief"": {""A"": ""unknown"", ""B"": ""unknown""}, ""target"": ""head / combination variable"", ""phase_window"": ""B 출구 예상 훅; 도달·정확한 예상 필요""}",직선 밖 이동한 표적·측면 가드 공략,넓게 돌면 직선 인터셉트와 반대 훅에 노출,"[""N18_S12""]",앞손 곡선으로 옆 표적을 향하고 짧게 회수,B 출구 예상 훅; 도달·정확한 예상 필요,"[""S03""]",biomechanical inference
N18_S12,B: Weave / roll · 위빙·롤,ROLL,DEFENSE,B,N18,"{""distance"": ""mid"", ""stance"": ""OO"", ""foot_position"": ""angle candidate"", ""angle"": ""off-line candidate; opponent may reorient"", ""ring_position"": ""corner"", ""space"": {""A"": ""in front of B, inside ring"", ""B"": ""corner"", ""retreat_available"": ""limited B""}, ""A"": {""head"": ""center line"", ""weight"": ""neutral / variant dependent"", ""guard"": ""attacking arm displaced; other hand protection conditional"", ""phase"": ""extension"", ""arm"": ""lead/variant extended"", ""rotation"": ""punch-specific rotation; magnitude variable"", ""balance"": ""stable only after placement; transient step risk"", ""free_hand"": ""both"", ""foot"": ""neutral"", ""bearing"": ""facing opponent""}, ""B"": {""head"": ""center line"", ""weight"": ""neutral / variant dependent"", ""guard"": ""normal"", ""phase"": ""footwork"", ""arm"": ""home"", ""rotation"": ""none"", ""balance"": ""stable only after placement; transient step risk"", ""free_hand"": ""both"", ""foot"": ""neutral"", ""bearing"": ""reoriented toward opponent; conditional completion""}, ""belief"": {""A"": ""unknown"", ""B"": ""unknown""}, ""target"": ""head / combination variable"", ""phase_window"": ""B 출구 예상 훅; 도달·정확한 예상 필요""}","{""distance"": ""mid"", ""stance"": ""OO"", ""foot_position"": ""angle candidate"", ""angle"": ""off-line candidate; opponent may reorient"", ""ring_position"": ""corner"", ""space"": {""A"": ""in front of B, inside ring"", ""B"": ""corner"", ""retreat_available"": ""limited B""}, ""A"": {""head"": ""center line"", ""weight"": ""neutral / variant dependent"", ""guard"": ""attacking arm displaced; other hand protection conditional"", ""phase"": ""recovery"", ""arm"": ""lead/variant extended"", ""rotation"": ""punch-specific rotation; magnitude variable"", ""balance"": ""stable only after placement; transient step risk"", ""free_hand"": ""both"", ""foot"": ""neutral"", ""bearing"": ""facing opponent""}, ""B"": {""head"": ""low → lateral path"", ""weight"": ""exit leg dependent"", ""guard"": ""normal"", ""phase"": ""evasion"", ""arm"": ""home"", ""rotation"": ""roll exit-dependent"", ""balance"": ""stable only after placement; transient step risk"", ""free_hand"": ""both"", ""foot"": ""neutral"", ""bearing"": ""reoriented toward opponent; conditional completion""}, ""belief"": {""A"": ""unknown"", ""B"": ""unknown""}, ""target"": ""head / combination variable"", ""phase_window"": ""높은 훅 밑에서 옆으로""}",높은 훅 아래를 지나 측면으로 나옴,반복 경로·허리 굽힘·다음 낮은 공격,"[""N18_S13""]",무릎·몸통으로 U형 또는 곡선 머리 이동,높은 훅 밑에서 옆으로,"[""S01"", ""S08"", ""S09""]",biomechanical inference
N18_S13,B: Counter hook · 카운터 훅,CH,COUNTER,B,N18,"{""distance"": ""mid"", ""stance"": ""OO"", ""foot_position"": ""angle candidate"", ""angle"": ""off-line candidate; opponent may reorient"", ""ring_position"": ""corner"", ""space"": {""A"": ""in front of B, inside ring"", ""B"": ""corner"", ""retreat_available"": ""limited B""}, ""A"": {""head"": ""center line"", ""weight"": ""neutral / variant dependent"", ""guard"": ""attacking arm displaced; other hand protection conditional"", ""phase"": ""recovery"", ""arm"": ""lead/variant extended"", ""rotation"": ""punch-specific rotation; magnitude variable"", ""balance"": ""stable only after placement; transient step risk"", ""free_hand"": ""both"", ""foot"": ""neutral"", ""bearing"": ""facing opponent""}, ""B"": {""head"": ""low → lateral path"", ""weight"": ""exit leg dependent"", ""guard"": ""normal"", ""phase"": ""evasion"", ""arm"": ""home"", ""rotation"": ""roll exit-dependent"", ""balance"": ""stable only after placement; transient step risk"", ""free_hand"": ""both"", ""foot"": ""neutral"", ""bearing"": ""reoriented toward opponent; conditional completion""}, ""belief"": {""A"": ""unknown"", ""B"": ""unknown""}, ""target"": ""head / combination variable"", ""phase_window"": ""높은 훅 밑에서 옆으로""}","{""distance"": ""mid"", ""stance"": ""OO"", ""foot_position"": ""angle candidate"", ""angle"": ""off-line candidate; opponent may reorient"", ""ring_position"": ""corner"", ""space"": {""A"": ""in front of B, inside ring"", ""B"": ""corner"", ""retreat_available"": ""limited B""}, ""A"": {""head"": ""center line"", ""weight"": ""neutral / variant dependent"", ""guard"": ""attacking arm displaced; other hand protection conditional"", ""phase"": ""recovery"", ""arm"": ""lead/variant extended"", ""rotation"": ""punch-specific rotation; magnitude variable"", ""balance"": ""stable only after placement; transient step risk"", ""free_hand"": ""both"", ""foot"": ""neutral"", ""bearing"": ""facing opponent""}, ""B"": {""head"": ""low → lateral path"", ""weight"": ""exit leg dependent"", ""guard"": ""attacking arm displaced; other hand protection conditional"", ""phase"": ""extension"", ""arm"": ""lead/variant extended"", ""rotation"": ""punch-specific rotation; magnitude variable"", ""balance"": ""stable only after placement; transient step risk"", ""free_hand"": ""both"", ""foot"": ""neutral"", ""bearing"": ""reoriented toward opponent; conditional completion""}, ""belief"": {""A"": ""unknown"", ""B"": ""unknown""}, ""target"": ""head / combination variable"", ""phase_window"": ""A 훅 회수 사이 반대 짧은 훅""}",직선 복귀·측면 노출 활용,"짧은 사거리, 반대 손 카운터","[""N18_S14""]",방어로 생긴 측면 표적을 짧게 공격,A 훅 회수 사이 반대 짧은 훅,"[""S03"", ""S16""]",biomechanical inference
N18_S14,A: Block · 블록,BLOCK,DEFENSE,A,N18,"{""distance"": ""mid"", ""stance"": ""OO"", ""foot_position"": ""angle candidate"", ""angle"": ""off-line candidate; opponent may reorient"", ""ring_position"": ""corner"", ""space"": {""A"": ""in front of B, inside ring"", ""B"": ""corner"", ""retreat_available"": ""limited B""}, ""A"": {""head"": ""center line"", ""weight"": ""neutral / variant dependent"", ""guard"": ""attacking arm displaced; other hand protection conditional"", ""phase"": ""recovery"", ""arm"": ""lead/variant extended"", ""rotation"": ""punch-specific rotation; magnitude variable"", ""balance"": ""stable only after placement; transient step risk"", ""free_hand"": ""both"", ""foot"": ""neutral"", ""bearing"": ""facing opponent""}, ""B"": {""head"": ""low → lateral path"", ""weight"": ""exit leg dependent"", ""guard"": ""attacking arm displaced; other hand protection conditional"", ""phase"": ""extension"", ""arm"": ""lead/variant extended"", ""rotation"": ""punch-specific rotation; magnitude variable"", ""balance"": ""stable only after placement; transient step risk"", ""free_hand"": ""both"", ""foot"": ""neutral"", ""bearing"": ""reoriented toward opponent; conditional completion""}, ""belief"": {""A"": ""unknown"", ""B"": ""unknown""}, ""target"": ""head / combination variable"", ""phase_window"": ""A 훅 회수 사이 반대 짧은 훅""}","{""distance"": ""mid"", ""stance"": ""OO"", ""foot_position"": ""angle candidate"", ""angle"": ""off-line candidate; opponent may reorient"", ""ring_position"": ""corner"", ""space"": {""A"": ""in front of B, inside ring"", ""B"": ""corner"", ""retreat_available"": ""limited B""}, ""A"": {""head"": ""center line"", ""weight"": ""neutral / variant dependent"", ""guard"": ""target-specific block"", ""phase"": ""impact/cover"", ""arm"": ""home"", ""rotation"": ""punch-specific rotation; magnitude variable"", ""balance"": ""stable only after placement; transient step risk"", ""free_hand"": ""both"", ""foot"": ""neutral"", ""bearing"": ""facing opponent""}, ""B"": {""head"": ""low → lateral path"", ""weight"": ""exit leg dependent"", ""guard"": ""attacking arm displaced; other hand protection conditional"", ""phase"": ""recovery"", ""arm"": ""lead/variant extended"", ""rotation"": ""punch-specific rotation; magnitude variable"", ""balance"": ""stable only after placement; transient step risk"", ""free_hand"": ""both"", ""foot"": ""neutral"", ""bearing"": ""reoriented toward opponent; conditional completion""}, ""belief"": {""A"": ""unknown"", ""B"": ""unknown""}, ""target"": ""head / combination variable"", ""phase_window"": ""측면 가드 회수""}",머리·보디 맞교환을 제한,충격·다른 표적 열림·고정 방어 읽힘,"[""N18_S15""]",팔·글러브로 예상 공격 통로를 닫음,측면 가드 회수,"[""S01"", ""S02""]",biomechanical inference
N18_S15,B: Exit angle · 각도 탈출,EXIT,POSITION,B,N18,"{""distance"": ""mid"", ""stance"": ""OO"", ""foot_position"": ""angle candidate"", ""angle"": ""off-line candidate; opponent may reorient"", ""ring_position"": ""corner"", ""space"": {""A"": ""in front of B, inside ring"", ""B"": ""corner"", ""retreat_available"": ""limited B""}, ""A"": {""head"": ""center line"", ""weight"": ""neutral / variant dependent"", ""guard"": ""target-specific block"", ""phase"": ""impact/cover"", ""arm"": ""home"", ""rotation"": ""punch-specific rotation; magnitude variable"", ""balance"": ""stable only after placement; transient step risk"", ""free_hand"": ""both"", ""foot"": ""neutral"", ""bearing"": ""facing opponent""}, ""B"": {""head"": ""low → lateral path"", ""weight"": ""exit leg dependent"", ""guard"": ""attacking arm displaced; other hand protection conditional"", ""phase"": ""recovery"", ""arm"": ""lead/variant extended"", ""rotation"": ""punch-specific rotation; magnitude variable"", ""balance"": ""stable only after placement; transient step risk"", ""free_hand"": ""both"", ""foot"": ""neutral"", ""bearing"": ""reoriented toward opponent; conditional completion""}, ""belief"": {""A"": ""unknown"", ""B"": ""unknown""}, ""target"": ""head / combination variable"", ""phase_window"": ""측면 가드 회수""}","{""distance"": ""mid"", ""stance"": ""OO"", ""foot_position"": ""angle candidate"", ""angle"": ""off-line candidate; opponent may reorient"", ""ring_position"": ""center"", ""space"": {""A"": ""center"", ""B"": ""center"", ""retreat_available"": ""both""}, ""A"": {""head"": ""center line"", ""weight"": ""neutral / variant dependent"", ""guard"": ""target-specific block"", ""phase"": ""impact/cover"", ""arm"": ""home"", ""rotation"": ""punch-specific rotation; magnitude variable"", ""balance"": ""stable only after placement; transient step risk"", ""free_hand"": ""both"", ""foot"": ""neutral"", ""bearing"": ""facing opponent""}, ""B"": {""head"": ""low → lateral path"", ""weight"": ""exit leg dependent"", ""guard"": ""attacking arm displaced; other hand protection conditional"", ""phase"": ""footwork"", ""arm"": ""home"", ""rotation"": ""punch-specific rotation; magnitude variable"", ""balance"": ""stable only after placement; transient step risk"", ""free_hand"": ""both"", ""foot"": ""neutral"", ""bearing"": ""reoriented toward opponent; conditional completion""}, ""belief"": {""A"": ""unknown"", ""B"": ""unknown""}, ""target"": ""head / combination variable"", ""phase_window"": ""남은 출구로 탈출""}",콤비네이션 직선 추격에서 벗어남,상대 훅·링 커팅·뒤돌기 금지,"[""N18_S16""]",방어·짧은 타격 뒤 옆 이동과 재지향,남은 출구로 탈출,"[""S06""]",biomechanical inference
N18_S16,A: Reset · 재정렬,RESET,POSITION,A,N18,"{""distance"": ""mid"", ""stance"": ""OO"", ""foot_position"": ""angle candidate"", ""angle"": ""off-line candidate; opponent may reorient"", ""ring_position"": ""center"", ""space"": {""A"": ""center"", ""B"": ""center"", ""retreat_available"": ""both""}, ""A"": {""head"": ""center line"", ""weight"": ""neutral / variant dependent"", ""guard"": ""target-specific block"", ""phase"": ""impact/cover"", ""arm"": ""home"", ""rotation"": ""punch-specific rotation; magnitude variable"", ""balance"": ""stable only after placement; transient step risk"", ""free_hand"": ""both"", ""foot"": ""neutral"", ""bearing"": ""facing opponent""}, ""B"": {""head"": ""low → lateral path"", ""weight"": ""exit leg dependent"", ""guard"": ""attacking arm displaced; other hand protection conditional"", ""phase"": ""footwork"", ""arm"": ""home"", ""rotation"": ""punch-specific rotation; magnitude variable"", ""balance"": ""stable only after placement; transient step risk"", ""free_hand"": ""both"", ""foot"": ""neutral"", ""bearing"": ""reoriented toward opponent; conditional completion""}, ""belief"": {""A"": ""unknown"", ""B"": ""unknown""}, ""target"": ""head / combination variable"", ""phase_window"": ""남은 출구로 탈출""}","{""distance"": ""mid"", ""stance"": ""OO"", ""foot_position"": ""neutral"", ""angle"": ""centerline aligned"", ""ring_position"": ""center"", ""space"": {""A"": ""center"", ""B"": ""center"", ""retreat_available"": ""both""}, ""A"": {""head"": ""center line / guarded"", ""weight"": ""neutral / ready"", ""guard"": ""normal"", ""phase"": ""neutral"", ""arm"": ""home"", ""rotation"": ""none"", ""balance"": ""stable"", ""free_hand"": ""both"", ""foot"": ""neutral"", ""bearing"": ""facing opponent""}, ""B"": {""head"": ""center line / guarded"", ""weight"": ""neutral / ready"", ""guard"": ""normal"", ""phase"": ""neutral"", ""arm"": ""home"", ""rotation"": ""none"", ""balance"": ""stable"", ""free_hand"": ""both"", ""foot"": ""neutral"", ""bearing"": ""facing opponent""}, ""belief"": {""A"": ""unknown"", ""B"": ""unknown""}, ""target"": ""none"", ""phase_window"": ""서로 재지향""}",새 교환 준비,시간 비용; 상대가 계속 치면 완료 불가,"[""N18_S0""]",손·발·시선·상대 bearing을 다시 맞춤,서로 재지향,"[""S06""]",biomechanical inference
N19_S0,시작 상태,,STATE,,N19,"{""distance"": ""long"", ""stance"": ""OO"", ""foot_position"": ""neutral"", ""angle"": ""centerline aligned"", ""ring_position"": ""center"", ""space"": {""A"": ""center"", ""B"": ""center"", ""retreat_available"": ""both""}, ""A"": {""head"": ""center line"", ""weight"": ""neutral / variant dependent"", ""guard"": ""normal"", ""phase"": ""neutral"", ""arm"": ""home"", ""rotation"": ""none"", ""balance"": ""stable"", ""free_hand"": ""both"", ""foot"": ""neutral"", ""bearing"": ""facing opponent""}, ""B"": {""head"": ""center line"", ""weight"": ""neutral / variant dependent"", ""guard"": ""normal"", ""phase"": ""neutral"", ""arm"": ""home"", ""rotation"": ""none"", ""balance"": ""stable"", ""free_hand"": ""both"", ""foot"": ""neutral"", ""bearing"": ""facing opponent""}, ""belief"": {""A"": ""unknown"", ""B"": ""unknown""}, ""target"": ""none"", ""phase_window"": ""neutral""}","{""distance"": ""long"", ""stance"": ""OO"", ""foot_position"": ""neutral"", ""angle"": ""centerline aligned"", ""ring_position"": ""center"", ""space"": {""A"": ""center"", ""B"": ""center"", ""retreat_available"": ""both""}, ""A"": {""head"": ""center line"", ""weight"": ""neutral / variant dependent"", ""guard"": ""normal"", ""phase"": ""neutral"", ""arm"": ""home"", ""rotation"": ""none"", ""balance"": ""stable"", ""free_hand"": ""both"", ""foot"": ""neutral"", ""bearing"": ""facing opponent""}, ""B"": {""head"": ""center line"", ""weight"": ""neutral / variant dependent"", ""guard"": ""normal"", ""phase"": ""neutral"", ""arm"": ""home"", ""rotation"": ""none"", ""balance"": ""stable"", ""free_hand"": ""both"", ""foot"": ""neutral"", ""bearing"": ""facing opponent""}, ""belief"": {""A"": ""unknown"", ""B"": ""unknown""}, ""target"": ""none"", ""phase_window"": ""neutral""}",교환의 전제 확인,중립도 선제 위협에 노출,"[""N19_S1"", ""N01_S0"", ""N04_S0"", ""N05_S0"", ""N07_S0"", ""N16_S0"", ""N22_S0"", ""N25_S0""]",,,,
N19_S1,A: Jab feint · 잽 페인트,JF,MANIPULATION,A,N19,"{""distance"": ""long"", ""stance"": ""OO"", ""foot_position"": ""neutral"", ""angle"": ""centerline aligned"", ""ring_position"": ""center"", ""space"": {""A"": ""center"", ""B"": ""center"", ""retreat_available"": ""both""}, ""A"": {""head"": ""center line"", ""weight"": ""neutral / variant dependent"", ""guard"": ""normal"", ""phase"": ""neutral"", ""arm"": ""home"", ""rotation"": ""none"", ""balance"": ""stable"", ""free_hand"": ""both"", ""foot"": ""neutral"", ""bearing"": ""facing opponent""}, ""B"": {""head"": ""center line"", ""weight"": ""neutral / variant dependent"", ""guard"": ""normal"", ""phase"": ""neutral"", ""arm"": ""home"", ""rotation"": ""none"", ""balance"": ""stable"", ""free_hand"": ""both"", ""foot"": ""neutral"", ""bearing"": ""facing opponent""}, ""belief"": {""A"": ""unknown"", ""B"": ""unknown""}, ""target"": ""none"", ""phase_window"": ""neutral""}","{""distance"": ""long"", ""stance"": ""OO"", ""foot_position"": ""neutral"", ""angle"": ""centerline aligned"", ""ring_position"": ""center"", ""space"": {""A"": ""center"", ""B"": ""center"", ""retreat_available"": ""both""}, ""A"": {""head"": ""center line"", ""weight"": ""neutral / variant dependent"", ""guard"": ""normal"", ""phase"": ""startup cue / observing"", ""arm"": ""home"", ""rotation"": ""none"", ""balance"": ""stable"", ""free_hand"": ""both"", ""foot"": ""neutral"", ""bearing"": ""facing opponent""}, ""B"": {""head"": ""center line"", ""weight"": ""neutral / variant dependent"", ""guard"": ""normal"", ""phase"": ""neutral"", ""arm"": ""home"", ""rotation"": ""none"", ""balance"": ""stable"", ""free_hand"": ""both"", ""foot"": ""neutral"", ""bearing"": ""facing opponent""}, ""belief"": {""A"": ""unknown"", ""B"": ""cue observed; response not deterministic""}, ""target"": ""none"", ""phase_window"": ""B가 잽 준비마다 카운터 크로스를 내는 습관""}",패리·슬립·반격의 선택을 탐색,반응 없음·실제 카운터·타이밍 비용,"[""N19_S2"", ""N19_S10""]",잽 startup 단서를 주고 완전 신전은 보류,B가 잽 준비마다 카운터 크로스를 내는 습관,"[""S05"", ""S14""]",biomechanical inference
N19_S2,B: Counter cross · 카운터 크로스,CC,COUNTER,B,N19,"{""distance"": ""long"", ""stance"": ""OO"", ""foot_position"": ""neutral"", ""angle"": ""centerline aligned"", ""ring_position"": ""center"", ""space"": {""A"": ""center"", ""B"": ""center"", ""retreat_available"": ""both""}, ""A"": {""head"": ""center line"", ""weight"": ""neutral / variant dependent"", ""guard"": ""normal"", ""phase"": ""startup cue / observing"", ""arm"": ""home"", ""rotation"": ""none"", ""balance"": ""stable"", ""free_hand"": ""both"", ""foot"": ""neutral"", ""bearing"": ""facing opponent""}, ""B"": {""head"": ""center line"", ""weight"": ""neutral / variant dependent"", ""guard"": ""normal"", ""phase"": ""neutral"", ""arm"": ""home"", ""rotation"": ""none"", ""balance"": ""stable"", ""free_hand"": ""both"", ""foot"": ""neutral"", ""bearing"": ""facing opponent""}, ""belief"": {""A"": ""unknown"", ""B"": ""cue observed; response not deterministic""}, ""target"": ""none"", ""phase_window"": ""B가 잽 준비마다 카운터 크로스를 내는 습관""}","{""distance"": ""long"", ""stance"": ""OO"", ""foot_position"": ""neutral"", ""angle"": ""centerline aligned"", ""ring_position"": ""center"", ""space"": {""A"": ""center"", ""B"": ""center"", ""retreat_available"": ""both""}, ""A"": {""head"": ""center line"", ""weight"": ""neutral / variant dependent"", ""guard"": ""normal"", ""phase"": ""startup cue / observing"", ""arm"": ""home"", ""rotation"": ""none"", ""balance"": ""stable"", ""free_hand"": ""both"", ""foot"": ""neutral"", ""bearing"": ""facing opponent""}, ""B"": {""head"": ""center line"", ""weight"": ""neutral / variant dependent"", ""guard"": ""attacking arm displaced; other hand protection conditional"", ""phase"": ""extension"", ""arm"": ""rear extended"", ""rotation"": ""punch-specific rotation; magnitude variable"", ""balance"": ""stable"", ""free_hand"": ""both"", ""foot"": ""neutral"", ""bearing"": ""facing opponent""}, ""belief"": {""A"": ""unknown"", ""B"": ""cue observed; response not deterministic""}, ""target"": ""head / combination variable"", ""phase_window"": ""B가 실제 잽으로 오인하고 뒷손 반격""}",열린 중앙·늦은 복귀 활용,과도한 진입·다음 훅 위험,"[""N19_S3""]",상대 공격·복귀 창에 뒷손 직선,B가 실제 잽으로 오인하고 뒷손 반격,"[""S03"", ""S07""]",biomechanical inference
N19_S3,A: Outside slip · 바깥 슬립,SOUT,DEFENSE,A,N19,"{""distance"": ""long"", ""stance"": ""OO"", ""foot_position"": ""neutral"", ""angle"": ""centerline aligned"", ""ring_position"": ""center"", ""space"": {""A"": ""center"", ""B"": ""center"", ""retreat_available"": ""both""}, ""A"": {""head"": ""center line"", ""weight"": ""neutral / variant dependent"", ""guard"": ""normal"", ""phase"": ""startup cue / observing"", ""arm"": ""home"", ""rotation"": ""none"", ""balance"": ""stable"", ""free_hand"": ""both"", ""foot"": ""neutral"", ""bearing"": ""facing opponent""}, ""B"": {""head"": ""center line"", ""weight"": ""neutral / variant dependent"", ""guard"": ""attacking arm displaced; other hand protection conditional"", ""phase"": ""extension"", ""arm"": ""rear extended"", ""rotation"": ""punch-specific rotation; magnitude variable"", ""balance"": ""stable"", ""free_hand"": ""both"", ""foot"": ""neutral"", ""bearing"": ""facing opponent""}, ""belief"": {""A"": ""unknown"", ""B"": ""cue observed; response not deterministic""}, ""target"": ""head / combination variable"", ""phase_window"": ""B가 실제 잽으로 오인하고 뒷손 반격""}","{""distance"": ""long"", ""stance"": ""OO"", ""foot_position"": ""neutral"", ""angle"": ""head off punching line; body angle not automatic"", ""ring_position"": ""center"", ""space"": {""A"": ""center"", ""B"": ""center"", ""retreat_available"": ""both""}, ""A"": {""head"": ""outside incoming punch"", ""weight"": ""variant dependent: support/load must be checked"", ""guard"": ""normal"", ""phase"": ""evasion"", ""arm"": ""home"", ""rotation"": ""none"", ""balance"": ""stable"", ""free_hand"": ""both"", ""foot"": ""neutral"", ""bearing"": ""facing opponent""}, ""B"": {""head"": ""center line"", ""weight"": ""neutral / variant dependent"", ""guard"": ""attacking arm displaced; other hand protection conditional"", ""phase"": ""recovery"", ""arm"": ""rear extended"", ""rotation"": ""punch-specific rotation; magnitude variable"", ""balance"": ""stable"", ""free_hand"": ""both"", ""foot"": ""neutral"", ""bearing"": ""facing opponent""}, ""belief"": {""A"": ""unknown"", ""B"": ""cue observed; response not deterministic""}, ""target"": ""head / combination variable"", ""phase_window"": ""유도한 B 크로스 바깥으로 최소 이동""}",해당 직선 공격선을 벗어남,다음 펀치 재조준·훅·균형 손실,"[""N19_S4""]",들어오는 특정 펀치의 팔 바깥으로 머리 이동,유도한 B 크로스 바깥으로 최소 이동,"[""S02"", ""S07""]",biomechanical inference
N19_S4,A: Counter cross · 카운터 크로스,CC,COUNTER,A,N19,"{""distance"": ""long"", ""stance"": ""OO"", ""foot_position"": ""neutral"", ""angle"": ""head off punching line; body angle not automatic"", ""ring_position"": ""center"", ""space"": {""A"": ""center"", ""B"": ""center"", ""retreat_available"": ""both""}, ""A"": {""head"": ""outside incoming punch"", ""weight"": ""variant dependent: support/load must be checked"", ""guard"": ""normal"", ""phase"": ""evasion"", ""arm"": ""home"", ""rotation"": ""none"", ""balance"": ""stable"", ""free_hand"": ""both"", ""foot"": ""neutral"", ""bearing"": ""facing opponent""}, ""B"": {""head"": ""center line"", ""weight"": ""neutral / variant dependent"", ""guard"": ""attacking arm displaced; other hand protection conditional"", ""phase"": ""recovery"", ""arm"": ""rear extended"", ""rotation"": ""punch-specific rotation; magnitude variable"", ""balance"": ""stable"", ""free_hand"": ""both"", ""foot"": ""neutral"", ""bearing"": ""facing opponent""}, ""belief"": {""A"": ""unknown"", ""B"": ""cue observed; response not deterministic""}, ""target"": ""head / combination variable"", ""phase_window"": ""유도한 B 크로스 바깥으로 최소 이동""}","{""distance"": ""long"", ""stance"": ""OO"", ""foot_position"": ""neutral"", ""angle"": ""head off punching line; body angle not automatic"", ""ring_position"": ""center"", ""space"": {""A"": ""center"", ""B"": ""center"", ""retreat_available"": ""both""}, ""A"": {""head"": ""outside incoming punch"", ""weight"": ""variant dependent: support/load must be checked"", ""guard"": ""attacking arm displaced; other hand protection conditional"", ""phase"": ""extension"", ""arm"": ""rear extended"", ""rotation"": ""punch-specific rotation; magnitude variable"", ""balance"": ""stable"", ""free_hand"": ""both"", ""foot"": ""neutral"", ""bearing"": ""facing opponent""}, ""B"": {""head"": ""center line"", ""weight"": ""neutral / variant dependent"", ""guard"": ""attacking arm displaced; other hand protection conditional"", ""phase"": ""recovery"", ""arm"": ""rear extended"", ""rotation"": ""punch-specific rotation; magnitude variable"", ""balance"": ""stable"", ""free_hand"": ""both"", ""foot"": ""neutral"", ""bearing"": ""facing opponent""}, ""belief"": {""A"": ""unknown"", ""B"": ""cue observed; response not deterministic""}, ""target"": ""head / combination variable"", ""phase_window"": ""B 뒷손 복귀 전 A의 뒷손 사거리""}",열린 중앙·늦은 복귀 활용,과도한 진입·다음 훅 위험,"[""N19_S5""]",상대 공격·복귀 창에 뒷손 직선,B 뒷손 복귀 전 A의 뒷손 사거리,"[""S03"", ""S07""]",biomechanical inference
N19_S5,B: Outside slip · 바깥 슬립,SOUT,DEFENSE,B,N19,"{""distance"": ""long"", ""stance"": ""OO"", ""foot_position"": ""neutral"", ""angle"": ""head off punching line; body angle not automatic"", ""ring_position"": ""center"", ""space"": {""A"": ""center"", ""B"": ""center"", ""retreat_available"": ""both""}, ""A"": {""head"": ""outside incoming punch"", ""weight"": ""variant dependent: support/load must be checked"", ""guard"": ""attacking arm displaced; other hand protection conditional"", ""phase"": ""extension"", ""arm"": ""rear extended"", ""rotation"": ""punch-specific rotation; magnitude variable"", ""balance"": ""stable"", ""free_hand"": ""both"", ""foot"": ""neutral"", ""bearing"": ""facing opponent""}, ""B"": {""head"": ""center line"", ""weight"": ""neutral / variant dependent"", ""guard"": ""attacking arm displaced; other hand protection conditional"", ""phase"": ""recovery"", ""arm"": ""rear extended"", ""rotation"": ""punch-specific rotation; magnitude variable"", ""balance"": ""stable"", ""free_hand"": ""both"", ""foot"": ""neutral"", ""bearing"": ""facing opponent""}, ""belief"": {""A"": ""unknown"", ""B"": ""cue observed; response not deterministic""}, ""target"": ""head / combination variable"", ""phase_window"": ""B 뒷손 복귀 전 A의 뒷손 사거리""}","{""distance"": ""long"", ""stance"": ""OO"", ""foot_position"": ""neutral"", ""angle"": ""head off punching line; body angle not automatic"", ""ring_position"": ""center"", ""space"": {""A"": ""center"", ""B"": ""center"", ""retreat_available"": ""both""}, ""A"": {""head"": ""outside incoming punch"", ""weight"": ""variant dependent: support/load must be checked"", ""guard"": ""attacking arm displaced; other hand protection conditional"", ""phase"": ""recovery"", ""arm"": ""rear extended"", ""rotation"": ""punch-specific rotation; magnitude variable"", ""balance"": ""stable"", ""free_hand"": ""both"", ""foot"": ""neutral"", ""bearing"": ""facing opponent""}, ""B"": {""head"": ""outside incoming punch"", ""weight"": ""variant dependent: support/load must be checked"", ""guard"": ""attacking arm displaced; other hand protection conditional"", ""phase"": ""evasion"", ""arm"": ""home"", ""rotation"": ""punch-specific rotation; magnitude variable"", ""balance"": ""stable"", ""free_hand"": ""both"", ""foot"": ""neutral"", ""bearing"": ""facing opponent""}, ""belief"": {""A"": ""unknown"", ""B"": ""cue observed; response not deterministic""}, ""target"": ""head / combination variable"", ""phase_window"": ""A 재카운터 라인 바깥으로""}",해당 직선 공격선을 벗어남,다음 펀치 재조준·훅·균형 손실,"[""N19_S6""]",들어오는 특정 펀치의 팔 바깥으로 머리 이동,A 재카운터 라인 바깥으로,"[""S02"", ""S07""]",biomechanical inference
N19_S6,B: Counter hook · 카운터 훅,CH,COUNTER,B,N19,"{""distance"": ""long"", ""stance"": ""OO"", ""foot_position"": ""neutral"", ""angle"": ""head off punching line; body angle not automatic"", ""ring_position"": ""center"", ""space"": {""A"": ""center"", ""B"": ""center"", ""retreat_available"": ""both""}, ""A"": {""head"": ""outside incoming punch"", ""weight"": ""variant dependent: support/load must be checked"", ""guard"": ""attacking arm displaced; other hand protection conditional"", ""phase"": ""recovery"", ""arm"": ""rear extended"", ""rotation"": ""punch-specific rotation; magnitude variable"", ""balance"": ""stable"", ""free_hand"": ""both"", ""foot"": ""neutral"", ""bearing"": ""facing opponent""}, ""B"": {""head"": ""outside incoming punch"", ""weight"": ""variant dependent: support/load must be checked"", ""guard"": ""attacking arm displaced; other hand protection conditional"", ""phase"": ""evasion"", ""arm"": ""home"", ""rotation"": ""punch-specific rotation; magnitude variable"", ""balance"": ""stable"", ""free_hand"": ""both"", ""foot"": ""neutral"", ""bearing"": ""facing opponent""}, ""belief"": {""A"": ""unknown"", ""B"": ""cue observed; response not deterministic""}, ""target"": ""head / combination variable"", ""phase_window"": ""A 재카운터 라인 바깥으로""}","{""distance"": ""mid"", ""stance"": ""OO"", ""foot_position"": ""neutral"", ""angle"": ""head off punching line; body angle not automatic"", ""ring_position"": ""center"", ""space"": {""A"": ""center"", ""B"": ""center"", ""retreat_available"": ""both""}, ""A"": {""head"": ""outside incoming punch"", ""weight"": ""variant dependent: support/load must be checked"", ""guard"": ""attacking arm displaced; other hand protection conditional"", ""phase"": ""recovery"", ""arm"": ""rear extended"", ""rotation"": ""punch-specific rotation; magnitude variable"", ""balance"": ""stable"", ""free_hand"": ""both"", ""foot"": ""neutral"", ""bearing"": ""facing opponent""}, ""B"": {""head"": ""outside incoming punch"", ""weight"": ""variant dependent: support/load must be checked"", ""guard"": ""attacking arm displaced; other hand protection conditional"", ""phase"": ""extension"", ""arm"": ""lead/variant extended"", ""rotation"": ""punch-specific rotation; magnitude variable"", ""balance"": ""stable"", ""free_hand"": ""both"", ""foot"": ""neutral"", ""bearing"": ""facing opponent""}, ""belief"": {""A"": ""unknown"", ""B"": ""cue observed; response not deterministic""}, ""target"": ""head / combination variable"", ""phase_window"": ""짧은 스텝으로 훅 사거리와 지지면""}",직선 복귀·측면 노출 활용,"짧은 사거리, 반대 손 카운터","[""N19_S7""]",방어로 생긴 측면 표적을 짧게 공격,짧은 스텝으로 훅 사거리와 지지면,"[""S03"", ""S16""]",biomechanical inference
N19_S7,A: Weave / roll · 위빙·롤,ROLL,DEFENSE,A,N19,"{""distance"": ""mid"", ""stance"": ""OO"", ""foot_position"": ""neutral"", ""angle"": ""head off punching line; body angle not automatic"", ""ring_position"": ""center"", ""space"": {""A"": ""center"", ""B"": ""center"", ""retreat_available"": ""both""}, ""A"": {""head"": ""outside incoming punch"", ""weight"": ""variant dependent: support/load must be checked"", ""guard"": ""attacking arm displaced; other hand protection conditional"", ""phase"": ""recovery"", ""arm"": ""rear extended"", ""rotation"": ""punch-specific rotation; magnitude variable"", ""balance"": ""stable"", ""free_hand"": ""both"", ""foot"": ""neutral"", ""bearing"": ""facing opponent""}, ""B"": {""head"": ""outside incoming punch"", ""weight"": ""variant dependent: support/load must be checked"", ""guard"": ""attacking arm displaced; other hand protection conditional"", ""phase"": ""extension"", ""arm"": ""lead/variant extended"", ""rotation"": ""punch-specific rotation; magnitude variable"", ""balance"": ""stable"", ""free_hand"": ""both"", ""foot"": ""neutral"", ""bearing"": ""facing opponent""}, ""belief"": {""A"": ""unknown"", ""B"": ""cue observed; response not deterministic""}, ""target"": ""head / combination variable"", ""phase_window"": ""짧은 스텝으로 훅 사거리와 지지면""}","{""distance"": ""mid"", ""stance"": ""OO"", ""foot_position"": ""neutral"", ""angle"": ""head off punching line; body angle not automatic"", ""ring_position"": ""center"", ""space"": {""A"": ""center"", ""B"": ""center"", ""retreat_available"": ""both""}, ""A"": {""head"": ""low → lateral path"", ""weight"": ""exit leg dependent"", ""guard"": ""attacking arm displaced; other hand protection conditional"", ""phase"": ""evasion"", ""arm"": ""home"", ""rotation"": ""roll exit-dependent"", ""balance"": ""stable"", ""free_hand"": ""both"", ""foot"": ""neutral"", ""bearing"": ""facing opponent""}, ""B"": {""head"": ""outside incoming punch"", ""weight"": ""variant dependent: support/load must be checked"", ""guard"": ""attacking arm displaced; other hand protection conditional"", ""phase"": ""recovery"", ""arm"": ""lead/variant extended"", ""rotation"": ""punch-specific rotation; magnitude variable"", ""balance"": ""stable"", ""free_hand"": ""both"", ""foot"": ""neutral"", ""bearing"": ""facing opponent""}, ""belief"": {""A"": ""unknown"", ""B"": ""cue observed; response not deterministic""}, ""target"": ""head / combination variable"", ""phase_window"": ""B 훅 아래 머리 이동""}",높은 훅 아래를 지나 측면으로 나옴,반복 경로·허리 굽힘·다음 낮은 공격,"[""N19_S8""]",무릎·몸통으로 U형 또는 곡선 머리 이동,B 훅 아래 머리 이동,"[""S01"", ""S08"", ""S09""]",biomechanical inference
N19_S8,A: Exit angle · 각도 탈출,EXIT,POSITION,A,N19,"{""distance"": ""mid"", ""stance"": ""OO"", ""foot_position"": ""neutral"", ""angle"": ""head off punching line; body angle not automatic"", ""ring_position"": ""center"", ""space"": {""A"": ""center"", ""B"": ""center"", ""retreat_available"": ""both""}, ""A"": {""head"": ""low → lateral path"", ""weight"": ""exit leg dependent"", ""guard"": ""attacking arm displaced; other hand protection conditional"", ""phase"": ""evasion"", ""arm"": ""home"", ""rotation"": ""roll exit-dependent"", ""balance"": ""stable"", ""free_hand"": ""both"", ""foot"": ""neutral"", ""bearing"": ""facing opponent""}, ""B"": {""head"": ""outside incoming punch"", ""weight"": ""variant dependent: support/load must be checked"", ""guard"": ""attacking arm displaced; other hand protection conditional"", ""phase"": ""recovery"", ""arm"": ""lead/variant extended"", ""rotation"": ""punch-specific rotation; magnitude variable"", ""balance"": ""stable"", ""free_hand"": ""both"", ""foot"": ""neutral"", ""bearing"": ""facing opponent""}, ""belief"": {""A"": ""unknown"", ""B"": ""cue observed; response not deterministic""}, ""target"": ""head / combination variable"", ""phase_window"": ""B 훅 아래 머리 이동""}","{""distance"": ""mid"", ""stance"": ""OO"", ""foot_position"": ""angle candidate"", ""angle"": ""off-line candidate; opponent may reorient"", ""ring_position"": ""center"", ""space"": {""A"": ""center"", ""B"": ""center"", ""retreat_available"": ""both""}, ""A"": {""head"": ""low → lateral path"", ""weight"": ""exit leg dependent"", ""guard"": ""attacking arm displaced; other hand protection conditional"", ""phase"": ""footwork"", ""arm"": ""home"", ""rotation"": ""roll exit-dependent"", ""balance"": ""stable only after placement; transient step risk"", ""free_hand"": ""both"", ""foot"": ""neutral"", ""bearing"": ""reoriented toward opponent; conditional completion""}, ""B"": {""head"": ""outside incoming punch"", ""weight"": ""variant dependent: support/load must be checked"", ""guard"": ""attacking arm displaced; other hand protection conditional"", ""phase"": ""recovery"", ""arm"": ""lead/variant extended"", ""rotation"": ""punch-specific rotation; magnitude variable"", ""balance"": ""stable"", ""free_hand"": ""both"", ""foot"": ""neutral"", ""bearing"": ""facing opponent""}, ""belief"": {""A"": ""unknown"", ""B"": ""cue observed; response not deterministic""}, ""target"": ""head / combination variable"", ""phase_window"": ""가드와 발을 옆 출구로""}",콤비네이션 직선 추격에서 벗어남,상대 훅·링 커팅·뒤돌기 금지,"[""N19_S9""]",방어·짧은 타격 뒤 옆 이동과 재지향,가드와 발을 옆 출구로,"[""S06""]",biomechanical inference
N19_S9,B: Reset · 재정렬,RESET,POSITION,B,N19,"{""distance"": ""mid"", ""stance"": ""OO"", ""foot_position"": ""angle candidate"", ""angle"": ""off-line candidate; opponent may reorient"", ""ring_position"": ""center"", ""space"": {""A"": ""center"", ""B"": ""center"", ""retreat_available"": ""both""}, ""A"": {""head"": ""low → lateral path"", ""weight"": ""exit leg dependent"", ""guard"": ""attacking arm displaced; other hand protection conditional"", ""phase"": ""footwork"", ""arm"": ""home"", ""rotation"": ""roll exit-dependent"", ""balance"": ""stable only after placement; transient step risk"", ""free_hand"": ""both"", ""foot"": ""neutral"", ""bearing"": ""reoriented toward opponent; conditional completion""}, ""B"": {""head"": ""outside incoming punch"", ""weight"": ""variant dependent: support/load must be checked"", ""guard"": ""attacking arm displaced; other hand protection conditional"", ""phase"": ""recovery"", ""arm"": ""lead/variant extended"", ""rotation"": ""punch-specific rotation; magnitude variable"", ""balance"": ""stable"", ""free_hand"": ""both"", ""foot"": ""neutral"", ""bearing"": ""facing opponent""}, ""belief"": {""A"": ""unknown"", ""B"": ""cue observed; response not deterministic""}, ""target"": ""head / combination variable"", ""phase_window"": ""가드와 발을 옆 출구로""}","{""distance"": ""mid"", ""stance"": ""OO"", ""foot_position"": ""neutral"", ""angle"": ""centerline aligned"", ""ring_position"": ""center"", ""space"": {""A"": ""center"", ""B"": ""center"", ""retreat_available"": ""both""}, ""A"": {""head"": ""center line / guarded"", ""weight"": ""neutral / ready"", ""guard"": ""normal"", ""phase"": ""neutral"", ""arm"": ""home"", ""rotation"": ""none"", ""balance"": ""stable"", ""free_hand"": ""both"", ""foot"": ""neutral"", ""bearing"": ""facing opponent""}, ""B"": {""head"": ""center line / guarded"", ""weight"": ""neutral / ready"", ""guard"": ""normal"", ""phase"": ""neutral"", ""arm"": ""home"", ""rotation"": ""none"", ""balance"": ""stable"", ""free_hand"": ""both"", ""foot"": ""neutral"", ""bearing"": ""facing opponent""}, ""belief"": {""A"": ""unknown"", ""B"": ""cue observed; response not deterministic""}, ""target"": ""none"", ""phase_window"": ""과추격 대신 재정렬""}",새 교환 준비,시간 비용; 상대가 계속 치면 완료 불가,"[""N19_S0""]",손·발·시선·상대 bearing을 다시 맞춤,과추격 대신 재정렬,"[""S06""]",biomechanical inference
N19_S10,B: Read / withhold · 읽고 보류,READ,MANIPULATION,B,N19,"{""distance"": ""long"", ""stance"": ""OO"", ""foot_position"": ""neutral"", ""angle"": ""centerline aligned"", ""ring_position"": ""center"", ""space"": {""A"": ""center"", ""B"": ""center"", ""retreat_available"": ""both""}, ""A"": {""head"": ""center line"", ""weight"": ""neutral / variant dependent"", ""guard"": ""normal"", ""phase"": ""startup cue / observing"", ""arm"": ""home"", ""rotation"": ""none"", ""balance"": ""stable"", ""free_hand"": ""both"", ""foot"": ""neutral"", ""bearing"": ""facing opponent""}, ""B"": {""head"": ""center line"", ""weight"": ""neutral / variant dependent"", ""guard"": ""normal"", ""phase"": ""neutral"", ""arm"": ""home"", ""rotation"": ""none"", ""balance"": ""stable"", ""free_hand"": ""both"", ""foot"": ""neutral"", ""bearing"": ""facing opponent""}, ""belief"": {""A"": ""unknown"", ""B"": ""cue observed; response not deterministic""}, ""target"": ""none"", ""phase_window"": ""B가 잽 준비마다 카운터 크로스를 내는 습관""}","{""distance"": ""long"", ""stance"": ""OO"", ""foot_position"": ""neutral"", ""angle"": ""centerline aligned"", ""ring_position"": ""center"", ""space"": {""A"": ""center"", ""B"": ""center"", ""retreat_available"": ""both""}, ""A"": {""head"": ""center line"", ""weight"": ""neutral / variant dependent"", ""guard"": ""normal"", ""phase"": ""startup cue / observing"", ""arm"": ""home"", ""rotation"": ""none"", ""balance"": ""stable"", ""free_hand"": ""both"", ""foot"": ""neutral"", ""bearing"": ""facing opponent""}, ""B"": {""head"": ""center line / small adjustment"", ""weight"": ""neutral / variant dependent"", ""guard"": ""normal / maintained"", ""phase"": ""observing / preparation"", ""arm"": ""home"", ""rotation"": ""none"", ""balance"": ""stable"", ""free_hand"": ""both"", ""foot"": ""neutral"", ""bearing"": ""facing opponent""}, ""belief"": {""A"": ""cue observed; response not deterministic"", ""B"": ""cue observed; response not deterministic""}, ""target"": ""none"", ""phase_window"": ""B가 페인트를 의심해 뒷손 보류""}",불필요한 가드 이동 억제,실제 잽·보디 공격을 늦게 읽을 위험,"[""N19_S11""]",페인트 단서만으로 손·머리를 크게 옮기지 않음,B가 페인트를 의심해 뒷손 보류,"[""S04"", ""S05""]",biomechanical inference
N19_S11,A: Lead jab · 잽,JAB,OFFENSE,A,N19,"{""distance"": ""long"", ""stance"": ""OO"", ""foot_position"": ""neutral"", ""angle"": ""centerline aligned"", ""ring_position"": ""center"", ""space"": {""A"": ""center"", ""B"": ""center"", ""retreat_available"": ""both""}, ""A"": {""head"": ""center line"", ""weight"": ""neutral / variant dependent"", ""guard"": ""normal"", ""phase"": ""startup cue / observing"", ""arm"": ""home"", ""rotation"": ""none"", ""balance"": ""stable"", ""free_hand"": ""both"", ""foot"": ""neutral"", ""bearing"": ""facing opponent""}, ""B"": {""head"": ""center line / small adjustment"", ""weight"": ""neutral / variant dependent"", ""guard"": ""normal / maintained"", ""phase"": ""observing / preparation"", ""arm"": ""home"", ""rotation"": ""none"", ""balance"": ""stable"", ""free_hand"": ""both"", ""foot"": ""neutral"", ""bearing"": ""facing opponent""}, ""belief"": {""A"": ""cue observed; response not deterministic"", ""B"": ""cue observed; response not deterministic""}, ""target"": ""none"", ""phase_window"": ""B가 페인트를 의심해 뒷손 보류""}","{""distance"": ""long"", ""stance"": ""OO"", ""foot_position"": ""neutral"", ""angle"": ""centerline aligned"", ""ring_position"": ""center"", ""space"": {""A"": ""center"", ""B"": ""center"", ""retreat_available"": ""both""}, ""A"": {""head"": ""center line"", ""weight"": ""neutral / variant dependent"", ""guard"": ""attacking arm displaced; other hand protection conditional"", ""phase"": ""extension"", ""arm"": ""lead/variant extended"", ""rotation"": ""none"", ""balance"": ""stable"", ""free_hand"": ""both"", ""foot"": ""neutral"", ""bearing"": ""facing opponent""}, ""B"": {""head"": ""center line / small adjustment"", ""weight"": ""neutral / variant dependent"", ""guard"": ""normal / maintained"", ""phase"": ""observing / preparation"", ""arm"": ""home"", ""rotation"": ""none"", ""balance"": ""stable"", ""free_hand"": ""both"", ""foot"": ""neutral"", ""bearing"": ""facing opponent""}, ""belief"": {""A"": ""cue observed; response not deterministic"", ""B"": ""cue observed; response not deterministic""}, ""target"": ""head / combination variable"", ""phase_window"": ""보류를 읽고 실제 앞손""}",사거리·반응을 확인하고 시야를 가림,앞손 복귀 동안 같은 쪽 가드가 비며 단조로운 타이밍을 읽힐 수 있음,"[""N19_S12""]",앞손을 짧게 직선으로 보내고 복귀,보류를 읽고 실제 앞손,"[""S01"", ""S02""]",biomechanical inference
N19_S12,B: Catch · 캐치,CATCH,DEFENSE,B,N19,"{""distance"": ""long"", ""stance"": ""OO"", ""foot_position"": ""neutral"", ""angle"": ""centerline aligned"", ""ring_position"": ""center"", ""space"": {""A"": ""center"", ""B"": ""center"", ""retreat_available"": ""both""}, ""A"": {""head"": ""center line"", ""weight"": ""neutral / variant dependent"", ""guard"": ""attacking arm displaced; other hand protection conditional"", ""phase"": ""extension"", ""arm"": ""lead/variant extended"", ""rotation"": ""none"", ""balance"": ""stable"", ""free_hand"": ""both"", ""foot"": ""neutral"", ""bearing"": ""facing opponent""}, ""B"": {""head"": ""center line / small adjustment"", ""weight"": ""neutral / variant dependent"", ""guard"": ""normal / maintained"", ""phase"": ""observing / preparation"", ""arm"": ""home"", ""rotation"": ""none"", ""balance"": ""stable"", ""free_hand"": ""both"", ""foot"": ""neutral"", ""bearing"": ""facing opponent""}, ""belief"": {""A"": ""cue observed; response not deterministic"", ""B"": ""cue observed; response not deterministic""}, ""target"": ""head / combination variable"", ""phase_window"": ""보류를 읽고 실제 앞손""}","{""distance"": ""long"", ""stance"": ""OO"", ""foot_position"": ""neutral"", ""angle"": ""centerline aligned"", ""ring_position"": ""center"", ""space"": {""A"": ""center"", ""B"": ""center"", ""retreat_available"": ""both""}, ""A"": {""head"": ""center line"", ""weight"": ""neutral / variant dependent"", ""guard"": ""attacking arm displaced; other hand protection conditional"", ""phase"": ""recovery"", ""arm"": ""lead/variant extended"", ""rotation"": ""none"", ""balance"": ""stable"", ""free_hand"": ""both"", ""foot"": ""neutral"", ""bearing"": ""facing opponent""}, ""B"": {""head"": ""center line / small adjustment"", ""weight"": ""neutral / variant dependent"", ""guard"": ""small catch; rest covered if recovered"", ""phase"": ""impact/cover"", ""arm"": ""home"", ""rotation"": ""none"", ""balance"": ""stable"", ""free_hand"": ""both"", ""foot"": ""neutral"", ""bearing"": ""facing opponent""}, ""belief"": {""A"": ""cue observed; response not deterministic"", ""B"": ""cue observed; response not deterministic""}, ""target"": ""head / combination variable"", ""phase_window"": ""A 실제 신전에만 작은 방어""}",사거리 유지·반대 손 준비,큰 도달·글러브가 얼굴로 밀림·페인트 반응,"[""N19_S13""]",작은 글러브 면으로 직선을 받음,A 실제 신전에만 작은 방어,"[""S02"", ""S11""]",biomechanical inference
N19_S13,B: Counter jab · 카운터 잽,CJ,COUNTER,B,N19,"{""distance"": ""long"", ""stance"": ""OO"", ""foot_position"": ""neutral"", ""angle"": ""centerline aligned"", ""ring_position"": ""center"", ""space"": {""A"": ""center"", ""B"": ""center"", ""retreat_available"": ""both""}, ""A"": {""head"": ""center line"", ""weight"": ""neutral / variant dependent"", ""guard"": ""attacking arm displaced; other hand protection conditional"", ""phase"": ""recovery"", ""arm"": ""lead/variant extended"", ""rotation"": ""none"", ""balance"": ""stable"", ""free_hand"": ""both"", ""foot"": ""neutral"", ""bearing"": ""facing opponent""}, ""B"": {""head"": ""center line / small adjustment"", ""weight"": ""neutral / variant dependent"", ""guard"": ""small catch; rest covered if recovered"", ""phase"": ""impact/cover"", ""arm"": ""home"", ""rotation"": ""none"", ""balance"": ""stable"", ""free_hand"": ""both"", ""foot"": ""neutral"", ""bearing"": ""facing opponent""}, ""belief"": {""A"": ""cue observed; response not deterministic"", ""B"": ""cue observed; response not deterministic""}, ""target"": ""head / combination variable"", ""phase_window"": ""A 실제 신전에만 작은 방어""}","{""distance"": ""long"", ""stance"": ""OO"", ""foot_position"": ""neutral"", ""angle"": ""centerline aligned"", ""ring_position"": ""center"", ""space"": {""A"": ""center"", ""B"": ""center"", ""retreat_available"": ""both""}, ""A"": {""head"": ""center line"", ""weight"": ""neutral / variant dependent"", ""guard"": ""attacking arm displaced; other hand protection conditional"", ""phase"": ""recovery"", ""arm"": ""lead/variant extended"", ""rotation"": ""none"", ""balance"": ""stable"", ""free_hand"": ""both"", ""foot"": ""neutral"", ""bearing"": ""facing opponent""}, ""B"": {""head"": ""center line / small adjustment"", ""weight"": ""neutral / variant dependent"", ""guard"": ""attacking arm displaced; other hand protection conditional"", ""phase"": ""extension"", ""arm"": ""lead/variant extended"", ""rotation"": ""none"", ""balance"": ""stable"", ""free_hand"": ""both"", ""foot"": ""neutral"", ""bearing"": ""facing opponent""}, ""belief"": {""A"": ""cue observed; response not deterministic"", ""B"": ""cue observed; response not deterministic""}, ""target"": ""head / combination variable"", ""phase_window"": ""A 회수 창의 실제 앞손 반격""}",작은 반격으로 주도권·거리 회복,상대의 두 번째 공격에 다시 읽힘,"[""N19_S14""]",방어 뒤 또는 상대 준비에 짧은 앞손 직선,A 회수 창의 실제 앞손 반격,"[""S11"", ""S16""]",biomechanical inference
N19_S14,A: Step-back · 후퇴 스텝,BACK,POSITION,A,N19,"{""distance"": ""long"", ""stance"": ""OO"", ""foot_position"": ""neutral"", ""angle"": ""centerline aligned"", ""ring_position"": ""center"", ""space"": {""A"": ""center"", ""B"": ""center"", ""retreat_available"": ""both""}, ""A"": {""head"": ""center line"", ""weight"": ""neutral / variant dependent"", ""guard"": ""attacking arm displaced; other hand protection conditional"", ""phase"": ""recovery"", ""arm"": ""lead/variant extended"", ""rotation"": ""none"", ""balance"": ""stable"", ""free_hand"": ""both"", ""foot"": ""neutral"", ""bearing"": ""facing opponent""}, ""B"": {""head"": ""center line / small adjustment"", ""weight"": ""neutral / variant dependent"", ""guard"": ""attacking arm displaced; other hand protection conditional"", ""phase"": ""extension"", ""arm"": ""lead/variant extended"", ""rotation"": ""none"", ""balance"": ""stable"", ""free_hand"": ""both"", ""foot"": ""neutral"", ""bearing"": ""facing opponent""}, ""belief"": {""A"": ""cue observed; response not deterministic"", ""B"": ""cue observed; response not deterministic""}, ""target"": ""head / combination variable"", ""phase_window"": ""A 회수 창의 실제 앞손 반격""}","{""distance"": ""outside"", ""stance"": ""OO"", ""foot_position"": ""neutral"", ""angle"": ""centerline aligned"", ""ring_position"": ""center"", ""space"": {""A"": ""center"", ""B"": ""center"", ""retreat_available"": ""both""}, ""A"": {""head"": ""center line"", ""weight"": ""neutral / variant dependent"", ""guard"": ""attacking arm displaced; other hand protection conditional"", ""phase"": ""footwork"", ""arm"": ""home"", ""rotation"": ""none"", ""balance"": ""stable only after placement; transient step risk"", ""free_hand"": ""both"", ""foot"": ""neutral"", ""bearing"": ""facing opponent""}, ""B"": {""head"": ""center line / small adjustment"", ""weight"": ""neutral / variant dependent"", ""guard"": ""attacking arm displaced; other hand protection conditional"", ""phase"": ""recovery"", ""arm"": ""lead/variant extended"", ""rotation"": ""none"", ""balance"": ""stable"", ""free_hand"": ""both"", ""foot"": ""neutral"", ""bearing"": ""facing opponent""}, ""belief"": {""A"": ""cue observed; response not deterministic"", ""B"": ""cue observed; response not deterministic""}, ""target"": ""head / combination variable"", ""phase_window"": ""뒤 공간 확보""}",상대 펀치 사거리 밖으로,추격·로프·전진 반격에 새 스텝 필요,"[""N19_S15""]",두 발의 간격을 보존하며 뒤로 이동,뒤 공간 확보,"[""S01"", ""S06""]",biomechanical inference
N19_S15,A: Probe · 탐색 잽,PROBE,MANIPULATION,A,N19,"{""distance"": ""outside"", ""stance"": ""OO"", ""foot_position"": ""neutral"", ""angle"": ""centerline aligned"", ""ring_position"": ""center"", ""space"": {""A"": ""center"", ""B"": ""center"", ""retreat_available"": ""both""}, ""A"": {""head"": ""center line"", ""weight"": ""neutral / variant dependent"", ""guard"": ""attacking arm displaced; other hand protection conditional"", ""phase"": ""footwork"", ""arm"": ""home"", ""rotation"": ""none"", ""balance"": ""stable only after placement; transient step risk"", ""free_hand"": ""both"", ""foot"": ""neutral"", ""bearing"": ""facing opponent""}, ""B"": {""head"": ""center line / small adjustment"", ""weight"": ""neutral / variant dependent"", ""guard"": ""attacking arm displaced; other hand protection conditional"", ""phase"": ""recovery"", ""arm"": ""lead/variant extended"", ""rotation"": ""none"", ""balance"": ""stable"", ""free_hand"": ""both"", ""foot"": ""neutral"", ""bearing"": ""facing opponent""}, ""belief"": {""A"": ""cue observed; response not deterministic"", ""B"": ""cue observed; response not deterministic""}, ""target"": ""head / combination variable"", ""phase_window"": ""뒤 공간 확보""}","{""distance"": ""outside"", ""stance"": ""OO"", ""foot_position"": ""neutral"", ""angle"": ""centerline aligned"", ""ring_position"": ""center"", ""space"": {""A"": ""center"", ""B"": ""center"", ""retreat_available"": ""both""}, ""A"": {""head"": ""center line"", ""weight"": ""neutral / variant dependent"", ""guard"": ""attacking arm displaced; other hand protection conditional"", ""phase"": ""observing / preparation"", ""arm"": ""home"", ""rotation"": ""none"", ""balance"": ""stable only after placement; transient step risk"", ""free_hand"": ""both"", ""foot"": ""neutral"", ""bearing"": ""facing opponent""}, ""B"": {""head"": ""center line / small adjustment"", ""weight"": ""neutral / variant dependent"", ""guard"": ""attacking arm displaced; other hand protection conditional"", ""phase"": ""recovery"", ""arm"": ""lead/variant extended"", ""rotation"": ""none"", ""balance"": ""stable"", ""free_hand"": ""both"", ""foot"": ""neutral"", ""bearing"": ""facing opponent""}, ""belief"": {""A"": ""cue observed; response not deterministic"", ""B"": ""cue observed; response not deterministic""}, ""target"": ""head / combination variable"", ""phase_window"": ""과도한 반응 유도 보류하고 거리 정보 다시 획득""}",사거리·반응 패턴에 정보 획득,습관 노출·강한 카운터; 반드시 안전하지 않음,"[""N19_S0""]",짧은 잽·거리 시도로 반응을 관찰,과도한 반응 유도 보류하고 거리 정보 다시 획득,"[""S06"", ""S22""]",biomechanical inference
N20_S0,시작 상태,,STATE,,N20,"{""distance"": ""long"", ""stance"": ""OO"", ""foot_position"": ""neutral"", ""angle"": ""centerline aligned"", ""ring_position"": ""center"", ""space"": {""A"": ""center"", ""B"": ""center"", ""retreat_available"": ""both""}, ""A"": {""head"": ""center line"", ""weight"": ""neutral / variant dependent"", ""guard"": ""normal"", ""phase"": ""neutral"", ""arm"": ""home"", ""rotation"": ""none"", ""balance"": ""stable"", ""free_hand"": ""both"", ""foot"": ""neutral"", ""bearing"": ""facing opponent""}, ""B"": {""head"": ""center line"", ""weight"": ""neutral / variant dependent"", ""guard"": ""normal"", ""phase"": ""neutral"", ""arm"": ""home"", ""rotation"": ""none"", ""balance"": ""stable"", ""free_hand"": ""both"", ""foot"": ""neutral"", ""bearing"": ""facing opponent""}, ""belief"": {""A"": ""unknown"", ""B"": ""unknown""}, ""target"": ""none"", ""phase_window"": ""neutral""}","{""distance"": ""long"", ""stance"": ""OO"", ""foot_position"": ""neutral"", ""angle"": ""centerline aligned"", ""ring_position"": ""center"", ""space"": {""A"": ""center"", ""B"": ""center"", ""retreat_available"": ""both""}, ""A"": {""head"": ""center line"", ""weight"": ""neutral / variant dependent"", ""guard"": ""normal"", ""phase"": ""neutral"", ""arm"": ""home"", ""rotation"": ""none"", ""balance"": ""stable"", ""free_hand"": ""both"", ""foot"": ""neutral"", ""bearing"": ""facing opponent""}, ""B"": {""head"": ""center line"", ""weight"": ""neutral / variant dependent"", ""guard"": ""normal"", ""phase"": ""neutral"", ""arm"": ""home"", ""rotation"": ""none"", ""balance"": ""stable"", ""free_hand"": ""both"", ""foot"": ""neutral"", ""bearing"": ""facing opponent""}, ""belief"": {""A"": ""unknown"", ""B"": ""unknown""}, ""target"": ""none"", ""phase_window"": ""neutral""}",교환의 전제 확인,중립도 선제 위협에 노출,"[""N20_S1"", ""N06_S0""]",,,,
N20_S1,A: Shoulder feint · 어깨 페인트,SF,MANIPULATION,A,N20,"{""distance"": ""long"", ""stance"": ""OO"", ""foot_position"": ""neutral"", ""angle"": ""centerline aligned"", ""ring_position"": ""center"", ""space"": {""A"": ""center"", ""B"": ""center"", ""retreat_available"": ""both""}, ""A"": {""head"": ""center line"", ""weight"": ""neutral / variant dependent"", ""guard"": ""normal"", ""phase"": ""neutral"", ""arm"": ""home"", ""rotation"": ""none"", ""balance"": ""stable"", ""free_hand"": ""both"", ""foot"": ""neutral"", ""bearing"": ""facing opponent""}, ""B"": {""head"": ""center line"", ""weight"": ""neutral / variant dependent"", ""guard"": ""normal"", ""phase"": ""neutral"", ""arm"": ""home"", ""rotation"": ""none"", ""balance"": ""stable"", ""free_hand"": ""both"", ""foot"": ""neutral"", ""bearing"": ""facing opponent""}, ""belief"": {""A"": ""unknown"", ""B"": ""unknown""}, ""target"": ""none"", ""phase_window"": ""neutral""}","{""distance"": ""long"", ""stance"": ""OO"", ""foot_position"": ""neutral"", ""angle"": ""centerline aligned"", ""ring_position"": ""center"", ""space"": {""A"": ""center"", ""B"": ""center"", ""retreat_available"": ""both""}, ""A"": {""head"": ""center line"", ""weight"": ""neutral / variant dependent"", ""guard"": ""normal"", ""phase"": ""startup cue / observing"", ""arm"": ""home"", ""rotation"": ""none"", ""balance"": ""stable"", ""free_hand"": ""both"", ""foot"": ""neutral"", ""bearing"": ""facing opponent""}, ""B"": {""head"": ""center line"", ""weight"": ""neutral / variant dependent"", ""guard"": ""normal"", ""phase"": ""neutral"", ""arm"": ""home"", ""rotation"": ""none"", ""balance"": ""stable"", ""free_hand"": ""both"", ""foot"": ""neutral"", ""bearing"": ""facing opponent""}, ""belief"": {""A"": ""unknown"", ""B"": ""cue observed; response not deterministic""}, ""target"": ""none"", ""phase_window"": ""직선 준비와 유사한 어깨 단서""}",슬립·블록 방향을 먼저 드러내게 함,과회전·정보 노출·반응 없음,"[""N20_S2"", ""N20_S9""]",어깨 회전으로 직선·훅 단서,직선 준비와 유사한 어깨 단서,"[""S05"", ""S14""]",biomechanical inference
N20_S2,B: Outside slip · 바깥 슬립,SOUT,DEFENSE,B,N20,"{""distance"": ""long"", ""stance"": ""OO"", ""foot_position"": ""neutral"", ""angle"": ""centerline aligned"", ""ring_position"": ""center"", ""space"": {""A"": ""center"", ""B"": ""center"", ""retreat_available"": ""both""}, ""A"": {""head"": ""center line"", ""weight"": ""neutral / variant dependent"", ""guard"": ""normal"", ""phase"": ""startup cue / observing"", ""arm"": ""home"", ""rotation"": ""none"", ""balance"": ""stable"", ""free_hand"": ""both"", ""foot"": ""neutral"", ""bearing"": ""facing opponent""}, ""B"": {""head"": ""center line"", ""weight"": ""neutral / variant dependent"", ""guard"": ""normal"", ""phase"": ""neutral"", ""arm"": ""home"", ""rotation"": ""none"", ""balance"": ""stable"", ""free_hand"": ""both"", ""foot"": ""neutral"", ""bearing"": ""facing opponent""}, ""belief"": {""A"": ""unknown"", ""B"": ""cue observed; response not deterministic""}, ""target"": ""none"", ""phase_window"": ""직선 준비와 유사한 어깨 단서""}","{""distance"": ""long"", ""stance"": ""OO"", ""foot_position"": ""neutral"", ""angle"": ""head off punching line; body angle not automatic"", ""ring_position"": ""center"", ""space"": {""A"": ""center"", ""B"": ""center"", ""retreat_available"": ""both""}, ""A"": {""head"": ""center line"", ""weight"": ""neutral / variant dependent"", ""guard"": ""normal"", ""phase"": ""startup cue / observing"", ""arm"": ""home"", ""rotation"": ""none"", ""balance"": ""stable"", ""free_hand"": ""both"", ""foot"": ""neutral"", ""bearing"": ""facing opponent""}, ""B"": {""head"": ""outside incoming punch"", ""weight"": ""variant dependent: support/load must be checked"", ""guard"": ""normal"", ""phase"": ""evasion"", ""arm"": ""home"", ""rotation"": ""none"", ""balance"": ""stable"", ""free_hand"": ""both"", ""foot"": ""neutral"", ""bearing"": ""facing opponent""}, ""belief"": {""A"": ""unknown"", ""B"": ""cue observed; response not deterministic""}, ""target"": ""none"", ""phase_window"": ""B가 직선으로 예상해 먼저 고정 방향 슬립""}",해당 직선 공격선을 벗어남,다음 펀치 재조준·훅·균형 손실,"[""N20_S3""]",들어오는 특정 펀치의 팔 바깥으로 머리 이동,B가 직선으로 예상해 먼저 고정 방향 슬립,"[""S02"", ""S07""]",biomechanical inference
N20_S3,A: Lead hook · 앞손 훅,LH,OFFENSE,A,N20,"{""distance"": ""long"", ""stance"": ""OO"", ""foot_position"": ""neutral"", ""angle"": ""head off punching line; body angle not automatic"", ""ring_position"": ""center"", ""space"": {""A"": ""center"", ""B"": ""center"", ""retreat_available"": ""both""}, ""A"": {""head"": ""center line"", ""weight"": ""neutral / variant dependent"", ""guard"": ""normal"", ""phase"": ""startup cue / observing"", ""arm"": ""home"", ""rotation"": ""none"", ""balance"": ""stable"", ""free_hand"": ""both"", ""foot"": ""neutral"", ""bearing"": ""facing opponent""}, ""B"": {""head"": ""outside incoming punch"", ""weight"": ""variant dependent: support/load must be checked"", ""guard"": ""normal"", ""phase"": ""evasion"", ""arm"": ""home"", ""rotation"": ""none"", ""balance"": ""stable"", ""free_hand"": ""both"", ""foot"": ""neutral"", ""bearing"": ""facing opponent""}, ""belief"": {""A"": ""unknown"", ""B"": ""cue observed; response not deterministic""}, ""target"": ""none"", ""phase_window"": ""B가 직선으로 예상해 먼저 고정 방향 슬립""}","{""distance"": ""mid"", ""stance"": ""OO"", ""foot_position"": ""neutral"", ""angle"": ""head off punching line; body angle not automatic"", ""ring_position"": ""center"", ""space"": {""A"": ""center"", ""B"": ""center"", ""retreat_available"": ""both""}, ""A"": {""head"": ""center line"", ""weight"": ""neutral / variant dependent"", ""guard"": ""attacking arm displaced; other hand protection conditional"", ""phase"": ""extension"", ""arm"": ""lead/variant extended"", ""rotation"": ""punch-specific rotation; magnitude variable"", ""balance"": ""stable"", ""free_hand"": ""both"", ""foot"": ""neutral"", ""bearing"": ""facing opponent""}, ""B"": {""head"": ""outside incoming punch"", ""weight"": ""variant dependent: support/load must be checked"", ""guard"": ""normal"", ""phase"": ""evasion"", ""arm"": ""home"", ""rotation"": ""none"", ""balance"": ""stable"", ""free_hand"": ""both"", ""foot"": ""neutral"", ""bearing"": ""facing opponent""}, ""belief"": {""A"": ""unknown"", ""B"": ""cue observed; response not deterministic""}, ""target"": ""head / combination variable"", ""phase_window"": ""B 새 머리 좌표가 A 훅 도달 궤도 안에 있을 때만""}",직선 밖 이동한 표적·측면 가드 공략,넓게 돌면 직선 인터셉트와 반대 훅에 노출,"[""N20_S4""]",앞손 곡선으로 옆 표적을 향하고 짧게 회수,B 새 머리 좌표가 A 훅 도달 궤도 안에 있을 때만,"[""S03""]",biomechanical inference
N20_S4,B: Slip + pivot · 슬립+피벗,SPIVOT,DEFENSE,B,N20,"{""distance"": ""mid"", ""stance"": ""OO"", ""foot_position"": ""neutral"", ""angle"": ""head off punching line; body angle not automatic"", ""ring_position"": ""center"", ""space"": {""A"": ""center"", ""B"": ""center"", ""retreat_available"": ""both""}, ""A"": {""head"": ""center line"", ""weight"": ""neutral / variant dependent"", ""guard"": ""attacking arm displaced; other hand protection conditional"", ""phase"": ""extension"", ""arm"": ""lead/variant extended"", ""rotation"": ""punch-specific rotation; magnitude variable"", ""balance"": ""stable"", ""free_hand"": ""both"", ""foot"": ""neutral"", ""bearing"": ""facing opponent""}, ""B"": {""head"": ""outside incoming punch"", ""weight"": ""variant dependent: support/load must be checked"", ""guard"": ""normal"", ""phase"": ""evasion"", ""arm"": ""home"", ""rotation"": ""none"", ""balance"": ""stable"", ""free_hand"": ""both"", ""foot"": ""neutral"", ""bearing"": ""facing opponent""}, ""belief"": {""A"": ""unknown"", ""B"": ""cue observed; response not deterministic""}, ""target"": ""head / combination variable"", ""phase_window"": ""B 새 머리 좌표가 A 훅 도달 궤도 안에 있을 때만""}","{""distance"": ""mid"", ""stance"": ""OO"", ""foot_position"": ""angle candidate"", ""angle"": ""off-line candidate; opponent may reorient"", ""ring_position"": ""center"", ""space"": {""A"": ""center"", ""B"": ""center"", ""retreat_available"": ""both""}, ""A"": {""head"": ""center line"", ""weight"": ""neutral / variant dependent"", ""guard"": ""attacking arm displaced; other hand protection conditional"", ""phase"": ""recovery"", ""arm"": ""lead/variant extended"", ""rotation"": ""punch-specific rotation; magnitude variable"", ""balance"": ""stable"", ""free_hand"": ""both"", ""foot"": ""neutral"", ""bearing"": ""facing opponent""}, ""B"": {""head"": ""outside incoming punch"", ""weight"": ""variant dependent: support/load must be checked"", ""guard"": ""normal"", ""phase"": ""footwork + action"", ""arm"": ""home"", ""rotation"": ""none"", ""balance"": ""stable only after placement; transient step risk"", ""free_hand"": ""both"", ""foot"": ""neutral"", ""bearing"": ""reoriented toward opponent; conditional completion""}, ""belief"": {""A"": ""unknown"", ""B"": ""cue observed; response not deterministic""}, ""target"": ""head / combination variable"", ""phase_window"": ""제자리 슬립 반복 대신 머리·발각도 변경""}",복귀 공격선 밖에 남는 선택,축발·출구가 막히면 회전 미완,"[""N20_S5""]",머리 회피와 재지향 회전 결합,제자리 슬립 반복 대신 머리·발각도 변경,"[""S06"", ""S07""]",biomechanical inference
N20_S5,B: Counter cross · 카운터 크로스,CC,COUNTER,B,N20,"{""distance"": ""mid"", ""stance"": ""OO"", ""foot_position"": ""angle candidate"", ""angle"": ""off-line candidate; opponent may reorient"", ""ring_position"": ""center"", ""space"": {""A"": ""center"", ""B"": ""center"", ""retreat_available"": ""both""}, ""A"": {""head"": ""center line"", ""weight"": ""neutral / variant dependent"", ""guard"": ""attacking arm displaced; other hand protection conditional"", ""phase"": ""recovery"", ""arm"": ""lead/variant extended"", ""rotation"": ""punch-specific rotation; magnitude variable"", ""balance"": ""stable"", ""free_hand"": ""both"", ""foot"": ""neutral"", ""bearing"": ""facing opponent""}, ""B"": {""head"": ""outside incoming punch"", ""weight"": ""variant dependent: support/load must be checked"", ""guard"": ""normal"", ""phase"": ""footwork + action"", ""arm"": ""home"", ""rotation"": ""none"", ""balance"": ""stable only after placement; transient step risk"", ""free_hand"": ""both"", ""foot"": ""neutral"", ""bearing"": ""reoriented toward opponent; conditional completion""}, ""belief"": {""A"": ""unknown"", ""B"": ""cue observed; response not deterministic""}, ""target"": ""head / combination variable"", ""phase_window"": ""제자리 슬립 반복 대신 머리·발각도 변경""}","{""distance"": ""mid"", ""stance"": ""OO"", ""foot_position"": ""angle candidate"", ""angle"": ""off-line candidate; opponent may reorient"", ""ring_position"": ""center"", ""space"": {""A"": ""center"", ""B"": ""center"", ""retreat_available"": ""both""}, ""A"": {""head"": ""center line"", ""weight"": ""neutral / variant dependent"", ""guard"": ""attacking arm displaced; other hand protection conditional"", ""phase"": ""recovery"", ""arm"": ""lead/variant extended"", ""rotation"": ""punch-specific rotation; magnitude variable"", ""balance"": ""stable"", ""free_hand"": ""both"", ""foot"": ""neutral"", ""bearing"": ""facing opponent""}, ""B"": {""head"": ""outside incoming punch"", ""weight"": ""variant dependent: support/load must be checked"", ""guard"": ""attacking arm displaced; other hand protection conditional"", ""phase"": ""extension"", ""arm"": ""rear extended"", ""rotation"": ""punch-specific rotation; magnitude variable"", ""balance"": ""stable only after placement; transient step risk"", ""free_hand"": ""both"", ""foot"": ""neutral"", ""bearing"": ""reoriented toward opponent; conditional completion""}, ""belief"": {""A"": ""unknown"", ""B"": ""cue observed; response not deterministic""}, ""target"": ""head / combination variable"", ""phase_window"": ""A 훅 회수 중 새 뒷손 통로""}",열린 중앙·늦은 복귀 활용,과도한 진입·다음 훅 위험,"[""N20_S6""]",상대 공격·복귀 창에 뒷손 직선,A 훅 회수 중 새 뒷손 통로,"[""S03"", ""S07""]",biomechanical inference
N20_S6,A: Catch · 캐치,CATCH,DEFENSE,A,N20,"{""distance"": ""mid"", ""stance"": ""OO"", ""foot_position"": ""angle candidate"", ""angle"": ""off-line candidate; opponent may reorient"", ""ring_position"": ""center"", ""space"": {""A"": ""center"", ""B"": ""center"", ""retreat_available"": ""both""}, ""A"": {""head"": ""center line"", ""weight"": ""neutral / variant dependent"", ""guard"": ""attacking arm displaced; other hand protection conditional"", ""phase"": ""recovery"", ""arm"": ""lead/variant extended"", ""rotation"": ""punch-specific rotation; magnitude variable"", ""balance"": ""stable"", ""free_hand"": ""both"", ""foot"": ""neutral"", ""bearing"": ""facing opponent""}, ""B"": {""head"": ""outside incoming punch"", ""weight"": ""variant dependent: support/load must be checked"", ""guard"": ""attacking arm displaced; other hand protection conditional"", ""phase"": ""extension"", ""arm"": ""rear extended"", ""rotation"": ""punch-specific rotation; magnitude variable"", ""balance"": ""stable only after placement; transient step risk"", ""free_hand"": ""both"", ""foot"": ""neutral"", ""bearing"": ""reoriented toward opponent; conditional completion""}, ""belief"": {""A"": ""unknown"", ""B"": ""cue observed; response not deterministic""}, ""target"": ""head / combination variable"", ""phase_window"": ""A 훅 회수 중 새 뒷손 통로""}","{""distance"": ""mid"", ""stance"": ""OO"", ""foot_position"": ""angle candidate"", ""angle"": ""off-line candidate; opponent may reorient"", ""ring_position"": ""center"", ""space"": {""A"": ""center"", ""B"": ""center"", ""retreat_available"": ""both""}, ""A"": {""head"": ""center line"", ""weight"": ""neutral / variant dependent"", ""guard"": ""small catch; rest covered if recovered"", ""phase"": ""impact/cover"", ""arm"": ""home"", ""rotation"": ""punch-specific rotation; magnitude variable"", ""balance"": ""stable"", ""free_hand"": ""both"", ""foot"": ""neutral"", ""bearing"": ""facing opponent""}, ""B"": {""head"": ""outside incoming punch"", ""weight"": ""variant dependent: support/load must be checked"", ""guard"": ""attacking arm displaced; other hand protection conditional"", ""phase"": ""recovery"", ""arm"": ""rear extended"", ""rotation"": ""punch-specific rotation; magnitude variable"", ""balance"": ""stable only after placement; transient step risk"", ""free_hand"": ""both"", ""foot"": ""neutral"", ""bearing"": ""reoriented toward opponent; conditional completion""}, ""belief"": {""A"": ""unknown"", ""B"": ""cue observed; response not deterministic""}, ""target"": ""head / combination variable"", ""phase_window"": ""뒷손 직선 면을 작은 글러브로""}",사거리 유지·반대 손 준비,큰 도달·글러브가 얼굴로 밀림·페인트 반응,"[""N20_S7""]",작은 글러브 면으로 직선을 받음,뒷손 직선 면을 작은 글러브로,"[""S02"", ""S11""]",biomechanical inference
N20_S7,A: Exit angle · 각도 탈출,EXIT,POSITION,A,N20,"{""distance"": ""mid"", ""stance"": ""OO"", ""foot_position"": ""angle candidate"", ""angle"": ""off-line candidate; opponent may reorient"", ""ring_position"": ""center"", ""space"": {""A"": ""center"", ""B"": ""center"", ""retreat_available"": ""both""}, ""A"": {""head"": ""center line"", ""weight"": ""neutral / variant dependent"", ""guard"": ""small catch; rest covered if recovered"", ""phase"": ""impact/cover"", ""arm"": ""home"", ""rotation"": ""punch-specific rotation; magnitude variable"", ""balance"": ""stable"", ""free_hand"": ""both"", ""foot"": ""neutral"", ""bearing"": ""facing opponent""}, ""B"": {""head"": ""outside incoming punch"", ""weight"": ""variant dependent: support/load must be checked"", ""guard"": ""attacking arm displaced; other hand protection conditional"", ""phase"": ""recovery"", ""arm"": ""rear extended"", ""rotation"": ""punch-specific rotation; magnitude variable"", ""balance"": ""stable only after placement; transient step risk"", ""free_hand"": ""both"", ""foot"": ""neutral"", ""bearing"": ""reoriented toward opponent; conditional completion""}, ""belief"": {""A"": ""unknown"", ""B"": ""cue observed; response not deterministic""}, ""target"": ""head / combination variable"", ""phase_window"": ""뒷손 직선 면을 작은 글러브로""}","{""distance"": ""mid"", ""stance"": ""OO"", ""foot_position"": ""angle candidate"", ""angle"": ""off-line candidate; opponent may reorient"", ""ring_position"": ""center"", ""space"": {""A"": ""center"", ""B"": ""center"", ""retreat_available"": ""both""}, ""A"": {""head"": ""center line"", ""weight"": ""neutral / variant dependent"", ""guard"": ""small catch; rest covered if recovered"", ""phase"": ""footwork"", ""arm"": ""home"", ""rotation"": ""punch-specific rotation; magnitude variable"", ""balance"": ""stable only after placement; transient step risk"", ""free_hand"": ""both"", ""foot"": ""neutral"", ""bearing"": ""reoriented toward opponent; conditional completion""}, ""B"": {""head"": ""outside incoming punch"", ""weight"": ""variant dependent: support/load must be checked"", ""guard"": ""attacking arm displaced; other hand protection conditional"", ""phase"": ""recovery"", ""arm"": ""rear extended"", ""rotation"": ""punch-specific rotation; magnitude variable"", ""balance"": ""stable only after placement; transient step risk"", ""free_hand"": ""both"", ""foot"": ""neutral"", ""bearing"": ""reoriented toward opponent; conditional completion""}, ""belief"": {""A"": ""unknown"", ""B"": ""cue observed; response not deterministic""}, ""target"": ""head / combination variable"", ""phase_window"": ""옆으로 새 출구""}",콤비네이션 직선 추격에서 벗어남,상대 훅·링 커팅·뒤돌기 금지,"[""N20_S8""]",방어·짧은 타격 뒤 옆 이동과 재지향,옆으로 새 출구,"[""S06""]",biomechanical inference
N20_S8,B: Reset · 재정렬,RESET,POSITION,B,N20,"{""distance"": ""mid"", ""stance"": ""OO"", ""foot_position"": ""angle candidate"", ""angle"": ""off-line candidate; opponent may reorient"", ""ring_position"": ""center"", ""space"": {""A"": ""center"", ""B"": ""center"", ""retreat_available"": ""both""}, ""A"": {""head"": ""center line"", ""weight"": ""neutral / variant dependent"", ""guard"": ""small catch; rest covered if recovered"", ""phase"": ""footwork"", ""arm"": ""home"", ""rotation"": ""punch-specific rotation; magnitude variable"", ""balance"": ""stable only after placement; transient step risk"", ""free_hand"": ""both"", ""foot"": ""neutral"", ""bearing"": ""reoriented toward opponent; conditional completion""}, ""B"": {""head"": ""outside incoming punch"", ""weight"": ""variant dependent: support/load must be checked"", ""guard"": ""attacking arm displaced; other hand protection conditional"", ""phase"": ""recovery"", ""arm"": ""rear extended"", ""rotation"": ""punch-specific rotation; magnitude variable"", ""balance"": ""stable only after placement; transient step risk"", ""free_hand"": ""both"", ""foot"": ""neutral"", ""bearing"": ""reoriented toward opponent; conditional completion""}, ""belief"": {""A"": ""unknown"", ""B"": ""cue observed; response not deterministic""}, ""target"": ""head / combination variable"", ""phase_window"": ""옆으로 새 출구""}","{""distance"": ""mid"", ""stance"": ""OO"", ""foot_position"": ""neutral"", ""angle"": ""centerline aligned"", ""ring_position"": ""center"", ""space"": {""A"": ""center"", ""B"": ""center"", ""retreat_available"": ""both""}, ""A"": {""head"": ""center line / guarded"", ""weight"": ""neutral / ready"", ""guard"": ""normal"", ""phase"": ""neutral"", ""arm"": ""home"", ""rotation"": ""none"", ""balance"": ""stable"", ""free_hand"": ""both"", ""foot"": ""neutral"", ""bearing"": ""facing opponent""}, ""B"": {""head"": ""center line / guarded"", ""weight"": ""neutral / ready"", ""guard"": ""normal"", ""phase"": ""neutral"", ""arm"": ""home"", ""rotation"": ""none"", ""balance"": ""stable"", ""free_hand"": ""both"", ""foot"": ""neutral"", ""bearing"": ""facing opponent""}, ""belief"": {""A"": ""unknown"", ""B"": ""cue observed; response not deterministic""}, ""target"": ""none"", ""phase_window"": ""새 bearing 확인""}",새 교환 준비,시간 비용; 상대가 계속 치면 완료 불가,"[""N20_S0""]",손·발·시선·상대 bearing을 다시 맞춤,새 bearing 확인,"[""S06""]",biomechanical inference
N20_S9,B: Read / withhold · 읽고 보류,READ,MANIPULATION,B,N20,"{""distance"": ""long"", ""stance"": ""OO"", ""foot_position"": ""neutral"", ""angle"": ""centerline aligned"", ""ring_position"": ""center"", ""space"": {""A"": ""center"", ""B"": ""center"", ""retreat_available"": ""both""}, ""A"": {""head"": ""center line"", ""weight"": ""neutral / variant dependent"", ""guard"": ""normal"", ""phase"": ""startup cue / observing"", ""arm"": ""home"", ""rotation"": ""none"", ""balance"": ""stable"", ""free_hand"": ""both"", ""foot"": ""neutral"", ""bearing"": ""facing opponent""}, ""B"": {""head"": ""center line"", ""weight"": ""neutral / variant dependent"", ""guard"": ""normal"", ""phase"": ""neutral"", ""arm"": ""home"", ""rotation"": ""none"", ""balance"": ""stable"", ""free_hand"": ""both"", ""foot"": ""neutral"", ""bearing"": ""facing opponent""}, ""belief"": {""A"": ""unknown"", ""B"": ""cue observed; response not deterministic""}, ""target"": ""none"", ""phase_window"": ""직선 준비와 유사한 어깨 단서""}","{""distance"": ""long"", ""stance"": ""OO"", ""foot_position"": ""neutral"", ""angle"": ""centerline aligned"", ""ring_position"": ""center"", ""space"": {""A"": ""center"", ""B"": ""center"", ""retreat_available"": ""both""}, ""A"": {""head"": ""center line"", ""weight"": ""neutral / variant dependent"", ""guard"": ""normal"", ""phase"": ""startup cue / observing"", ""arm"": ""home"", ""rotation"": ""none"", ""balance"": ""stable"", ""free_hand"": ""both"", ""foot"": ""neutral"", ""bearing"": ""facing opponent""}, ""B"": {""head"": ""center line / small adjustment"", ""weight"": ""neutral / variant dependent"", ""guard"": ""normal / maintained"", ""phase"": ""observing / preparation"", ""arm"": ""home"", ""rotation"": ""none"", ""balance"": ""stable"", ""free_hand"": ""both"", ""foot"": ""neutral"", ""bearing"": ""facing opponent""}, ""belief"": {""A"": ""cue observed; response not deterministic"", ""B"": ""cue observed; response not deterministic""}, ""target"": ""none"", ""phase_window"": ""B 머리가 큰 반응 없이 normal에 유지""}",불필요한 가드 이동 억제,실제 잽·보디 공격을 늦게 읽을 위험,"[""N20_S10""]",페인트 단서만으로 손·머리를 크게 옮기지 않음,B 머리가 큰 반응 없이 normal에 유지,"[""S04"", ""S05""]",biomechanical inference
N20_S10,B: Intercepting straight · 인터셉팅 직선,INTERCEPT,COUNTER,B,N20,"{""distance"": ""long"", ""stance"": ""OO"", ""foot_position"": ""neutral"", ""angle"": ""centerline aligned"", ""ring_position"": ""center"", ""space"": {""A"": ""center"", ""B"": ""center"", ""retreat_available"": ""both""}, ""A"": {""head"": ""center line"", ""weight"": ""neutral / variant dependent"", ""guard"": ""normal"", ""phase"": ""startup cue / observing"", ""arm"": ""home"", ""rotation"": ""none"", ""balance"": ""stable"", ""free_hand"": ""both"", ""foot"": ""neutral"", ""bearing"": ""facing opponent""}, ""B"": {""head"": ""center line / small adjustment"", ""weight"": ""neutral / variant dependent"", ""guard"": ""normal / maintained"", ""phase"": ""observing / preparation"", ""arm"": ""home"", ""rotation"": ""none"", ""balance"": ""stable"", ""free_hand"": ""both"", ""foot"": ""neutral"", ""bearing"": ""facing opponent""}, ""belief"": {""A"": ""cue observed; response not deterministic"", ""B"": ""cue observed; response not deterministic""}, ""target"": ""none"", ""phase_window"": ""B 머리가 큰 반응 없이 normal에 유지""}","{""distance"": ""long"", ""stance"": ""OO"", ""foot_position"": ""neutral"", ""angle"": ""centerline aligned"", ""ring_position"": ""center"", ""space"": {""A"": ""center"", ""B"": ""center"", ""retreat_available"": ""both""}, ""A"": {""head"": ""center line"", ""weight"": ""neutral / variant dependent"", ""guard"": ""normal"", ""phase"": ""startup cue / observing"", ""arm"": ""home"", ""rotation"": ""none"", ""balance"": ""stable"", ""free_hand"": ""both"", ""foot"": ""neutral"", ""bearing"": ""facing opponent""}, ""B"": {""head"": ""center line / small adjustment"", ""weight"": ""neutral / variant dependent"", ""guard"": ""attacking arm displaced; other hand protection conditional"", ""phase"": ""extension"", ""arm"": ""lead/variant extended"", ""rotation"": ""none"", ""balance"": ""stable"", ""free_hand"": ""both"", ""foot"": ""neutral"", ""bearing"": ""facing opponent""}, ""belief"": {""A"": ""cue observed; response not deterministic"", ""B"": ""cue observed; response not deterministic""}, ""target"": ""head / combination variable"", ""phase_window"": ""A 어깨 과회전·멈춤 창에 선제 직선""}",접근을 멈추거나 두 공격을 동시에 경쟁시킴,머리가 라인에 남으면 동시 피격,"[""N20_S11""]",상대 진입 또는 startup에 직선을 겹침,A 어깨 과회전·멈춤 창에 선제 직선,"[""S01"", ""S06""]",biomechanical inference
N20_S11,A: Small parry · 작은 패리,PARRY,DEFENSE,A,N20,"{""distance"": ""long"", ""stance"": ""OO"", ""foot_position"": ""neutral"", ""angle"": ""centerline aligned"", ""ring_position"": ""center"", ""space"": {""A"": ""center"", ""B"": ""center"", ""retreat_available"": ""both""}, ""A"": {""head"": ""center line"", ""weight"": ""neutral / variant dependent"", ""guard"": ""normal"", ""phase"": ""startup cue / observing"", ""arm"": ""home"", ""rotation"": ""none"", ""balance"": ""stable"", ""free_hand"": ""both"", ""foot"": ""neutral"", ""bearing"": ""facing opponent""}, ""B"": {""head"": ""center line / small adjustment"", ""weight"": ""neutral / variant dependent"", ""guard"": ""attacking arm displaced; other hand protection conditional"", ""phase"": ""extension"", ""arm"": ""lead/variant extended"", ""rotation"": ""none"", ""balance"": ""stable"", ""free_hand"": ""both"", ""foot"": ""neutral"", ""bearing"": ""facing opponent""}, ""belief"": {""A"": ""cue observed; response not deterministic"", ""B"": ""cue observed; response not deterministic""}, ""target"": ""head / combination variable"", ""phase_window"": ""A 어깨 과회전·멈춤 창에 선제 직선""}","{""distance"": ""long"", ""stance"": ""OO"", ""foot_position"": ""neutral"", ""angle"": ""centerline aligned"", ""ring_position"": ""center"", ""space"": {""A"": ""center"", ""B"": ""center"", ""retreat_available"": ""both""}, ""A"": {""head"": ""center line"", ""weight"": ""neutral / variant dependent"", ""guard"": ""small parry displacement"", ""phase"": ""impact/deflection"", ""arm"": ""parrying hand displaced"", ""rotation"": ""none"", ""balance"": ""stable"", ""free_hand"": ""other hand"", ""foot"": ""neutral"", ""bearing"": ""facing opponent""}, ""B"": {""head"": ""center line / small adjustment"", ""weight"": ""neutral / variant dependent"", ""guard"": ""attacking arm displaced; other hand protection conditional"", ""phase"": ""recovery"", ""arm"": ""lead/variant extended"", ""rotation"": ""none"", ""balance"": ""stable"", ""free_hand"": ""both"", ""foot"": ""neutral"", ""bearing"": ""facing opponent""}, ""belief"": {""A"": ""cue observed; response not deterministic"", ""B"": ""cue observed; response not deterministic""}, ""target"": ""head / combination variable"", ""phase_window"": ""실제 직선을 작은 이동으로""}",거리 유지·상대 공격선 이동,반복 타이밍과 복귀를 읽힐 수 있음; 자동 빈틈 아님,"[""N20_S12""]",글러브로 직선을 최소 이동만큼 비킴,실제 직선을 작은 이동으로,"[""S01"", ""S02"", ""S11"", ""S16""]",biomechanical inference
N20_S12,A: Counter jab · 카운터 잽,CJ,COUNTER,A,N20,"{""distance"": ""long"", ""stance"": ""OO"", ""foot_position"": ""neutral"", ""angle"": ""centerline aligned"", ""ring_position"": ""center"", ""space"": {""A"": ""center"", ""B"": ""center"", ""retreat_available"": ""both""}, ""A"": {""head"": ""center line"", ""weight"": ""neutral / variant dependent"", ""guard"": ""small parry displacement"", ""phase"": ""impact/deflection"", ""arm"": ""parrying hand displaced"", ""rotation"": ""none"", ""balance"": ""stable"", ""free_hand"": ""other hand"", ""foot"": ""neutral"", ""bearing"": ""facing opponent""}, ""B"": {""head"": ""center line / small adjustment"", ""weight"": ""neutral / variant dependent"", ""guard"": ""attacking arm displaced; other hand protection conditional"", ""phase"": ""recovery"", ""arm"": ""lead/variant extended"", ""rotation"": ""none"", ""balance"": ""stable"", ""free_hand"": ""both"", ""foot"": ""neutral"", ""bearing"": ""facing opponent""}, ""belief"": {""A"": ""cue observed; response not deterministic"", ""B"": ""cue observed; response not deterministic""}, ""target"": ""head / combination variable"", ""phase_window"": ""실제 직선을 작은 이동으로""}","{""distance"": ""long"", ""stance"": ""OO"", ""foot_position"": ""neutral"", ""angle"": ""centerline aligned"", ""ring_position"": ""center"", ""space"": {""A"": ""center"", ""B"": ""center"", ""retreat_available"": ""both""}, ""A"": {""head"": ""center line"", ""weight"": ""neutral / variant dependent"", ""guard"": ""attacking arm displaced; other hand protection conditional"", ""phase"": ""extension"", ""arm"": ""lead/variant extended"", ""rotation"": ""none"", ""balance"": ""stable"", ""free_hand"": ""other hand"", ""foot"": ""neutral"", ""bearing"": ""facing opponent""}, ""B"": {""head"": ""center line / small adjustment"", ""weight"": ""neutral / variant dependent"", ""guard"": ""attacking arm displaced; other hand protection conditional"", ""phase"": ""recovery"", ""arm"": ""lead/variant extended"", ""rotation"": ""none"", ""balance"": ""stable"", ""free_hand"": ""both"", ""foot"": ""neutral"", ""bearing"": ""facing opponent""}, ""belief"": {""A"": ""cue observed; response not deterministic"", ""B"": ""cue observed; response not deterministic""}, ""target"": ""head / combination variable"", ""phase_window"": ""반대 손 잽 도달""}",작은 반격으로 주도권·거리 회복,상대의 두 번째 공격에 다시 읽힘,"[""N20_S13""]",방어 뒤 또는 상대 준비에 짧은 앞손 직선,반대 손 잽 도달,"[""S11"", ""S16""]",biomechanical inference
N20_S13,B: Step-back · 후퇴 스텝,BACK,POSITION,B,N20,"{""distance"": ""long"", ""stance"": ""OO"", ""foot_position"": ""neutral"", ""angle"": ""centerline aligned"", ""ring_position"": ""center"", ""space"": {""A"": ""center"", ""B"": ""center"", ""retreat_available"": ""both""}, ""A"": {""head"": ""center line"", ""weight"": ""neutral / variant dependent"", ""guard"": ""attacking arm displaced; other hand protection conditional"", ""phase"": ""extension"", ""arm"": ""lead/variant extended"", ""rotation"": ""none"", ""balance"": ""stable"", ""free_hand"": ""other hand"", ""foot"": ""neutral"", ""bearing"": ""facing opponent""}, ""B"": {""head"": ""center line / small adjustment"", ""weight"": ""neutral / variant dependent"", ""guard"": ""attacking arm displaced; other hand protection conditional"", ""phase"": ""recovery"", ""arm"": ""lead/variant extended"", ""rotation"": ""none"", ""balance"": ""stable"", ""free_hand"": ""both"", ""foot"": ""neutral"", ""bearing"": ""facing opponent""}, ""belief"": {""A"": ""cue observed; response not deterministic"", ""B"": ""cue observed; response not deterministic""}, ""target"": ""head / combination variable"", ""phase_window"": ""반대 손 잽 도달""}","{""distance"": ""outside"", ""stance"": ""OO"", ""foot_position"": ""neutral"", ""angle"": ""centerline aligned"", ""ring_position"": ""center"", ""space"": {""A"": ""center"", ""B"": ""center"", ""retreat_available"": ""both""}, ""A"": {""head"": ""center line"", ""weight"": ""neutral / variant dependent"", ""guard"": ""attacking arm displaced; other hand protection conditional"", ""phase"": ""recovery"", ""arm"": ""lead/variant extended"", ""rotation"": ""none"", ""balance"": ""stable"", ""free_hand"": ""other hand"", ""foot"": ""neutral"", ""bearing"": ""facing opponent""}, ""B"": {""head"": ""center line / small adjustment"", ""weight"": ""neutral / variant dependent"", ""guard"": ""attacking arm displaced; other hand protection conditional"", ""phase"": ""footwork"", ""arm"": ""home"", ""rotation"": ""none"", ""balance"": ""stable only after placement; transient step risk"", ""free_hand"": ""both"", ""foot"": ""neutral"", ""bearing"": ""facing opponent""}, ""belief"": {""A"": ""cue observed; response not deterministic"", ""B"": ""cue observed; response not deterministic""}, ""target"": ""head / combination variable"", ""phase_window"": ""사거리 이탈 공간 존재""}",상대 펀치 사거리 밖으로,추격·로프·전진 반격에 새 스텝 필요,"[""N20_S14""]",두 발의 간격을 보존하며 뒤로 이동,사거리 이탈 공간 존재,"[""S01"", ""S06""]",biomechanical inference
N20_S14,A: Reset · 재정렬,RESET,POSITION,A,N20,"{""distance"": ""outside"", ""stance"": ""OO"", ""foot_position"": ""neutral"", ""angle"": ""centerline aligned"", ""ring_position"": ""center"", ""space"": {""A"": ""center"", ""B"": ""center"", ""retreat_available"": ""both""}, ""A"": {""head"": ""center line"", ""weight"": ""neutral / variant dependent"", ""guard"": ""attacking arm displaced; other hand protection conditional"", ""phase"": ""recovery"", ""arm"": ""lead/variant extended"", ""rotation"": ""none"", ""balance"": ""stable"", ""free_hand"": ""other hand"", ""foot"": ""neutral"", ""bearing"": ""facing opponent""}, ""B"": {""head"": ""center line / small adjustment"", ""weight"": ""neutral / variant dependent"", ""guard"": ""attacking arm displaced; other hand protection conditional"", ""phase"": ""footwork"", ""arm"": ""home"", ""rotation"": ""none"", ""balance"": ""stable only after placement; transient step risk"", ""free_hand"": ""both"", ""foot"": ""neutral"", ""bearing"": ""facing opponent""}, ""belief"": {""A"": ""cue observed; response not deterministic"", ""B"": ""cue observed; response not deterministic""}, ""target"": ""head / combination variable"", ""phase_window"": ""사거리 이탈 공간 존재""}","{""distance"": ""outside"", ""stance"": ""OO"", ""foot_position"": ""neutral"", ""angle"": ""centerline aligned"", ""ring_position"": ""center"", ""space"": {""A"": ""center"", ""B"": ""center"", ""retreat_available"": ""both""}, ""A"": {""head"": ""center line / guarded"", ""weight"": ""neutral / ready"", ""guard"": ""normal"", ""phase"": ""neutral"", ""arm"": ""home"", ""rotation"": ""none"", ""balance"": ""stable"", ""free_hand"": ""both"", ""foot"": ""neutral"", ""bearing"": ""facing opponent""}, ""B"": {""head"": ""center line / guarded"", ""weight"": ""neutral / ready"", ""guard"": ""normal"", ""phase"": ""neutral"", ""arm"": ""home"", ""rotation"": ""none"", ""balance"": ""stable"", ""free_hand"": ""both"", ""foot"": ""neutral"", ""bearing"": ""facing opponent""}, ""belief"": {""A"": ""cue observed; response not deterministic"", ""B"": ""cue observed; response not deterministic""}, ""target"": ""none"", ""phase_window"": ""양쪽 준비 복귀""}",새 교환 준비,시간 비용; 상대가 계속 치면 완료 불가,"[""N20_S0""]",손·발·시선·상대 bearing을 다시 맞춤,양쪽 준비 복귀,"[""S06""]",biomechanical inference
N21_S0,시작 상태,,STATE,,N21,"{""distance"": ""long"", ""stance"": ""OO"", ""foot_position"": ""neutral"", ""angle"": ""centerline aligned"", ""ring_position"": ""center"", ""space"": {""A"": ""center"", ""B"": ""center"", ""retreat_available"": ""both""}, ""A"": {""head"": ""center line"", ""weight"": ""neutral / variant dependent"", ""guard"": ""normal"", ""phase"": ""neutral"", ""arm"": ""home"", ""rotation"": ""none"", ""balance"": ""stable"", ""free_hand"": ""both"", ""foot"": ""neutral"", ""bearing"": ""facing opponent""}, ""B"": {""head"": ""center line"", ""weight"": ""neutral / variant dependent"", ""guard"": ""normal"", ""phase"": ""neutral"", ""arm"": ""home"", ""rotation"": ""none"", ""balance"": ""stable"", ""free_hand"": ""both"", ""foot"": ""neutral"", ""bearing"": ""facing opponent""}, ""belief"": {""A"": ""unknown"", ""B"": ""unknown""}, ""target"": ""none"", ""phase_window"": ""neutral""}","{""distance"": ""long"", ""stance"": ""OO"", ""foot_position"": ""neutral"", ""angle"": ""centerline aligned"", ""ring_position"": ""center"", ""space"": {""A"": ""center"", ""B"": ""center"", ""retreat_available"": ""both""}, ""A"": {""head"": ""center line"", ""weight"": ""neutral / variant dependent"", ""guard"": ""normal"", ""phase"": ""neutral"", ""arm"": ""home"", ""rotation"": ""none"", ""balance"": ""stable"", ""free_hand"": ""both"", ""foot"": ""neutral"", ""bearing"": ""facing opponent""}, ""B"": {""head"": ""center line"", ""weight"": ""neutral / variant dependent"", ""guard"": ""normal"", ""phase"": ""neutral"", ""arm"": ""home"", ""rotation"": ""none"", ""balance"": ""stable"", ""free_hand"": ""both"", ""foot"": ""neutral"", ""bearing"": ""facing opponent""}, ""belief"": {""A"": ""unknown"", ""B"": ""unknown""}, ""target"": ""none"", ""phase_window"": ""neutral""}",교환의 전제 확인,중립도 선제 위협에 노출,"[""N21_S1"", ""N01_S0"", ""N03_S0"", ""N12_S0"", ""N16_S0""]",,,,
N21_S1,A: Step feint · 스텝 페인트,STEPF,MANIPULATION,A,N21,"{""distance"": ""long"", ""stance"": ""OO"", ""foot_position"": ""neutral"", ""angle"": ""centerline aligned"", ""ring_position"": ""center"", ""space"": {""A"": ""center"", ""B"": ""center"", ""retreat_available"": ""both""}, ""A"": {""head"": ""center line"", ""weight"": ""neutral / variant dependent"", ""guard"": ""normal"", ""phase"": ""neutral"", ""arm"": ""home"", ""rotation"": ""none"", ""balance"": ""stable"", ""free_hand"": ""both"", ""foot"": ""neutral"", ""bearing"": ""facing opponent""}, ""B"": {""head"": ""center line"", ""weight"": ""neutral / variant dependent"", ""guard"": ""normal"", ""phase"": ""neutral"", ""arm"": ""home"", ""rotation"": ""none"", ""balance"": ""stable"", ""free_hand"": ""both"", ""foot"": ""neutral"", ""bearing"": ""facing opponent""}, ""belief"": {""A"": ""unknown"", ""B"": ""unknown""}, ""target"": ""none"", ""phase_window"": ""neutral""}","{""distance"": ""long"", ""stance"": ""OO"", ""foot_position"": ""neutral"", ""angle"": ""centerline aligned"", ""ring_position"": ""center"", ""space"": {""A"": ""center"", ""B"": ""center"", ""retreat_available"": ""both""}, ""A"": {""head"": ""center line"", ""weight"": ""neutral / variant dependent"", ""guard"": ""normal"", ""phase"": ""startup cue / observing"", ""arm"": ""home"", ""rotation"": ""none"", ""balance"": ""stable"", ""free_hand"": ""both"", ""foot"": ""neutral"", ""bearing"": ""facing opponent""}, ""B"": {""head"": ""center line"", ""weight"": ""neutral / variant dependent"", ""guard"": ""normal"", ""phase"": ""neutral"", ""arm"": ""home"", ""rotation"": ""none"", ""balance"": ""stable"", ""free_hand"": ""both"", ""foot"": ""neutral"", ""bearing"": ""facing opponent""}, ""belief"": {""A"": ""unknown"", ""B"": ""cue observed; response not deterministic""}, ""target"": ""none"", ""phase_window"": ""진입 단서로 B의 후퇴 성향 탐색""}",후퇴·추격을 유도해 공간 선택,상대가 선점·실제 발이 묶임,"[""N21_S2"", ""N21_S9""]",작은 발 준비로 진입/후퇴 단서,진입 단서로 B의 후퇴 성향 탐색,"[""S14""]",biomechanical inference
N21_S2,B: Step-back · 후퇴 스텝,BACK,POSITION,B,N21,"{""distance"": ""long"", ""stance"": ""OO"", ""foot_position"": ""neutral"", ""angle"": ""centerline aligned"", ""ring_position"": ""center"", ""space"": {""A"": ""center"", ""B"": ""center"", ""retreat_available"": ""both""}, ""A"": {""head"": ""center line"", ""weight"": ""neutral / variant dependent"", ""guard"": ""normal"", ""phase"": ""startup cue / observing"", ""arm"": ""home"", ""rotation"": ""none"", ""balance"": ""stable"", ""free_hand"": ""both"", ""foot"": ""neutral"", ""bearing"": ""facing opponent""}, ""B"": {""head"": ""center line"", ""weight"": ""neutral / variant dependent"", ""guard"": ""normal"", ""phase"": ""neutral"", ""arm"": ""home"", ""rotation"": ""none"", ""balance"": ""stable"", ""free_hand"": ""both"", ""foot"": ""neutral"", ""bearing"": ""facing opponent""}, ""belief"": {""A"": ""unknown"", ""B"": ""cue observed; response not deterministic""}, ""target"": ""none"", ""phase_window"": ""진입 단서로 B의 후퇴 성향 탐색""}","{""distance"": ""outside"", ""stance"": ""OO"", ""foot_position"": ""neutral"", ""angle"": ""centerline aligned"", ""ring_position"": ""center"", ""space"": {""A"": ""center"", ""B"": ""center"", ""retreat_available"": ""both""}, ""A"": {""head"": ""center line"", ""weight"": ""neutral / variant dependent"", ""guard"": ""normal"", ""phase"": ""startup cue / observing"", ""arm"": ""home"", ""rotation"": ""none"", ""balance"": ""stable"", ""free_hand"": ""both"", ""foot"": ""neutral"", ""bearing"": ""facing opponent""}, ""B"": {""head"": ""center line"", ""weight"": ""neutral / variant dependent"", ""guard"": ""normal"", ""phase"": ""footwork"", ""arm"": ""home"", ""rotation"": ""none"", ""balance"": ""stable only after placement; transient step risk"", ""free_hand"": ""both"", ""foot"": ""neutral"", ""bearing"": ""facing opponent""}, ""belief"": {""A"": ""unknown"", ""B"": ""cue observed; response not deterministic""}, ""target"": ""none"", ""phase_window"": ""B가 실제 발 후퇴""}",상대 펀치 사거리 밖으로,추격·로프·전진 반격에 새 스텝 필요,"[""N21_S3""]",두 발의 간격을 보존하며 뒤로 이동,B가 실제 발 후퇴,"[""S01"", ""S06""]",biomechanical inference
N21_S3,A: Pressure / ring cut · 압박·링 커팅,PRESS,POSITION,A,N21,"{""distance"": ""outside"", ""stance"": ""OO"", ""foot_position"": ""neutral"", ""angle"": ""centerline aligned"", ""ring_position"": ""center"", ""space"": {""A"": ""center"", ""B"": ""center"", ""retreat_available"": ""both""}, ""A"": {""head"": ""center line"", ""weight"": ""neutral / variant dependent"", ""guard"": ""normal"", ""phase"": ""startup cue / observing"", ""arm"": ""home"", ""rotation"": ""none"", ""balance"": ""stable"", ""free_hand"": ""both"", ""foot"": ""neutral"", ""bearing"": ""facing opponent""}, ""B"": {""head"": ""center line"", ""weight"": ""neutral / variant dependent"", ""guard"": ""normal"", ""phase"": ""footwork"", ""arm"": ""home"", ""rotation"": ""none"", ""balance"": ""stable only after placement; transient step risk"", ""free_hand"": ""both"", ""foot"": ""neutral"", ""bearing"": ""facing opponent""}, ""belief"": {""A"": ""unknown"", ""B"": ""cue observed; response not deterministic""}, ""target"": ""none"", ""phase_window"": ""B가 실제 발 후퇴""}","{""distance"": ""long"", ""stance"": ""OO"", ""foot_position"": ""neutral"", ""angle"": ""centerline aligned"", ""ring_position"": ""center"", ""space"": {""A"": ""center"", ""B"": ""center"", ""retreat_available"": ""both""}, ""A"": {""head"": ""center line"", ""weight"": ""neutral / variant dependent"", ""guard"": ""normal"", ""phase"": ""footwork"", ""arm"": ""home"", ""rotation"": ""none"", ""balance"": ""stable only after placement; transient step risk"", ""free_hand"": ""both"", ""foot"": ""neutral"", ""bearing"": ""facing opponent""}, ""B"": {""head"": ""center line"", ""weight"": ""neutral / variant dependent"", ""guard"": ""normal"", ""phase"": ""footwork"", ""arm"": ""home"", ""rotation"": ""none"", ""balance"": ""stable only after placement; transient step risk"", ""free_hand"": ""both"", ""foot"": ""neutral"", ""bearing"": ""facing opponent""}, ""belief"": {""A"": ""unknown"", ""B"": ""cue observed; response not deterministic""}, ""target"": ""none"", ""phase_window"": ""A가 균형 있는 발로 출구 선점; 아직 펀치 미도달""}",퇴로·시간을 줄임,직선 추격·스텝 중 인터셉트,"[""N21_S4""]",상대 출구를 선점하며 가드 있는 진입,A가 균형 있는 발로 출구 선점; 아직 펀치 미도달,"[""S06""]",biomechanical inference
N21_S4,B: Counter jab · 카운터 잽,CJ,COUNTER,B,N21,"{""distance"": ""long"", ""stance"": ""OO"", ""foot_position"": ""neutral"", ""angle"": ""centerline aligned"", ""ring_position"": ""center"", ""space"": {""A"": ""center"", ""B"": ""center"", ""retreat_available"": ""both""}, ""A"": {""head"": ""center line"", ""weight"": ""neutral / variant dependent"", ""guard"": ""normal"", ""phase"": ""footwork"", ""arm"": ""home"", ""rotation"": ""none"", ""balance"": ""stable only after placement; transient step risk"", ""free_hand"": ""both"", ""foot"": ""neutral"", ""bearing"": ""facing opponent""}, ""B"": {""head"": ""center line"", ""weight"": ""neutral / variant dependent"", ""guard"": ""normal"", ""phase"": ""footwork"", ""arm"": ""home"", ""rotation"": ""none"", ""balance"": ""stable only after placement; transient step risk"", ""free_hand"": ""both"", ""foot"": ""neutral"", ""bearing"": ""facing opponent""}, ""belief"": {""A"": ""unknown"", ""B"": ""cue observed; response not deterministic""}, ""target"": ""none"", ""phase_window"": ""A가 균형 있는 발로 출구 선점; 아직 펀치 미도달""}","{""distance"": ""long"", ""stance"": ""OO"", ""foot_position"": ""neutral"", ""angle"": ""centerline aligned"", ""ring_position"": ""center"", ""space"": {""A"": ""center"", ""B"": ""center"", ""retreat_available"": ""both""}, ""A"": {""head"": ""center line"", ""weight"": ""neutral / variant dependent"", ""guard"": ""normal"", ""phase"": ""footwork"", ""arm"": ""home"", ""rotation"": ""none"", ""balance"": ""stable only after placement; transient step risk"", ""free_hand"": ""both"", ""foot"": ""neutral"", ""bearing"": ""facing opponent""}, ""B"": {""head"": ""center line"", ""weight"": ""neutral / variant dependent"", ""guard"": ""attacking arm displaced; other hand protection conditional"", ""phase"": ""extension"", ""arm"": ""lead/variant extended"", ""rotation"": ""none"", ""balance"": ""stable only after placement; transient step risk"", ""free_hand"": ""both"", ""foot"": ""neutral"", ""bearing"": ""facing opponent""}, ""belief"": {""A"": ""unknown"", ""B"": ""cue observed; response not deterministic""}, ""target"": ""head / combination variable"", ""phase_window"": ""A 도착 스텝에 잽 선점""}",작은 반격으로 주도권·거리 회복,상대의 두 번째 공격에 다시 읽힘,"[""N21_S5""]",방어 뒤 또는 상대 준비에 짧은 앞손 직선,A 도착 스텝에 잽 선점,"[""S11"", ""S16""]",biomechanical inference
N21_S5,A: Catch · 캐치,CATCH,DEFENSE,A,N21,"{""distance"": ""long"", ""stance"": ""OO"", ""foot_position"": ""neutral"", ""angle"": ""centerline aligned"", ""ring_position"": ""center"", ""space"": {""A"": ""center"", ""B"": ""center"", ""retreat_available"": ""both""}, ""A"": {""head"": ""center line"", ""weight"": ""neutral / variant dependent"", ""guard"": ""normal"", ""phase"": ""footwork"", ""arm"": ""home"", ""rotation"": ""none"", ""balance"": ""stable only after placement; transient step risk"", ""free_hand"": ""both"", ""foot"": ""neutral"", ""bearing"": ""facing opponent""}, ""B"": {""head"": ""center line"", ""weight"": ""neutral / variant dependent"", ""guard"": ""attacking arm displaced; other hand protection conditional"", ""phase"": ""extension"", ""arm"": ""lead/variant extended"", ""rotation"": ""none"", ""balance"": ""stable only after placement; transient step risk"", ""free_hand"": ""both"", ""foot"": ""neutral"", ""bearing"": ""facing opponent""}, ""belief"": {""A"": ""unknown"", ""B"": ""cue observed; response not deterministic""}, ""target"": ""head / combination variable"", ""phase_window"": ""A 도착 스텝에 잽 선점""}","{""distance"": ""long"", ""stance"": ""OO"", ""foot_position"": ""neutral"", ""angle"": ""centerline aligned"", ""ring_position"": ""center"", ""space"": {""A"": ""center"", ""B"": ""center"", ""retreat_available"": ""both""}, ""A"": {""head"": ""center line"", ""weight"": ""neutral / variant dependent"", ""guard"": ""small catch; rest covered if recovered"", ""phase"": ""impact/cover"", ""arm"": ""home"", ""rotation"": ""none"", ""balance"": ""stable only after placement; transient step risk"", ""free_hand"": ""both"", ""foot"": ""neutral"", ""bearing"": ""facing opponent""}, ""B"": {""head"": ""center line"", ""weight"": ""neutral / variant dependent"", ""guard"": ""attacking arm displaced; other hand protection conditional"", ""phase"": ""recovery"", ""arm"": ""lead/variant extended"", ""rotation"": ""none"", ""balance"": ""stable only after placement; transient step risk"", ""free_hand"": ""both"", ""foot"": ""neutral"", ""bearing"": ""facing opponent""}, ""belief"": {""A"": ""unknown"", ""B"": ""cue observed; response not deterministic""}, ""target"": ""head / combination variable"", ""phase_window"": ""작게 받아 발 간격 유지""}",사거리 유지·반대 손 준비,큰 도달·글러브가 얼굴로 밀림·페인트 반응,"[""N21_S6""]",작은 글러브 면으로 직선을 받음,작게 받아 발 간격 유지,"[""S02"", ""S11""]",biomechanical inference
N21_S6,A: Lead jab · 잽,JAB,OFFENSE,A,N21,"{""distance"": ""long"", ""stance"": ""OO"", ""foot_position"": ""neutral"", ""angle"": ""centerline aligned"", ""ring_position"": ""center"", ""space"": {""A"": ""center"", ""B"": ""center"", ""retreat_available"": ""both""}, ""A"": {""head"": ""center line"", ""weight"": ""neutral / variant dependent"", ""guard"": ""small catch; rest covered if recovered"", ""phase"": ""impact/cover"", ""arm"": ""home"", ""rotation"": ""none"", ""balance"": ""stable only after placement; transient step risk"", ""free_hand"": ""both"", ""foot"": ""neutral"", ""bearing"": ""facing opponent""}, ""B"": {""head"": ""center line"", ""weight"": ""neutral / variant dependent"", ""guard"": ""attacking arm displaced; other hand protection conditional"", ""phase"": ""recovery"", ""arm"": ""lead/variant extended"", ""rotation"": ""none"", ""balance"": ""stable only after placement; transient step risk"", ""free_hand"": ""both"", ""foot"": ""neutral"", ""bearing"": ""facing opponent""}, ""belief"": {""A"": ""unknown"", ""B"": ""cue observed; response not deterministic""}, ""target"": ""head / combination variable"", ""phase_window"": ""작게 받아 발 간격 유지""}","{""distance"": ""long"", ""stance"": ""OO"", ""foot_position"": ""neutral"", ""angle"": ""centerline aligned"", ""ring_position"": ""center"", ""space"": {""A"": ""center"", ""B"": ""center"", ""retreat_available"": ""both""}, ""A"": {""head"": ""center line"", ""weight"": ""neutral / variant dependent"", ""guard"": ""attacking arm displaced; other hand protection conditional"", ""phase"": ""extension"", ""arm"": ""lead/variant extended"", ""rotation"": ""none"", ""balance"": ""stable only after placement; transient step risk"", ""free_hand"": ""both"", ""foot"": ""neutral"", ""bearing"": ""facing opponent""}, ""B"": {""head"": ""center line"", ""weight"": ""neutral / variant dependent"", ""guard"": ""attacking arm displaced; other hand protection conditional"", ""phase"": ""recovery"", ""arm"": ""lead/variant extended"", ""rotation"": ""none"", ""balance"": ""stable only after placement; transient step risk"", ""free_hand"": ""both"", ""foot"": ""neutral"", ""bearing"": ""facing opponent""}, ""belief"": {""A"": ""unknown"", ""B"": ""cue observed; response not deterministic""}, ""target"": ""head / combination variable"", ""phase_window"": ""B 잽 회수 창에 도달""}",사거리·반응을 확인하고 시야를 가림,앞손 복귀 동안 같은 쪽 가드가 비며 단조로운 타이밍을 읽힐 수 있음,"[""N21_S7""]",앞손을 짧게 직선으로 보내고 복귀,B 잽 회수 창에 도달,"[""S01"", ""S02""]",biomechanical inference
N21_S7,B: Lateral step · 옆 스텝,LAT,POSITION,B,N21,"{""distance"": ""long"", ""stance"": ""OO"", ""foot_position"": ""neutral"", ""angle"": ""centerline aligned"", ""ring_position"": ""center"", ""space"": {""A"": ""center"", ""B"": ""center"", ""retreat_available"": ""both""}, ""A"": {""head"": ""center line"", ""weight"": ""neutral / variant dependent"", ""guard"": ""attacking arm displaced; other hand protection conditional"", ""phase"": ""extension"", ""arm"": ""lead/variant extended"", ""rotation"": ""none"", ""balance"": ""stable only after placement; transient step risk"", ""free_hand"": ""both"", ""foot"": ""neutral"", ""bearing"": ""facing opponent""}, ""B"": {""head"": ""center line"", ""weight"": ""neutral / variant dependent"", ""guard"": ""attacking arm displaced; other hand protection conditional"", ""phase"": ""recovery"", ""arm"": ""lead/variant extended"", ""rotation"": ""none"", ""balance"": ""stable only after placement; transient step risk"", ""free_hand"": ""both"", ""foot"": ""neutral"", ""bearing"": ""facing opponent""}, ""belief"": {""A"": ""unknown"", ""B"": ""cue observed; response not deterministic""}, ""target"": ""head / combination variable"", ""phase_window"": ""B 잽 회수 창에 도달""}","{""distance"": ""long"", ""stance"": ""OO"", ""foot_position"": ""angle candidate"", ""angle"": ""off-line candidate; opponent may reorient"", ""ring_position"": ""center"", ""space"": {""A"": ""center"", ""B"": ""center"", ""retreat_available"": ""both""}, ""A"": {""head"": ""center line"", ""weight"": ""neutral / variant dependent"", ""guard"": ""attacking arm displaced; other hand protection conditional"", ""phase"": ""recovery"", ""arm"": ""lead/variant extended"", ""rotation"": ""none"", ""balance"": ""stable only after placement; transient step risk"", ""free_hand"": ""both"", ""foot"": ""neutral"", ""bearing"": ""facing opponent""}, ""B"": {""head"": ""center line"", ""weight"": ""neutral / variant dependent"", ""guard"": ""attacking arm displaced; other hand protection conditional"", ""phase"": ""footwork"", ""arm"": ""home"", ""rotation"": ""none"", ""balance"": ""stable only after placement; transient step risk"", ""free_hand"": ""both"", ""foot"": ""neutral"", ""bearing"": ""reoriented toward opponent; conditional completion""}, ""belief"": {""A"": ""unknown"", ""B"": ""cue observed; response not deterministic""}, ""target"": ""head / combination variable"", ""phase_window"": ""직선 후퇴 대신 옆 출구""}",직선 추격·퇴로를 옆으로 재설정,원형 훅·링 커팅·발 교차,"[""N21_S8""]",측면으로 발 간격을 유지해 이동,직선 후퇴 대신 옆 출구,"[""S06""]",biomechanical inference
N21_S8,A: Reset · 재정렬,RESET,POSITION,A,N21,"{""distance"": ""long"", ""stance"": ""OO"", ""foot_position"": ""angle candidate"", ""angle"": ""off-line candidate; opponent may reorient"", ""ring_position"": ""center"", ""space"": {""A"": ""center"", ""B"": ""center"", ""retreat_available"": ""both""}, ""A"": {""head"": ""center line"", ""weight"": ""neutral / variant dependent"", ""guard"": ""attacking arm displaced; other hand protection conditional"", ""phase"": ""recovery"", ""arm"": ""lead/variant extended"", ""rotation"": ""none"", ""balance"": ""stable only after placement; transient step risk"", ""free_hand"": ""both"", ""foot"": ""neutral"", ""bearing"": ""facing opponent""}, ""B"": {""head"": ""center line"", ""weight"": ""neutral / variant dependent"", ""guard"": ""attacking arm displaced; other hand protection conditional"", ""phase"": ""footwork"", ""arm"": ""home"", ""rotation"": ""none"", ""balance"": ""stable only after placement; transient step risk"", ""free_hand"": ""both"", ""foot"": ""neutral"", ""bearing"": ""reoriented toward opponent; conditional completion""}, ""belief"": {""A"": ""unknown"", ""B"": ""cue observed; response not deterministic""}, ""target"": ""head / combination variable"", ""phase_window"": ""직선 후퇴 대신 옆 출구""}","{""distance"": ""long"", ""stance"": ""OO"", ""foot_position"": ""neutral"", ""angle"": ""centerline aligned"", ""ring_position"": ""center"", ""space"": {""A"": ""center"", ""B"": ""center"", ""retreat_available"": ""both""}, ""A"": {""head"": ""center line / guarded"", ""weight"": ""neutral / ready"", ""guard"": ""normal"", ""phase"": ""neutral"", ""arm"": ""home"", ""rotation"": ""none"", ""balance"": ""stable"", ""free_hand"": ""both"", ""foot"": ""neutral"", ""bearing"": ""facing opponent""}, ""B"": {""head"": ""center line / guarded"", ""weight"": ""neutral / ready"", ""guard"": ""normal"", ""phase"": ""neutral"", ""arm"": ""home"", ""rotation"": ""none"", ""balance"": ""stable"", ""free_hand"": ""both"", ""foot"": ""neutral"", ""bearing"": ""facing opponent""}, ""belief"": {""A"": ""unknown"", ""B"": ""cue observed; response not deterministic""}, ""target"": ""none"", ""phase_window"": ""출구 선점을 놓쳤으면 추격 중단""}",새 교환 준비,시간 비용; 상대가 계속 치면 완료 불가,"[""N21_S0""]",손·발·시선·상대 bearing을 다시 맞춤,출구 선점을 놓쳤으면 추격 중단,"[""S06""]",biomechanical inference
N21_S9,B: Read / withhold · 읽고 보류,READ,MANIPULATION,B,N21,"{""distance"": ""long"", ""stance"": ""OO"", ""foot_position"": ""neutral"", ""angle"": ""centerline aligned"", ""ring_position"": ""center"", ""space"": {""A"": ""center"", ""B"": ""center"", ""retreat_available"": ""both""}, ""A"": {""head"": ""center line"", ""weight"": ""neutral / variant dependent"", ""guard"": ""normal"", ""phase"": ""startup cue / observing"", ""arm"": ""home"", ""rotation"": ""none"", ""balance"": ""stable"", ""free_hand"": ""both"", ""foot"": ""neutral"", ""bearing"": ""facing opponent""}, ""B"": {""head"": ""center line"", ""weight"": ""neutral / variant dependent"", ""guard"": ""normal"", ""phase"": ""neutral"", ""arm"": ""home"", ""rotation"": ""none"", ""balance"": ""stable"", ""free_hand"": ""both"", ""foot"": ""neutral"", ""bearing"": ""facing opponent""}, ""belief"": {""A"": ""unknown"", ""B"": ""cue observed; response not deterministic""}, ""target"": ""none"", ""phase_window"": ""진입 단서로 B의 후퇴 성향 탐색""}","{""distance"": ""long"", ""stance"": ""OO"", ""foot_position"": ""neutral"", ""angle"": ""centerline aligned"", ""ring_position"": ""center"", ""space"": {""A"": ""center"", ""B"": ""center"", ""retreat_available"": ""both""}, ""A"": {""head"": ""center line"", ""weight"": ""neutral / variant dependent"", ""guard"": ""normal"", ""phase"": ""startup cue / observing"", ""arm"": ""home"", ""rotation"": ""none"", ""balance"": ""stable"", ""free_hand"": ""both"", ""foot"": ""neutral"", ""bearing"": ""facing opponent""}, ""B"": {""head"": ""center line / small adjustment"", ""weight"": ""neutral / variant dependent"", ""guard"": ""normal / maintained"", ""phase"": ""observing / preparation"", ""arm"": ""home"", ""rotation"": ""none"", ""balance"": ""stable"", ""free_hand"": ""both"", ""foot"": ""neutral"", ""bearing"": ""facing opponent""}, ""belief"": {""A"": ""cue observed; response not deterministic"", ""B"": ""cue observed; response not deterministic""}, ""target"": ""none"", ""phase_window"": ""후퇴하지 않고 지지면 유지""}",불필요한 가드 이동 억제,실제 잽·보디 공격을 늦게 읽을 위험,"[""N21_S10""]",페인트 단서만으로 손·머리를 크게 옮기지 않음,후퇴하지 않고 지지면 유지,"[""S04"", ""S05""]",biomechanical inference
N21_S10,B: Intercepting straight · 인터셉팅 직선,INTERCEPT,COUNTER,B,N21,"{""distance"": ""long"", ""stance"": ""OO"", ""foot_position"": ""neutral"", ""angle"": ""centerline aligned"", ""ring_position"": ""center"", ""space"": {""A"": ""center"", ""B"": ""center"", ""retreat_available"": ""both""}, ""A"": {""head"": ""center line"", ""weight"": ""neutral / variant dependent"", ""guard"": ""normal"", ""phase"": ""startup cue / observing"", ""arm"": ""home"", ""rotation"": ""none"", ""balance"": ""stable"", ""free_hand"": ""both"", ""foot"": ""neutral"", ""bearing"": ""facing opponent""}, ""B"": {""head"": ""center line / small adjustment"", ""weight"": ""neutral / variant dependent"", ""guard"": ""normal / maintained"", ""phase"": ""observing / preparation"", ""arm"": ""home"", ""rotation"": ""none"", ""balance"": ""stable"", ""free_hand"": ""both"", ""foot"": ""neutral"", ""bearing"": ""facing opponent""}, ""belief"": {""A"": ""cue observed; response not deterministic"", ""B"": ""cue observed; response not deterministic""}, ""target"": ""none"", ""phase_window"": ""후퇴하지 않고 지지면 유지""}","{""distance"": ""long"", ""stance"": ""OO"", ""foot_position"": ""neutral"", ""angle"": ""centerline aligned"", ""ring_position"": ""center"", ""space"": {""A"": ""center"", ""B"": ""center"", ""retreat_available"": ""both""}, ""A"": {""head"": ""center line"", ""weight"": ""neutral / variant dependent"", ""guard"": ""normal"", ""phase"": ""startup cue / observing"", ""arm"": ""home"", ""rotation"": ""none"", ""balance"": ""stable"", ""free_hand"": ""both"", ""foot"": ""neutral"", ""bearing"": ""facing opponent""}, ""B"": {""head"": ""center line / small adjustment"", ""weight"": ""neutral / variant dependent"", ""guard"": ""attacking arm displaced; other hand protection conditional"", ""phase"": ""extension"", ""arm"": ""lead/variant extended"", ""rotation"": ""none"", ""balance"": ""stable"", ""free_hand"": ""both"", ""foot"": ""neutral"", ""bearing"": ""facing opponent""}, ""belief"": {""A"": ""cue observed; response not deterministic"", ""B"": ""cue observed; response not deterministic""}, ""target"": ""head / combination variable"", ""phase_window"": ""A가 실제로 걸어들어올 때만 선제 직선""}",접근을 멈추거나 두 공격을 동시에 경쟁시킴,머리가 라인에 남으면 동시 피격,"[""N21_S11""]",상대 진입 또는 startup에 직선을 겹침,A가 실제로 걸어들어올 때만 선제 직선,"[""S01"", ""S06""]",biomechanical inference
N21_S11,A: Slip + step · 슬립+스텝,SSTEP,DEFENSE,A,N21,"{""distance"": ""long"", ""stance"": ""OO"", ""foot_position"": ""neutral"", ""angle"": ""centerline aligned"", ""ring_position"": ""center"", ""space"": {""A"": ""center"", ""B"": ""center"", ""retreat_available"": ""both""}, ""A"": {""head"": ""center line"", ""weight"": ""neutral / variant dependent"", ""guard"": ""normal"", ""phase"": ""startup cue / observing"", ""arm"": ""home"", ""rotation"": ""none"", ""balance"": ""stable"", ""free_hand"": ""both"", ""foot"": ""neutral"", ""bearing"": ""facing opponent""}, ""B"": {""head"": ""center line / small adjustment"", ""weight"": ""neutral / variant dependent"", ""guard"": ""attacking arm displaced; other hand protection conditional"", ""phase"": ""extension"", ""arm"": ""lead/variant extended"", ""rotation"": ""none"", ""balance"": ""stable"", ""free_hand"": ""both"", ""foot"": ""neutral"", ""bearing"": ""facing opponent""}, ""belief"": {""A"": ""cue observed; response not deterministic"", ""B"": ""cue observed; response not deterministic""}, ""target"": ""head / combination variable"", ""phase_window"": ""A가 실제로 걸어들어올 때만 선제 직선""}","{""distance"": ""mid"", ""stance"": ""OO"", ""foot_position"": ""neutral"", ""angle"": ""head off punching line; body angle not automatic"", ""ring_position"": ""center"", ""space"": {""A"": ""center"", ""B"": ""center"", ""retreat_available"": ""both""}, ""A"": {""head"": ""outside incoming punch"", ""weight"": ""variant dependent: support/load must be checked"", ""guard"": ""normal"", ""phase"": ""footwork + action"", ""arm"": ""home"", ""rotation"": ""none"", ""balance"": ""stable only after placement; transient step risk"", ""free_hand"": ""both"", ""foot"": ""neutral"", ""bearing"": ""facing opponent""}, ""B"": {""head"": ""center line / small adjustment"", ""weight"": ""neutral / variant dependent"", ""guard"": ""attacking arm displaced; other hand protection conditional"", ""phase"": ""recovery"", ""arm"": ""lead/variant extended"", ""rotation"": ""none"", ""balance"": ""stable"", ""free_hand"": ""both"", ""foot"": ""neutral"", ""bearing"": ""facing opponent""}, ""belief"": {""A"": ""cue observed; response not deterministic"", ""B"": ""cue observed; response not deterministic""}, ""target"": ""head / combination variable"", ""phase_window"": ""몸통과 발을 궤도 밖으로""}",위치·거리도 함께 변경,스텝 시간·발 충돌·각도 추적 허용,"[""N21_S12""]",머리 라인 이동과 작은 발 이동 결합,몸통과 발을 궤도 밖으로,"[""S06"", ""S07""]",biomechanical inference
N21_S12,A: Counter hook · 카운터 훅,CH,COUNTER,A,N21,"{""distance"": ""mid"", ""stance"": ""OO"", ""foot_position"": ""neutral"", ""angle"": ""head off punching line; body angle not automatic"", ""ring_position"": ""center"", ""space"": {""A"": ""center"", ""B"": ""center"", ""retreat_available"": ""both""}, ""A"": {""head"": ""outside incoming punch"", ""weight"": ""variant dependent: support/load must be checked"", ""guard"": ""normal"", ""phase"": ""footwork + action"", ""arm"": ""home"", ""rotation"": ""none"", ""balance"": ""stable only after placement; transient step risk"", ""free_hand"": ""both"", ""foot"": ""neutral"", ""bearing"": ""facing opponent""}, ""B"": {""head"": ""center line / small adjustment"", ""weight"": ""neutral / variant dependent"", ""guard"": ""attacking arm displaced; other hand protection conditional"", ""phase"": ""recovery"", ""arm"": ""lead/variant extended"", ""rotation"": ""none"", ""balance"": ""stable"", ""free_hand"": ""both"", ""foot"": ""neutral"", ""bearing"": ""facing opponent""}, ""belief"": {""A"": ""cue observed; response not deterministic"", ""B"": ""cue observed; response not deterministic""}, ""target"": ""head / combination variable"", ""phase_window"": ""몸통과 발을 궤도 밖으로""}","{""distance"": ""mid"", ""stance"": ""OO"", ""foot_position"": ""neutral"", ""angle"": ""head off punching line; body angle not automatic"", ""ring_position"": ""center"", ""space"": {""A"": ""center"", ""B"": ""center"", ""retreat_available"": ""both""}, ""A"": {""head"": ""outside incoming punch"", ""weight"": ""variant dependent: support/load must be checked"", ""guard"": ""attacking arm displaced; other hand protection conditional"", ""phase"": ""extension"", ""arm"": ""lead/variant extended"", ""rotation"": ""punch-specific rotation; magnitude variable"", ""balance"": ""stable only after placement; transient step risk"", ""free_hand"": ""both"", ""foot"": ""neutral"", ""bearing"": ""facing opponent""}, ""B"": {""head"": ""center line / small adjustment"", ""weight"": ""neutral / variant dependent"", ""guard"": ""attacking arm displaced; other hand protection conditional"", ""phase"": ""recovery"", ""arm"": ""lead/variant extended"", ""rotation"": ""none"", ""balance"": ""stable"", ""free_hand"": ""both"", ""foot"": ""neutral"", ""bearing"": ""facing opponent""}, ""belief"": {""A"": ""cue observed; response not deterministic"", ""B"": ""cue observed; response not deterministic""}, ""target"": ""head / combination variable"", ""phase_window"": ""새 측면 표적과 사거리""}",직선 복귀·측면 노출 활용,"짧은 사거리, 반대 손 카운터","[""N21_S13""]",방어로 생긴 측면 표적을 짧게 공격,새 측면 표적과 사거리,"[""S03"", ""S16""]",biomechanical inference
N21_S13,B: High guard · 하이 가드,HG,DEFENSE,B,N21,"{""distance"": ""mid"", ""stance"": ""OO"", ""foot_position"": ""neutral"", ""angle"": ""head off punching line; body angle not automatic"", ""ring_position"": ""center"", ""space"": {""A"": ""center"", ""B"": ""center"", ""retreat_available"": ""both""}, ""A"": {""head"": ""outside incoming punch"", ""weight"": ""variant dependent: support/load must be checked"", ""guard"": ""attacking arm displaced; other hand protection conditional"", ""phase"": ""extension"", ""arm"": ""lead/variant extended"", ""rotation"": ""punch-specific rotation; magnitude variable"", ""balance"": ""stable only after placement; transient step risk"", ""free_hand"": ""both"", ""foot"": ""neutral"", ""bearing"": ""facing opponent""}, ""B"": {""head"": ""center line / small adjustment"", ""weight"": ""neutral / variant dependent"", ""guard"": ""attacking arm displaced; other hand protection conditional"", ""phase"": ""recovery"", ""arm"": ""lead/variant extended"", ""rotation"": ""none"", ""balance"": ""stable"", ""free_hand"": ""both"", ""foot"": ""neutral"", ""bearing"": ""facing opponent""}, ""belief"": {""A"": ""cue observed; response not deterministic"", ""B"": ""cue observed; response not deterministic""}, ""target"": ""head / combination variable"", ""phase_window"": ""새 측면 표적과 사거리""}","{""distance"": ""mid"", ""stance"": ""OO"", ""foot_position"": ""neutral"", ""angle"": ""head off punching line; body angle not automatic"", ""ring_position"": ""center"", ""space"": {""A"": ""center"", ""B"": ""center"", ""retreat_available"": ""both""}, ""A"": {""head"": ""outside incoming punch"", ""weight"": ""variant dependent: support/load must be checked"", ""guard"": ""attacking arm displaced; other hand protection conditional"", ""phase"": ""recovery"", ""arm"": ""lead/variant extended"", ""rotation"": ""punch-specific rotation; magnitude variable"", ""balance"": ""stable only after placement; transient step risk"", ""free_hand"": ""both"", ""foot"": ""neutral"", ""bearing"": ""facing opponent""}, ""B"": {""head"": ""center line / small adjustment"", ""weight"": ""neutral / variant dependent"", ""guard"": ""high guard; body cover elbow-dependent"", ""phase"": ""impact/cover"", ""arm"": ""home"", ""rotation"": ""none"", ""balance"": ""stable"", ""free_hand"": ""both"", ""foot"": ""neutral"", ""bearing"": ""facing opponent""}, ""belief"": {""A"": ""cue observed; response not deterministic"", ""B"": ""cue observed; response not deterministic""}, ""target"": ""head / combination variable"", ""phase_window"": ""측면 가드 압축""}",측면·직선 타격 면적을 일부 가림,시야·보디·기동성 제한; 충격 전달 가능,"[""N21_S14""]",글러브·팔을 머리 주변에 압축,측면 가드 압축,"[""S01"", ""S02""]",biomechanical inference
N21_S14,B: Exit angle · 각도 탈출,EXIT,POSITION,B,N21,"{""distance"": ""mid"", ""stance"": ""OO"", ""foot_position"": ""neutral"", ""angle"": ""head off punching line; body angle not automatic"", ""ring_position"": ""center"", ""space"": {""A"": ""center"", ""B"": ""center"", ""retreat_available"": ""both""}, ""A"": {""head"": ""outside incoming punch"", ""weight"": ""variant dependent: support/load must be checked"", ""guard"": ""attacking arm displaced; other hand protection conditional"", ""phase"": ""recovery"", ""arm"": ""lead/variant extended"", ""rotation"": ""punch-specific rotation; magnitude variable"", ""balance"": ""stable only after placement; transient step risk"", ""free_hand"": ""both"", ""foot"": ""neutral"", ""bearing"": ""facing opponent""}, ""B"": {""head"": ""center line / small adjustment"", ""weight"": ""neutral / variant dependent"", ""guard"": ""high guard; body cover elbow-dependent"", ""phase"": ""impact/cover"", ""arm"": ""home"", ""rotation"": ""none"", ""balance"": ""stable"", ""free_hand"": ""both"", ""foot"": ""neutral"", ""bearing"": ""facing opponent""}, ""belief"": {""A"": ""cue observed; response not deterministic"", ""B"": ""cue observed; response not deterministic""}, ""target"": ""head / combination variable"", ""phase_window"": ""측면 가드 압축""}","{""distance"": ""mid"", ""stance"": ""OO"", ""foot_position"": ""angle candidate"", ""angle"": ""off-line candidate; opponent may reorient"", ""ring_position"": ""center"", ""space"": {""A"": ""center"", ""B"": ""center"", ""retreat_available"": ""both""}, ""A"": {""head"": ""outside incoming punch"", ""weight"": ""variant dependent: support/load must be checked"", ""guard"": ""attacking arm displaced; other hand protection conditional"", ""phase"": ""recovery"", ""arm"": ""lead/variant extended"", ""rotation"": ""punch-specific rotation; magnitude variable"", ""balance"": ""stable only after placement; transient step risk"", ""free_hand"": ""both"", ""foot"": ""neutral"", ""bearing"": ""facing opponent""}, ""B"": {""head"": ""center line / small adjustment"", ""weight"": ""neutral / variant dependent"", ""guard"": ""high guard; body cover elbow-dependent"", ""phase"": ""footwork"", ""arm"": ""home"", ""rotation"": ""none"", ""balance"": ""stable only after placement; transient step risk"", ""free_hand"": ""both"", ""foot"": ""neutral"", ""bearing"": ""reoriented toward opponent; conditional completion""}, ""belief"": {""A"": ""cue observed; response not deterministic"", ""B"": ""cue observed; response not deterministic""}, ""target"": ""head / combination variable"", ""phase_window"": ""옆 출구 확보""}",콤비네이션 직선 추격에서 벗어남,상대 훅·링 커팅·뒤돌기 금지,"[""N21_S15""]",방어·짧은 타격 뒤 옆 이동과 재지향,옆 출구 확보,"[""S06""]",biomechanical inference
N21_S15,A: Reset · 재정렬,RESET,POSITION,A,N21,"{""distance"": ""mid"", ""stance"": ""OO"", ""foot_position"": ""angle candidate"", ""angle"": ""off-line candidate; opponent may reorient"", ""ring_position"": ""center"", ""space"": {""A"": ""center"", ""B"": ""center"", ""retreat_available"": ""both""}, ""A"": {""head"": ""outside incoming punch"", ""weight"": ""variant dependent: support/load must be checked"", ""guard"": ""attacking arm displaced; other hand protection conditional"", ""phase"": ""recovery"", ""arm"": ""lead/variant extended"", ""rotation"": ""punch-specific rotation; magnitude variable"", ""balance"": ""stable only after placement; transient step risk"", ""free_hand"": ""both"", ""foot"": ""neutral"", ""bearing"": ""facing opponent""}, ""B"": {""head"": ""center line / small adjustment"", ""weight"": ""neutral / variant dependent"", ""guard"": ""high guard; body cover elbow-dependent"", ""phase"": ""footwork"", ""arm"": ""home"", ""rotation"": ""none"", ""balance"": ""stable only after placement; transient step risk"", ""free_hand"": ""both"", ""foot"": ""neutral"", ""bearing"": ""reoriented toward opponent; conditional completion""}, ""belief"": {""A"": ""cue observed; response not deterministic"", ""B"": ""cue observed; response not deterministic""}, ""target"": ""head / combination variable"", ""phase_window"": ""옆 출구 확보""}","{""distance"": ""mid"", ""stance"": ""OO"", ""foot_position"": ""neutral"", ""angle"": ""centerline aligned"", ""ring_position"": ""center"", ""space"": {""A"": ""center"", ""B"": ""center"", ""retreat_available"": ""both""}, ""A"": {""head"": ""center line / guarded"", ""weight"": ""neutral / ready"", ""guard"": ""normal"", ""phase"": ""neutral"", ""arm"": ""home"", ""rotation"": ""none"", ""balance"": ""stable"", ""free_hand"": ""both"", ""foot"": ""neutral"", ""bearing"": ""facing opponent""}, ""B"": {""head"": ""center line / guarded"", ""weight"": ""neutral / ready"", ""guard"": ""normal"", ""phase"": ""neutral"", ""arm"": ""home"", ""rotation"": ""none"", ""balance"": ""stable"", ""free_hand"": ""both"", ""foot"": ""neutral"", ""bearing"": ""facing opponent""}, ""belief"": {""A"": ""cue observed; response not deterministic"", ""B"": ""cue observed; response not deterministic""}, ""target"": ""none"", ""phase_window"": ""서로 재정렬""}",새 교환 준비,시간 비용; 상대가 계속 치면 완료 불가,"[""N21_S0""]",손·발·시선·상대 bearing을 다시 맞춤,서로 재정렬,"[""S06""]",biomechanical inference
N22_S0,시작 상태,,STATE,,N22,"{""distance"": ""long"", ""stance"": ""OO"", ""foot_position"": ""neutral"", ""angle"": ""centerline aligned"", ""ring_position"": ""center"", ""space"": {""A"": ""center"", ""B"": ""center"", ""retreat_available"": ""both""}, ""A"": {""head"": ""center line"", ""weight"": ""neutral / variant dependent"", ""guard"": ""normal"", ""phase"": ""neutral"", ""arm"": ""home"", ""rotation"": ""none"", ""balance"": ""stable"", ""free_hand"": ""both"", ""foot"": ""neutral"", ""bearing"": ""facing opponent""}, ""B"": {""head"": ""center line"", ""weight"": ""neutral / variant dependent"", ""guard"": ""normal"", ""phase"": ""neutral"", ""arm"": ""home"", ""rotation"": ""none"", ""balance"": ""stable"", ""free_hand"": ""both"", ""foot"": ""neutral"", ""bearing"": ""facing opponent""}, ""belief"": {""A"": ""unknown"", ""B"": ""unknown""}, ""target"": ""none"", ""phase_window"": ""neutral""}","{""distance"": ""long"", ""stance"": ""OO"", ""foot_position"": ""neutral"", ""angle"": ""centerline aligned"", ""ring_position"": ""center"", ""space"": {""A"": ""center"", ""B"": ""center"", ""retreat_available"": ""both""}, ""A"": {""head"": ""center line"", ""weight"": ""neutral / variant dependent"", ""guard"": ""normal"", ""phase"": ""neutral"", ""arm"": ""home"", ""rotation"": ""none"", ""balance"": ""stable"", ""free_hand"": ""both"", ""foot"": ""neutral"", ""bearing"": ""facing opponent""}, ""B"": {""head"": ""center line"", ""weight"": ""neutral / variant dependent"", ""guard"": ""normal"", ""phase"": ""neutral"", ""arm"": ""home"", ""rotation"": ""none"", ""balance"": ""stable"", ""free_hand"": ""both"", ""foot"": ""neutral"", ""bearing"": ""facing opponent""}, ""belief"": {""A"": ""unknown"", ""B"": ""unknown""}, ""target"": ""none"", ""phase_window"": ""neutral""}",교환의 전제 확인,중립도 선제 위협에 노출,"[""N22_S1"", ""N22_S13"", ""N01_S0"", ""N04_S0"", ""N05_S0"", ""N07_S0"", ""N16_S0"", ""N19_S0"", ""N25_S0""]",,,,
N22_S1,A: Probe · 탐색 잽,PROBE,MANIPULATION,A,N22,"{""distance"": ""long"", ""stance"": ""OO"", ""foot_position"": ""neutral"", ""angle"": ""centerline aligned"", ""ring_position"": ""center"", ""space"": {""A"": ""center"", ""B"": ""center"", ""retreat_available"": ""both""}, ""A"": {""head"": ""center line"", ""weight"": ""neutral / variant dependent"", ""guard"": ""normal"", ""phase"": ""neutral"", ""arm"": ""home"", ""rotation"": ""none"", ""balance"": ""stable"", ""free_hand"": ""both"", ""foot"": ""neutral"", ""bearing"": ""facing opponent""}, ""B"": {""head"": ""center line"", ""weight"": ""neutral / variant dependent"", ""guard"": ""normal"", ""phase"": ""neutral"", ""arm"": ""home"", ""rotation"": ""none"", ""balance"": ""stable"", ""free_hand"": ""both"", ""foot"": ""neutral"", ""bearing"": ""facing opponent""}, ""belief"": {""A"": ""unknown"", ""B"": ""unknown""}, ""target"": ""none"", ""phase_window"": ""neutral""}","{""distance"": ""long"", ""stance"": ""OO"", ""foot_position"": ""neutral"", ""angle"": ""centerline aligned"", ""ring_position"": ""center"", ""space"": {""A"": ""center"", ""B"": ""center"", ""retreat_available"": ""both""}, ""A"": {""head"": ""center line"", ""weight"": ""neutral / variant dependent"", ""guard"": ""normal"", ""phase"": ""observing / preparation"", ""arm"": ""home"", ""rotation"": ""none"", ""balance"": ""stable"", ""free_hand"": ""both"", ""foot"": ""neutral"", ""bearing"": ""facing opponent""}, ""B"": {""head"": ""center line"", ""weight"": ""neutral / variant dependent"", ""guard"": ""normal"", ""phase"": ""neutral"", ""arm"": ""home"", ""rotation"": ""none"", ""balance"": ""stable"", ""free_hand"": ""both"", ""foot"": ""neutral"", ""bearing"": ""facing opponent""}, ""belief"": {""A"": ""unknown"", ""B"": ""cue observed; response not deterministic""}, ""target"": ""none"", ""phase_window"": ""앞손으로 B 방어 박자 기록""}",사거리·반응 패턴에 정보 획득,습관 노출·강한 카운터; 반드시 안전하지 않음,"[""N22_S2""]",짧은 잽·거리 시도로 반응을 관찰,앞손으로 B 방어 박자 기록,"[""S06"", ""S22""]",biomechanical inference
N22_S2,B: Small parry · 작은 패리,PARRY,DEFENSE,B,N22,"{""distance"": ""long"", ""stance"": ""OO"", ""foot_position"": ""neutral"", ""angle"": ""centerline aligned"", ""ring_position"": ""center"", ""space"": {""A"": ""center"", ""B"": ""center"", ""retreat_available"": ""both""}, ""A"": {""head"": ""center line"", ""weight"": ""neutral / variant dependent"", ""guard"": ""normal"", ""phase"": ""observing / preparation"", ""arm"": ""home"", ""rotation"": ""none"", ""balance"": ""stable"", ""free_hand"": ""both"", ""foot"": ""neutral"", ""bearing"": ""facing opponent""}, ""B"": {""head"": ""center line"", ""weight"": ""neutral / variant dependent"", ""guard"": ""normal"", ""phase"": ""neutral"", ""arm"": ""home"", ""rotation"": ""none"", ""balance"": ""stable"", ""free_hand"": ""both"", ""foot"": ""neutral"", ""bearing"": ""facing opponent""}, ""belief"": {""A"": ""unknown"", ""B"": ""cue observed; response not deterministic""}, ""target"": ""none"", ""phase_window"": ""앞손으로 B 방어 박자 기록""}","{""distance"": ""long"", ""stance"": ""OO"", ""foot_position"": ""neutral"", ""angle"": ""centerline aligned"", ""ring_position"": ""center"", ""space"": {""A"": ""center"", ""B"": ""center"", ""retreat_available"": ""both""}, ""A"": {""head"": ""center line"", ""weight"": ""neutral / variant dependent"", ""guard"": ""normal"", ""phase"": ""observing / preparation"", ""arm"": ""home"", ""rotation"": ""none"", ""balance"": ""stable"", ""free_hand"": ""both"", ""foot"": ""neutral"", ""bearing"": ""facing opponent""}, ""B"": {""head"": ""center line"", ""weight"": ""neutral / variant dependent"", ""guard"": ""small parry displacement"", ""phase"": ""impact/deflection"", ""arm"": ""parrying hand displaced"", ""rotation"": ""none"", ""balance"": ""stable"", ""free_hand"": ""other hand"", ""foot"": ""neutral"", ""bearing"": ""facing opponent""}, ""belief"": {""A"": ""unknown"", ""B"": ""cue observed; response not deterministic""}, ""target"": ""none"", ""phase_window"": ""일정 박자 작은 패리""}",거리 유지·상대 공격선 이동,반복 타이밍과 복귀를 읽힐 수 있음; 자동 빈틈 아님,"[""N22_S3""]",글러브로 직선을 최소 이동만큼 비킴,일정 박자 작은 패리,"[""S01"", ""S02"", ""S11"", ""S16""]",biomechanical inference
N22_S3,A: Rhythm change · 박자 변화,RHYTHM,MANIPULATION,A,N22,"{""distance"": ""long"", ""stance"": ""OO"", ""foot_position"": ""neutral"", ""angle"": ""centerline aligned"", ""ring_position"": ""center"", ""space"": {""A"": ""center"", ""B"": ""center"", ""retreat_available"": ""both""}, ""A"": {""head"": ""center line"", ""weight"": ""neutral / variant dependent"", ""guard"": ""normal"", ""phase"": ""observing / preparation"", ""arm"": ""home"", ""rotation"": ""none"", ""balance"": ""stable"", ""free_hand"": ""both"", ""foot"": ""neutral"", ""bearing"": ""facing opponent""}, ""B"": {""head"": ""center line"", ""weight"": ""neutral / variant dependent"", ""guard"": ""small parry displacement"", ""phase"": ""impact/deflection"", ""arm"": ""parrying hand displaced"", ""rotation"": ""none"", ""balance"": ""stable"", ""free_hand"": ""other hand"", ""foot"": ""neutral"", ""bearing"": ""facing opponent""}, ""belief"": {""A"": ""unknown"", ""B"": ""cue observed; response not deterministic""}, ""target"": ""none"", ""phase_window"": ""일정 박자 작은 패리""}","{""distance"": ""long"", ""stance"": ""OO"", ""foot_position"": ""neutral"", ""angle"": ""centerline aligned"", ""ring_position"": ""center"", ""space"": {""A"": ""center"", ""B"": ""center"", ""retreat_available"": ""both""}, ""A"": {""head"": ""center line"", ""weight"": ""neutral / variant dependent"", ""guard"": ""normal"", ""phase"": ""observing / preparation"", ""arm"": ""home"", ""rotation"": ""none"", ""balance"": ""stable"", ""free_hand"": ""both"", ""foot"": ""neutral"", ""bearing"": ""facing opponent""}, ""B"": {""head"": ""center line"", ""weight"": ""neutral / variant dependent"", ""guard"": ""small parry displacement"", ""phase"": ""impact/deflection"", ""arm"": ""parrying hand displaced"", ""rotation"": ""none"", ""balance"": ""stable"", ""free_hand"": ""other hand"", ""foot"": ""neutral"", ""bearing"": ""facing opponent""}, ""belief"": {""A"": ""unknown"", ""B"": ""cue observed; response not deterministic""}, ""target"": ""none"", ""phase_window"": ""가드 복구 후 다음 공격을 한 박자 지연""}",예측 방어 창의 재설정,멈춘 박자에 선제 공격 허용,"[""N22_S4""]",동일 간격을 깨고 지연·빠른 연속을 섞음,가드 복구 후 다음 공격을 한 박자 지연,"[""S06"", ""S05""]",biomechanical inference
N22_S4,B: Premature / wide parry · 조기·큰 패리,WIDE,DEFENSE,B,N22,"{""distance"": ""long"", ""stance"": ""OO"", ""foot_position"": ""neutral"", ""angle"": ""centerline aligned"", ""ring_position"": ""center"", ""space"": {""A"": ""center"", ""B"": ""center"", ""retreat_available"": ""both""}, ""A"": {""head"": ""center line"", ""weight"": ""neutral / variant dependent"", ""guard"": ""normal"", ""phase"": ""observing / preparation"", ""arm"": ""home"", ""rotation"": ""none"", ""balance"": ""stable"", ""free_hand"": ""both"", ""foot"": ""neutral"", ""bearing"": ""facing opponent""}, ""B"": {""head"": ""center line"", ""weight"": ""neutral / variant dependent"", ""guard"": ""small parry displacement"", ""phase"": ""impact/deflection"", ""arm"": ""parrying hand displaced"", ""rotation"": ""none"", ""balance"": ""stable"", ""free_hand"": ""other hand"", ""foot"": ""neutral"", ""bearing"": ""facing opponent""}, ""belief"": {""A"": ""unknown"", ""B"": ""cue observed; response not deterministic""}, ""target"": ""none"", ""phase_window"": ""가드 복구 후 다음 공격을 한 박자 지연""}","{""distance"": ""long"", ""stance"": ""OO"", ""foot_position"": ""neutral"", ""angle"": ""centerline aligned"", ""ring_position"": ""center"", ""space"": {""A"": ""center"", ""B"": ""center"", ""retreat_available"": ""both""}, ""A"": {""head"": ""center line"", ""weight"": ""neutral / variant dependent"", ""guard"": ""normal"", ""phase"": ""observing / preparation"", ""arm"": ""home"", ""rotation"": ""none"", ""balance"": ""stable"", ""free_hand"": ""both"", ""foot"": ""neutral"", ""bearing"": ""facing opponent""}, ""B"": {""head"": ""center line"", ""weight"": ""neutral / variant dependent"", ""guard"": ""parry-displaced / opening conditional"", ""phase"": ""impact/deflection"", ""arm"": ""parrying hand displaced"", ""rotation"": ""none"", ""balance"": ""stable"", ""free_hand"": ""other hand"", ""foot"": ""neutral"", ""bearing"": ""facing opponent""}, ""belief"": {""A"": ""unknown"", ""B"": ""cue observed; response not deterministic""}, ""target"": ""none"", ""phase_window"": ""B가 옛 박자에 조기 패리""}",예측이 맞으면 미리 공격 통로 변화,손 측면·중앙 공백; 페인트 비용,"[""N22_S5""]",실제 펀치 전 또는 필요 이상 손을 이동,B가 옛 박자에 조기 패리,"[""S02""]",biomechanical inference
N22_S5,A: Rear straight / cross · 뒷손 직선,CROSS,OFFENSE,A,N22,"{""distance"": ""long"", ""stance"": ""OO"", ""foot_position"": ""neutral"", ""angle"": ""centerline aligned"", ""ring_position"": ""center"", ""space"": {""A"": ""center"", ""B"": ""center"", ""retreat_available"": ""both""}, ""A"": {""head"": ""center line"", ""weight"": ""neutral / variant dependent"", ""guard"": ""normal"", ""phase"": ""observing / preparation"", ""arm"": ""home"", ""rotation"": ""none"", ""balance"": ""stable"", ""free_hand"": ""both"", ""foot"": ""neutral"", ""bearing"": ""facing opponent""}, ""B"": {""head"": ""center line"", ""weight"": ""neutral / variant dependent"", ""guard"": ""parry-displaced / opening conditional"", ""phase"": ""impact/deflection"", ""arm"": ""parrying hand displaced"", ""rotation"": ""none"", ""balance"": ""stable"", ""free_hand"": ""other hand"", ""foot"": ""neutral"", ""bearing"": ""facing opponent""}, ""belief"": {""A"": ""unknown"", ""B"": ""cue observed; response not deterministic""}, ""target"": ""none"", ""phase_window"": ""B가 옛 박자에 조기 패리""}","{""distance"": ""long"", ""stance"": ""OO"", ""foot_position"": ""neutral"", ""angle"": ""centerline aligned"", ""ring_position"": ""center"", ""space"": {""A"": ""center"", ""B"": ""center"", ""retreat_available"": ""both""}, ""A"": {""head"": ""center line"", ""weight"": ""neutral / variant dependent"", ""guard"": ""attacking arm displaced; other hand protection conditional"", ""phase"": ""extension"", ""arm"": ""rear extended"", ""rotation"": ""punch-specific rotation; magnitude variable"", ""balance"": ""stable"", ""free_hand"": ""both"", ""foot"": ""neutral"", ""bearing"": ""facing opponent""}, ""B"": {""head"": ""center line"", ""weight"": ""neutral / variant dependent"", ""guard"": ""parry-displaced / opening conditional"", ""phase"": ""impact/deflection"", ""arm"": ""parrying hand displaced"", ""rotation"": ""none"", ""balance"": ""stable"", ""free_hand"": ""other hand"", ""foot"": ""neutral"", ""bearing"": ""facing opponent""}, ""belief"": {""A"": ""unknown"", ""B"": ""cue observed; response not deterministic""}, ""target"": ""head / combination variable"", ""phase_window"": ""B 패리 손 복귀 전 열린 실제 직선 통로""}",상대 복귀·열린 직선 통로 이용,뒷손 가드 이탈과 회전 회수 구간,"[""N22_S6""]",몸통·팔을 협응해 뒷손 직선 후 회수,B 패리 손 복귀 전 열린 실제 직선 통로,"[""S03""]",biomechanical inference
N22_S6,B: Outside slip · 바깥 슬립,SOUT,DEFENSE,B,N22,"{""distance"": ""long"", ""stance"": ""OO"", ""foot_position"": ""neutral"", ""angle"": ""centerline aligned"", ""ring_position"": ""center"", ""space"": {""A"": ""center"", ""B"": ""center"", ""retreat_available"": ""both""}, ""A"": {""head"": ""center line"", ""weight"": ""neutral / variant dependent"", ""guard"": ""attacking arm displaced; other hand protection conditional"", ""phase"": ""extension"", ""arm"": ""rear extended"", ""rotation"": ""punch-specific rotation; magnitude variable"", ""balance"": ""stable"", ""free_hand"": ""both"", ""foot"": ""neutral"", ""bearing"": ""facing opponent""}, ""B"": {""head"": ""center line"", ""weight"": ""neutral / variant dependent"", ""guard"": ""parry-displaced / opening conditional"", ""phase"": ""impact/deflection"", ""arm"": ""parrying hand displaced"", ""rotation"": ""none"", ""balance"": ""stable"", ""free_hand"": ""other hand"", ""foot"": ""neutral"", ""bearing"": ""facing opponent""}, ""belief"": {""A"": ""unknown"", ""B"": ""cue observed; response not deterministic""}, ""target"": ""head / combination variable"", ""phase_window"": ""B 패리 손 복귀 전 열린 실제 직선 통로""}","{""distance"": ""long"", ""stance"": ""OO"", ""foot_position"": ""neutral"", ""angle"": ""head off punching line; body angle not automatic"", ""ring_position"": ""center"", ""space"": {""A"": ""center"", ""B"": ""center"", ""retreat_available"": ""both""}, ""A"": {""head"": ""center line"", ""weight"": ""neutral / variant dependent"", ""guard"": ""attacking arm displaced; other hand protection conditional"", ""phase"": ""recovery"", ""arm"": ""rear extended"", ""rotation"": ""punch-specific rotation; magnitude variable"", ""balance"": ""stable"", ""free_hand"": ""both"", ""foot"": ""neutral"", ""bearing"": ""facing opponent""}, ""B"": {""head"": ""outside incoming punch"", ""weight"": ""variant dependent: support/load must be checked"", ""guard"": ""parry-displaced / opening conditional"", ""phase"": ""evasion"", ""arm"": ""home"", ""rotation"": ""none"", ""balance"": ""stable"", ""free_hand"": ""other hand"", ""foot"": ""neutral"", ""bearing"": ""facing opponent""}, ""belief"": {""A"": ""unknown"", ""B"": ""cue observed; response not deterministic""}, ""target"": ""head / combination variable"", ""phase_window"": ""새 궤도를 보고 팔 바깥 머리 이동""}",해당 직선 공격선을 벗어남,다음 펀치 재조준·훅·균형 손실,"[""N22_S7""]",들어오는 특정 펀치의 팔 바깥으로 머리 이동,새 궤도를 보고 팔 바깥 머리 이동,"[""S02"", ""S07""]",biomechanical inference
N22_S7,B: Delayed counter · 지연 카운터,DELAY,COUNTER,B,N22,"{""distance"": ""long"", ""stance"": ""OO"", ""foot_position"": ""neutral"", ""angle"": ""head off punching line; body angle not automatic"", ""ring_position"": ""center"", ""space"": {""A"": ""center"", ""B"": ""center"", ""retreat_available"": ""both""}, ""A"": {""head"": ""center line"", ""weight"": ""neutral / variant dependent"", ""guard"": ""attacking arm displaced; other hand protection conditional"", ""phase"": ""recovery"", ""arm"": ""rear extended"", ""rotation"": ""punch-specific rotation; magnitude variable"", ""balance"": ""stable"", ""free_hand"": ""both"", ""foot"": ""neutral"", ""bearing"": ""facing opponent""}, ""B"": {""head"": ""outside incoming punch"", ""weight"": ""variant dependent: support/load must be checked"", ""guard"": ""parry-displaced / opening conditional"", ""phase"": ""evasion"", ""arm"": ""home"", ""rotation"": ""none"", ""balance"": ""stable"", ""free_hand"": ""other hand"", ""foot"": ""neutral"", ""bearing"": ""facing opponent""}, ""belief"": {""A"": ""unknown"", ""B"": ""cue observed; response not deterministic""}, ""target"": ""head / combination variable"", ""phase_window"": ""새 궤도를 보고 팔 바깥 머리 이동""}","{""distance"": ""long"", ""stance"": ""OO"", ""foot_position"": ""neutral"", ""angle"": ""head off punching line; body angle not automatic"", ""ring_position"": ""center"", ""space"": {""A"": ""center"", ""B"": ""center"", ""retreat_available"": ""both""}, ""A"": {""head"": ""center line"", ""weight"": ""neutral / variant dependent"", ""guard"": ""attacking arm displaced; other hand protection conditional"", ""phase"": ""recovery"", ""arm"": ""rear extended"", ""rotation"": ""punch-specific rotation; magnitude variable"", ""balance"": ""stable"", ""free_hand"": ""both"", ""foot"": ""neutral"", ""bearing"": ""facing opponent""}, ""B"": {""head"": ""outside incoming punch"", ""weight"": ""variant dependent: support/load must be checked"", ""guard"": ""parry-displaced / opening conditional"", ""phase"": ""observing / preparation"", ""arm"": ""home"", ""rotation"": ""none"", ""balance"": ""stable"", ""free_hand"": ""other hand"", ""foot"": ""neutral"", ""bearing"": ""facing opponent""}, ""belief"": {""A"": ""cue observed; response not deterministic"", ""B"": ""cue observed; response not deterministic""}, ""target"": ""head / combination variable"", ""phase_window"": ""A 다음 훅을 경계해 반격 한 박자 보류""}",즉시 반격을 기다리는 함정 회피,기다림 중 콤비네이션·퇴로 상실,"[""N22_S8""]",첫 반응 뒤 한 박자 기다리고 다음 복귀를 공격,A 다음 훅을 경계해 반격 한 박자 보류,"[""S06""]",biomechanical inference
N22_S8,A: Lead hook · 앞손 훅,LH,OFFENSE,A,N22,"{""distance"": ""long"", ""stance"": ""OO"", ""foot_position"": ""neutral"", ""angle"": ""head off punching line; body angle not automatic"", ""ring_position"": ""center"", ""space"": {""A"": ""center"", ""B"": ""center"", ""retreat_available"": ""both""}, ""A"": {""head"": ""center line"", ""weight"": ""neutral / variant dependent"", ""guard"": ""attacking arm displaced; other hand protection conditional"", ""phase"": ""recovery"", ""arm"": ""rear extended"", ""rotation"": ""punch-specific rotation; magnitude variable"", ""balance"": ""stable"", ""free_hand"": ""both"", ""foot"": ""neutral"", ""bearing"": ""facing opponent""}, ""B"": {""head"": ""outside incoming punch"", ""weight"": ""variant dependent: support/load must be checked"", ""guard"": ""parry-displaced / opening conditional"", ""phase"": ""observing / preparation"", ""arm"": ""home"", ""rotation"": ""none"", ""balance"": ""stable"", ""free_hand"": ""other hand"", ""foot"": ""neutral"", ""bearing"": ""facing opponent""}, ""belief"": {""A"": ""cue observed; response not deterministic"", ""B"": ""cue observed; response not deterministic""}, ""target"": ""head / combination variable"", ""phase_window"": ""A 다음 훅을 경계해 반격 한 박자 보류""}","{""distance"": ""mid"", ""stance"": ""OO"", ""foot_position"": ""neutral"", ""angle"": ""head off punching line; body angle not automatic"", ""ring_position"": ""center"", ""space"": {""A"": ""center"", ""B"": ""center"", ""retreat_available"": ""both""}, ""A"": {""head"": ""center line"", ""weight"": ""neutral / variant dependent"", ""guard"": ""attacking arm displaced; other hand protection conditional"", ""phase"": ""extension"", ""arm"": ""lead/variant extended"", ""rotation"": ""punch-specific rotation; magnitude variable"", ""balance"": ""stable"", ""free_hand"": ""both"", ""foot"": ""neutral"", ""bearing"": ""facing opponent""}, ""B"": {""head"": ""outside incoming punch"", ""weight"": ""variant dependent: support/load must be checked"", ""guard"": ""parry-displaced / opening conditional"", ""phase"": ""observing / preparation"", ""arm"": ""home"", ""rotation"": ""none"", ""balance"": ""stable"", ""free_hand"": ""other hand"", ""foot"": ""neutral"", ""bearing"": ""facing opponent""}, ""belief"": {""A"": ""cue observed; response not deterministic"", ""B"": ""cue observed; response not deterministic""}, ""target"": ""head / combination variable"", ""phase_window"": ""B가 훅 사거리 안에 머물고 A 균형""}",직선 밖 이동한 표적·측면 가드 공략,넓게 돌면 직선 인터셉트와 반대 훅에 노출,"[""N22_S9""]",앞손 곡선으로 옆 표적을 향하고 짧게 회수,B가 훅 사거리 안에 머물고 A 균형,"[""S03""]",biomechanical inference
N22_S9,B: Weave / roll · 위빙·롤,ROLL,DEFENSE,B,N22,"{""distance"": ""mid"", ""stance"": ""OO"", ""foot_position"": ""neutral"", ""angle"": ""head off punching line; body angle not automatic"", ""ring_position"": ""center"", ""space"": {""A"": ""center"", ""B"": ""center"", ""retreat_available"": ""both""}, ""A"": {""head"": ""center line"", ""weight"": ""neutral / variant dependent"", ""guard"": ""attacking arm displaced; other hand protection conditional"", ""phase"": ""extension"", ""arm"": ""lead/variant extended"", ""rotation"": ""punch-specific rotation; magnitude variable"", ""balance"": ""stable"", ""free_hand"": ""both"", ""foot"": ""neutral"", ""bearing"": ""facing opponent""}, ""B"": {""head"": ""outside incoming punch"", ""weight"": ""variant dependent: support/load must be checked"", ""guard"": ""parry-displaced / opening conditional"", ""phase"": ""observing / preparation"", ""arm"": ""home"", ""rotation"": ""none"", ""balance"": ""stable"", ""free_hand"": ""other hand"", ""foot"": ""neutral"", ""bearing"": ""facing opponent""}, ""belief"": {""A"": ""cue observed; response not deterministic"", ""B"": ""cue observed; response not deterministic""}, ""target"": ""head / combination variable"", ""phase_window"": ""B가 훅 사거리 안에 머물고 A 균형""}","{""distance"": ""mid"", ""stance"": ""OO"", ""foot_position"": ""neutral"", ""angle"": ""head off punching line; body angle not automatic"", ""ring_position"": ""center"", ""space"": {""A"": ""center"", ""B"": ""center"", ""retreat_available"": ""both""}, ""A"": {""head"": ""center line"", ""weight"": ""neutral / variant dependent"", ""guard"": ""attacking arm displaced; other hand protection conditional"", ""phase"": ""recovery"", ""arm"": ""lead/variant extended"", ""rotation"": ""punch-specific rotation; magnitude variable"", ""balance"": ""stable"", ""free_hand"": ""both"", ""foot"": ""neutral"", ""bearing"": ""facing opponent""}, ""B"": {""head"": ""low → lateral path"", ""weight"": ""exit leg dependent"", ""guard"": ""parry-displaced / opening conditional"", ""phase"": ""evasion"", ""arm"": ""home"", ""rotation"": ""roll exit-dependent"", ""balance"": ""stable"", ""free_hand"": ""other hand"", ""foot"": ""neutral"", ""bearing"": ""facing opponent""}, ""belief"": {""A"": ""cue observed; response not deterministic"", ""B"": ""cue observed; response not deterministic""}, ""target"": ""head / combination variable"", ""phase_window"": ""훅 아래 옆 이동""}",높은 훅 아래를 지나 측면으로 나옴,반복 경로·허리 굽힘·다음 낮은 공격,"[""N22_S10""]",무릎·몸통으로 U형 또는 곡선 머리 이동,훅 아래 옆 이동,"[""S01"", ""S08"", ""S09""]",biomechanical inference
N22_S10,B: Counter hook · 카운터 훅,CH,COUNTER,B,N22,"{""distance"": ""mid"", ""stance"": ""OO"", ""foot_position"": ""neutral"", ""angle"": ""head off punching line; body angle not automatic"", ""ring_position"": ""center"", ""space"": {""A"": ""center"", ""B"": ""center"", ""retreat_available"": ""both""}, ""A"": {""head"": ""center line"", ""weight"": ""neutral / variant dependent"", ""guard"": ""attacking arm displaced; other hand protection conditional"", ""phase"": ""recovery"", ""arm"": ""lead/variant extended"", ""rotation"": ""punch-specific rotation; magnitude variable"", ""balance"": ""stable"", ""free_hand"": ""both"", ""foot"": ""neutral"", ""bearing"": ""facing opponent""}, ""B"": {""head"": ""low → lateral path"", ""weight"": ""exit leg dependent"", ""guard"": ""parry-displaced / opening conditional"", ""phase"": ""evasion"", ""arm"": ""home"", ""rotation"": ""roll exit-dependent"", ""balance"": ""stable"", ""free_hand"": ""other hand"", ""foot"": ""neutral"", ""bearing"": ""facing opponent""}, ""belief"": {""A"": ""cue observed; response not deterministic"", ""B"": ""cue observed; response not deterministic""}, ""target"": ""head / combination variable"", ""phase_window"": ""훅 아래 옆 이동""}","{""distance"": ""mid"", ""stance"": ""OO"", ""foot_position"": ""neutral"", ""angle"": ""head off punching line; body angle not automatic"", ""ring_position"": ""center"", ""space"": {""A"": ""center"", ""B"": ""center"", ""retreat_available"": ""both""}, ""A"": {""head"": ""center line"", ""weight"": ""neutral / variant dependent"", ""guard"": ""attacking arm displaced; other hand protection conditional"", ""phase"": ""recovery"", ""arm"": ""lead/variant extended"", ""rotation"": ""punch-specific rotation; magnitude variable"", ""balance"": ""stable"", ""free_hand"": ""both"", ""foot"": ""neutral"", ""bearing"": ""facing opponent""}, ""B"": {""head"": ""low → lateral path"", ""weight"": ""exit leg dependent"", ""guard"": ""attacking arm displaced; other hand protection conditional"", ""phase"": ""extension"", ""arm"": ""lead/variant extended"", ""rotation"": ""punch-specific rotation; magnitude variable"", ""balance"": ""stable"", ""free_hand"": ""other hand"", ""foot"": ""neutral"", ""bearing"": ""facing opponent""}, ""belief"": {""A"": ""cue observed; response not deterministic"", ""B"": ""cue observed; response not deterministic""}, ""target"": ""head / combination variable"", ""phase_window"": ""A 훅 회수 창""}",직선 복귀·측면 노출 활용,"짧은 사거리, 반대 손 카운터","[""N22_S11""]",방어로 생긴 측면 표적을 짧게 공격,A 훅 회수 창,"[""S03"", ""S16""]",biomechanical inference
N22_S11,A: Exit angle · 각도 탈출,EXIT,POSITION,A,N22,"{""distance"": ""mid"", ""stance"": ""OO"", ""foot_position"": ""neutral"", ""angle"": ""head off punching line; body angle not automatic"", ""ring_position"": ""center"", ""space"": {""A"": ""center"", ""B"": ""center"", ""retreat_available"": ""both""}, ""A"": {""head"": ""center line"", ""weight"": ""neutral / variant dependent"", ""guard"": ""attacking arm displaced; other hand protection conditional"", ""phase"": ""recovery"", ""arm"": ""lead/variant extended"", ""rotation"": ""punch-specific rotation; magnitude variable"", ""balance"": ""stable"", ""free_hand"": ""both"", ""foot"": ""neutral"", ""bearing"": ""facing opponent""}, ""B"": {""head"": ""low → lateral path"", ""weight"": ""exit leg dependent"", ""guard"": ""attacking arm displaced; other hand protection conditional"", ""phase"": ""extension"", ""arm"": ""lead/variant extended"", ""rotation"": ""punch-specific rotation; magnitude variable"", ""balance"": ""stable"", ""free_hand"": ""other hand"", ""foot"": ""neutral"", ""bearing"": ""facing opponent""}, ""belief"": {""A"": ""cue observed; response not deterministic"", ""B"": ""cue observed; response not deterministic""}, ""target"": ""head / combination variable"", ""phase_window"": ""A 훅 회수 창""}","{""distance"": ""mid"", ""stance"": ""OO"", ""foot_position"": ""angle candidate"", ""angle"": ""off-line candidate; opponent may reorient"", ""ring_position"": ""center"", ""space"": {""A"": ""center"", ""B"": ""center"", ""retreat_available"": ""both""}, ""A"": {""head"": ""center line"", ""weight"": ""neutral / variant dependent"", ""guard"": ""attacking arm displaced; other hand protection conditional"", ""phase"": ""footwork"", ""arm"": ""home"", ""rotation"": ""punch-specific rotation; magnitude variable"", ""balance"": ""stable only after placement; transient step risk"", ""free_hand"": ""both"", ""foot"": ""neutral"", ""bearing"": ""reoriented toward opponent; conditional completion""}, ""B"": {""head"": ""low → lateral path"", ""weight"": ""exit leg dependent"", ""guard"": ""attacking arm displaced; other hand protection conditional"", ""phase"": ""recovery"", ""arm"": ""lead/variant extended"", ""rotation"": ""punch-specific rotation; magnitude variable"", ""balance"": ""stable"", ""free_hand"": ""other hand"", ""foot"": ""neutral"", ""bearing"": ""facing opponent""}, ""belief"": {""A"": ""cue observed; response not deterministic"", ""B"": ""cue observed; response not deterministic""}, ""target"": ""head / combination variable"", ""phase_window"": ""짧은 가드와 출구""}",콤비네이션 직선 추격에서 벗어남,상대 훅·링 커팅·뒤돌기 금지,"[""N22_S12""]",방어·짧은 타격 뒤 옆 이동과 재지향,짧은 가드와 출구,"[""S06""]",biomechanical inference
N22_S12,B: Reset · 재정렬,RESET,POSITION,B,N22,"{""distance"": ""mid"", ""stance"": ""OO"", ""foot_position"": ""angle candidate"", ""angle"": ""off-line candidate; opponent may reorient"", ""ring_position"": ""center"", ""space"": {""A"": ""center"", ""B"": ""center"", ""retreat_available"": ""both""}, ""A"": {""head"": ""center line"", ""weight"": ""neutral / variant dependent"", ""guard"": ""attacking arm displaced; other hand protection conditional"", ""phase"": ""footwork"", ""arm"": ""home"", ""rotation"": ""punch-specific rotation; magnitude variable"", ""balance"": ""stable only after placement; transient step risk"", ""free_hand"": ""both"", ""foot"": ""neutral"", ""bearing"": ""reoriented toward opponent; conditional completion""}, ""B"": {""head"": ""low → lateral path"", ""weight"": ""exit leg dependent"", ""guard"": ""attacking arm displaced; other hand protection conditional"", ""phase"": ""recovery"", ""arm"": ""lead/variant extended"", ""rotation"": ""punch-specific rotation; magnitude variable"", ""balance"": ""stable"", ""free_hand"": ""other hand"", ""foot"": ""neutral"", ""bearing"": ""facing opponent""}, ""belief"": {""A"": ""cue observed; response not deterministic"", ""B"": ""cue observed; response not deterministic""}, ""target"": ""head / combination variable"", ""phase_window"": ""짧은 가드와 출구""}","{""distance"": ""mid"", ""stance"": ""OO"", ""foot_position"": ""neutral"", ""angle"": ""centerline aligned"", ""ring_position"": ""center"", ""space"": {""A"": ""center"", ""B"": ""center"", ""retreat_available"": ""both""}, ""A"": {""head"": ""center line / guarded"", ""weight"": ""neutral / ready"", ""guard"": ""normal"", ""phase"": ""neutral"", ""arm"": ""home"", ""rotation"": ""none"", ""balance"": ""stable"", ""free_hand"": ""both"", ""foot"": ""neutral"", ""bearing"": ""facing opponent""}, ""B"": {""head"": ""center line / guarded"", ""weight"": ""neutral / ready"", ""guard"": ""normal"", ""phase"": ""neutral"", ""arm"": ""home"", ""rotation"": ""none"", ""balance"": ""stable"", ""free_hand"": ""both"", ""foot"": ""neutral"", ""bearing"": ""facing opponent""}, ""belief"": {""A"": ""cue observed; response not deterministic"", ""B"": ""cue observed; response not deterministic""}, ""target"": ""none"", ""phase_window"": ""재지향""}",새 교환 준비,시간 비용; 상대가 계속 치면 완료 불가,"[""N22_S0""]",손·발·시선·상대 bearing을 다시 맞춤,재지향,"[""S06""]",biomechanical inference
N22_S13,A: Tempo change · 템포 변화,TEMPO,MANIPULATION,A,N22,"{""distance"": ""long"", ""stance"": ""OO"", ""foot_position"": ""neutral"", ""angle"": ""centerline aligned"", ""ring_position"": ""center"", ""space"": {""A"": ""center"", ""B"": ""center"", ""retreat_available"": ""both""}, ""A"": {""head"": ""center line"", ""weight"": ""neutral / variant dependent"", ""guard"": ""normal"", ""phase"": ""neutral"", ""arm"": ""home"", ""rotation"": ""none"", ""balance"": ""stable"", ""free_hand"": ""both"", ""foot"": ""neutral"", ""bearing"": ""facing opponent""}, ""B"": {""head"": ""center line"", ""weight"": ""neutral / variant dependent"", ""guard"": ""normal"", ""phase"": ""neutral"", ""arm"": ""home"", ""rotation"": ""none"", ""balance"": ""stable"", ""free_hand"": ""both"", ""foot"": ""neutral"", ""bearing"": ""facing opponent""}, ""belief"": {""A"": ""unknown"", ""B"": ""unknown""}, ""target"": ""none"", ""phase_window"": ""neutral""}","{""distance"": ""long"", ""stance"": ""OO"", ""foot_position"": ""neutral"", ""angle"": ""centerline aligned"", ""ring_position"": ""center"", ""space"": {""A"": ""center"", ""B"": ""center"", ""retreat_available"": ""both""}, ""A"": {""head"": ""center line"", ""weight"": ""neutral / variant dependent"", ""guard"": ""normal"", ""phase"": ""observing / preparation"", ""arm"": ""home"", ""rotation"": ""none"", ""balance"": ""stable"", ""free_hand"": ""both"", ""foot"": ""neutral"", ""bearing"": ""facing opponent""}, ""B"": {""head"": ""center line"", ""weight"": ""neutral / variant dependent"", ""guard"": ""normal"", ""phase"": ""neutral"", ""arm"": ""home"", ""rotation"": ""none"", ""balance"": ""stable"", ""free_hand"": ""both"", ""foot"": ""neutral"", ""bearing"": ""facing opponent""}, ""belief"": {""A"": ""unknown"", ""B"": ""cue observed; response not deterministic""}, ""target"": ""none"", ""phase_window"": ""공격 빈도를 높이되 가드 회복 가능한 구간""}",선택 시간과 회복 시간 압박,피로·정확도·가드 회복 비용,"[""N22_S14""]",교환 빈도·이동 속도를 일정 구간 변경,공격 빈도를 높이되 가드 회복 가능한 구간,"[""S06"", ""S15""]",biomechanical inference
N22_S14,A: Combination continuation · 콤비네이션 지속,COMBO,OFFENSE,A,N22,"{""distance"": ""long"", ""stance"": ""OO"", ""foot_position"": ""neutral"", ""angle"": ""centerline aligned"", ""ring_position"": ""center"", ""space"": {""A"": ""center"", ""B"": ""center"", ""retreat_available"": ""both""}, ""A"": {""head"": ""center line"", ""weight"": ""neutral / variant dependent"", ""guard"": ""normal"", ""phase"": ""observing / preparation"", ""arm"": ""home"", ""rotation"": ""none"", ""balance"": ""stable"", ""free_hand"": ""both"", ""foot"": ""neutral"", ""bearing"": ""facing opponent""}, ""B"": {""head"": ""center line"", ""weight"": ""neutral / variant dependent"", ""guard"": ""normal"", ""phase"": ""neutral"", ""arm"": ""home"", ""rotation"": ""none"", ""balance"": ""stable"", ""free_hand"": ""both"", ""foot"": ""neutral"", ""bearing"": ""facing opponent""}, ""belief"": {""A"": ""unknown"", ""B"": ""cue observed; response not deterministic""}, ""target"": ""none"", ""phase_window"": ""공격 빈도를 높이되 가드 회복 가능한 구간""}","{""distance"": ""mid"", ""stance"": ""OO"", ""foot_position"": ""neutral"", ""angle"": ""centerline aligned"", ""ring_position"": ""center"", ""space"": {""A"": ""center"", ""B"": ""center"", ""retreat_available"": ""both""}, ""A"": {""head"": ""center line"", ""weight"": ""neutral / variant dependent"", ""guard"": ""attacking arm displaced; other hand protection conditional"", ""phase"": ""extension"", ""arm"": ""lead/variant extended"", ""rotation"": ""none"", ""balance"": ""stable"", ""free_hand"": ""both"", ""foot"": ""neutral"", ""bearing"": ""facing opponent""}, ""B"": {""head"": ""center line"", ""weight"": ""neutral / variant dependent"", ""guard"": ""normal"", ""phase"": ""neutral"", ""arm"": ""home"", ""rotation"": ""none"", ""balance"": ""stable"", ""free_hand"": ""both"", ""foot"": ""neutral"", ""bearing"": ""facing opponent""}, ""belief"": {""A"": ""unknown"", ""B"": ""cue observed; response not deterministic""}, ""target"": ""head / combination variable"", ""phase_window"": ""짧은 머리–보디 연계""}",한 방어가 다음 방어 준비를 방해할 때 이용,고정 순서로 계속하면 인터셉트·각도 탈출 허용,"[""N22_S15""]",상대 반응을 보며 표적·궤적·박자를 연결,짧은 머리–보디 연계,"[""S06""]",biomechanical inference
N22_S15,B: High guard · 하이 가드,HG,DEFENSE,B,N22,"{""distance"": ""mid"", ""stance"": ""OO"", ""foot_position"": ""neutral"", ""angle"": ""centerline aligned"", ""ring_position"": ""center"", ""space"": {""A"": ""center"", ""B"": ""center"", ""retreat_available"": ""both""}, ""A"": {""head"": ""center line"", ""weight"": ""neutral / variant dependent"", ""guard"": ""attacking arm displaced; other hand protection conditional"", ""phase"": ""extension"", ""arm"": ""lead/variant extended"", ""rotation"": ""none"", ""balance"": ""stable"", ""free_hand"": ""both"", ""foot"": ""neutral"", ""bearing"": ""facing opponent""}, ""B"": {""head"": ""center line"", ""weight"": ""neutral / variant dependent"", ""guard"": ""normal"", ""phase"": ""neutral"", ""arm"": ""home"", ""rotation"": ""none"", ""balance"": ""stable"", ""free_hand"": ""both"", ""foot"": ""neutral"", ""bearing"": ""facing opponent""}, ""belief"": {""A"": ""unknown"", ""B"": ""cue observed; response not deterministic""}, ""target"": ""head / combination variable"", ""phase_window"": ""짧은 머리–보디 연계""}","{""distance"": ""mid"", ""stance"": ""OO"", ""foot_position"": ""neutral"", ""angle"": ""centerline aligned"", ""ring_position"": ""center"", ""space"": {""A"": ""center"", ""B"": ""center"", ""retreat_available"": ""both""}, ""A"": {""head"": ""center line"", ""weight"": ""neutral / variant dependent"", ""guard"": ""attacking arm displaced; other hand protection conditional"", ""phase"": ""recovery"", ""arm"": ""lead/variant extended"", ""rotation"": ""none"", ""balance"": ""stable"", ""free_hand"": ""both"", ""foot"": ""neutral"", ""bearing"": ""facing opponent""}, ""B"": {""head"": ""center line"", ""weight"": ""neutral / variant dependent"", ""guard"": ""high guard; body cover elbow-dependent"", ""phase"": ""impact/cover"", ""arm"": ""home"", ""rotation"": ""none"", ""balance"": ""stable"", ""free_hand"": ""both"", ""foot"": ""neutral"", ""bearing"": ""facing opponent""}, ""belief"": {""A"": ""unknown"", ""B"": ""cue observed; response not deterministic""}, ""target"": ""head / combination variable"", ""phase_window"": ""첫 머리 공격 방어""}",측면·직선 타격 면적을 일부 가림,시야·보디·기동성 제한; 충격 전달 가능,"[""N22_S16""]",글러브·팔을 머리 주변에 압축,첫 머리 공격 방어,"[""S01"", ""S02""]",biomechanical inference
N22_S16,B: Intercepting straight · 인터셉팅 직선,INTERCEPT,COUNTER,B,N22,"{""distance"": ""mid"", ""stance"": ""OO"", ""foot_position"": ""neutral"", ""angle"": ""centerline aligned"", ""ring_position"": ""center"", ""space"": {""A"": ""center"", ""B"": ""center"", ""retreat_available"": ""both""}, ""A"": {""head"": ""center line"", ""weight"": ""neutral / variant dependent"", ""guard"": ""attacking arm displaced; other hand protection conditional"", ""phase"": ""recovery"", ""arm"": ""lead/variant extended"", ""rotation"": ""none"", ""balance"": ""stable"", ""free_hand"": ""both"", ""foot"": ""neutral"", ""bearing"": ""facing opponent""}, ""B"": {""head"": ""center line"", ""weight"": ""neutral / variant dependent"", ""guard"": ""high guard; body cover elbow-dependent"", ""phase"": ""impact/cover"", ""arm"": ""home"", ""rotation"": ""none"", ""balance"": ""stable"", ""free_hand"": ""both"", ""foot"": ""neutral"", ""bearing"": ""facing opponent""}, ""belief"": {""A"": ""unknown"", ""B"": ""cue observed; response not deterministic""}, ""target"": ""head / combination variable"", ""phase_window"": ""첫 머리 공격 방어""}","{""distance"": ""mid"", ""stance"": ""OO"", ""foot_position"": ""neutral"", ""angle"": ""centerline aligned"", ""ring_position"": ""center"", ""space"": {""A"": ""center"", ""B"": ""center"", ""retreat_available"": ""both""}, ""A"": {""head"": ""center line"", ""weight"": ""neutral / variant dependent"", ""guard"": ""attacking arm displaced; other hand protection conditional"", ""phase"": ""recovery"", ""arm"": ""lead/variant extended"", ""rotation"": ""none"", ""balance"": ""stable"", ""free_hand"": ""both"", ""foot"": ""neutral"", ""bearing"": ""facing opponent""}, ""B"": {""head"": ""center line"", ""weight"": ""neutral / variant dependent"", ""guard"": ""attacking arm displaced; other hand protection conditional"", ""phase"": ""extension"", ""arm"": ""lead/variant extended"", ""rotation"": ""none"", ""balance"": ""stable"", ""free_hand"": ""both"", ""foot"": ""neutral"", ""bearing"": ""facing opponent""}, ""belief"": {""A"": ""unknown"", ""B"": ""cue observed; response not deterministic""}, ""target"": ""head / combination variable"", ""phase_window"": ""콤비네이션 사이 분명한 startup 틈""}",접근을 멈추거나 두 공격을 동시에 경쟁시킴,머리가 라인에 남으면 동시 피격,"[""N22_S17""]",상대 진입 또는 startup에 직선을 겹침,콤비네이션 사이 분명한 startup 틈,"[""S01"", ""S06""]",biomechanical inference
N22_S17,A: Outside slip · 바깥 슬립,SOUT,DEFENSE,A,N22,"{""distance"": ""mid"", ""stance"": ""OO"", ""foot_position"": ""neutral"", ""angle"": ""centerline aligned"", ""ring_position"": ""center"", ""space"": {""A"": ""center"", ""B"": ""center"", ""retreat_available"": ""both""}, ""A"": {""head"": ""center line"", ""weight"": ""neutral / variant dependent"", ""guard"": ""attacking arm displaced; other hand protection conditional"", ""phase"": ""recovery"", ""arm"": ""lead/variant extended"", ""rotation"": ""none"", ""balance"": ""stable"", ""free_hand"": ""both"", ""foot"": ""neutral"", ""bearing"": ""facing opponent""}, ""B"": {""head"": ""center line"", ""weight"": ""neutral / variant dependent"", ""guard"": ""attacking arm displaced; other hand protection conditional"", ""phase"": ""extension"", ""arm"": ""lead/variant extended"", ""rotation"": ""none"", ""balance"": ""stable"", ""free_hand"": ""both"", ""foot"": ""neutral"", ""bearing"": ""facing opponent""}, ""belief"": {""A"": ""unknown"", ""B"": ""cue observed; response not deterministic""}, ""target"": ""head / combination variable"", ""phase_window"": ""콤비네이션 사이 분명한 startup 틈""}","{""distance"": ""mid"", ""stance"": ""OO"", ""foot_position"": ""neutral"", ""angle"": ""head off punching line; body angle not automatic"", ""ring_position"": ""center"", ""space"": {""A"": ""center"", ""B"": ""center"", ""retreat_available"": ""both""}, ""A"": {""head"": ""outside incoming punch"", ""weight"": ""variant dependent: support/load must be checked"", ""guard"": ""attacking arm displaced; other hand protection conditional"", ""phase"": ""evasion"", ""arm"": ""home"", ""rotation"": ""none"", ""balance"": ""stable"", ""free_hand"": ""both"", ""foot"": ""neutral"", ""bearing"": ""facing opponent""}, ""B"": {""head"": ""center line"", ""weight"": ""neutral / variant dependent"", ""guard"": ""attacking arm displaced; other hand protection conditional"", ""phase"": ""recovery"", ""arm"": ""lead/variant extended"", ""rotation"": ""none"", ""balance"": ""stable"", ""free_hand"": ""both"", ""foot"": ""neutral"", ""bearing"": ""facing opponent""}, ""belief"": {""A"": ""unknown"", ""B"": ""cue observed; response not deterministic""}, ""target"": ""head / combination variable"", ""phase_window"": ""B 직선 밖으로 회피""}",해당 직선 공격선을 벗어남,다음 펀치 재조준·훅·균형 손실,"[""N22_S18""]",들어오는 특정 펀치의 팔 바깥으로 머리 이동,B 직선 밖으로 회피,"[""S02"", ""S07""]",biomechanical inference
N22_S18,A: Reset · 재정렬,RESET,POSITION,A,N22,"{""distance"": ""mid"", ""stance"": ""OO"", ""foot_position"": ""neutral"", ""angle"": ""head off punching line; body angle not automatic"", ""ring_position"": ""center"", ""space"": {""A"": ""center"", ""B"": ""center"", ""retreat_available"": ""both""}, ""A"": {""head"": ""outside incoming punch"", ""weight"": ""variant dependent: support/load must be checked"", ""guard"": ""attacking arm displaced; other hand protection conditional"", ""phase"": ""evasion"", ""arm"": ""home"", ""rotation"": ""none"", ""balance"": ""stable"", ""free_hand"": ""both"", ""foot"": ""neutral"", ""bearing"": ""facing opponent""}, ""B"": {""head"": ""center line"", ""weight"": ""neutral / variant dependent"", ""guard"": ""attacking arm displaced; other hand protection conditional"", ""phase"": ""recovery"", ""arm"": ""lead/variant extended"", ""rotation"": ""none"", ""balance"": ""stable"", ""free_hand"": ""both"", ""foot"": ""neutral"", ""bearing"": ""facing opponent""}, ""belief"": {""A"": ""unknown"", ""B"": ""cue observed; response not deterministic""}, ""target"": ""head / combination variable"", ""phase_window"": ""B 직선 밖으로 회피""}","{""distance"": ""mid"", ""stance"": ""OO"", ""foot_position"": ""neutral"", ""angle"": ""centerline aligned"", ""ring_position"": ""center"", ""space"": {""A"": ""center"", ""B"": ""center"", ""retreat_available"": ""both""}, ""A"": {""head"": ""center line / guarded"", ""weight"": ""neutral / ready"", ""guard"": ""normal"", ""phase"": ""neutral"", ""arm"": ""home"", ""rotation"": ""none"", ""balance"": ""stable"", ""free_hand"": ""both"", ""foot"": ""neutral"", ""bearing"": ""facing opponent""}, ""B"": {""head"": ""center line / guarded"", ""weight"": ""neutral / ready"", ""guard"": ""normal"", ""phase"": ""neutral"", ""arm"": ""home"", ""rotation"": ""none"", ""balance"": ""stable"", ""free_hand"": ""both"", ""foot"": ""neutral"", ""bearing"": ""facing opponent""}, ""belief"": {""A"": ""unknown"", ""B"": ""cue observed; response not deterministic""}, ""target"": ""none"", ""phase_window"": ""피로·균형 때문에 템포를 낮추고 교환 종료""}",새 교환 준비,시간 비용; 상대가 계속 치면 완료 불가,"[""N22_S0""]",손·발·시선·상대 bearing을 다시 맞춤,피로·균형 때문에 템포를 낮추고 교환 종료,"[""S06""]",biomechanical inference
N23_S0,시작 상태,,STATE,,N23,"{""distance"": ""pocket"", ""stance"": ""OO"", ""foot_position"": ""neutral"", ""angle"": ""centerline aligned"", ""ring_position"": ""center"", ""space"": {""A"": ""center"", ""B"": ""center"", ""retreat_available"": ""both""}, ""A"": {""head"": ""center line"", ""weight"": ""neutral / variant dependent"", ""guard"": ""normal"", ""phase"": ""neutral"", ""arm"": ""home"", ""rotation"": ""none"", ""balance"": ""stable"", ""free_hand"": ""both"", ""foot"": ""neutral"", ""bearing"": ""facing opponent""}, ""B"": {""head"": ""center line"", ""weight"": ""neutral / variant dependent"", ""guard"": ""normal"", ""phase"": ""neutral"", ""arm"": ""home"", ""rotation"": ""none"", ""balance"": ""stable"", ""free_hand"": ""both"", ""foot"": ""neutral"", ""bearing"": ""facing opponent""}, ""belief"": {""A"": ""unknown"", ""B"": ""unknown""}, ""target"": ""none"", ""phase_window"": ""neutral""}","{""distance"": ""pocket"", ""stance"": ""OO"", ""foot_position"": ""neutral"", ""angle"": ""centerline aligned"", ""ring_position"": ""center"", ""space"": {""A"": ""center"", ""B"": ""center"", ""retreat_available"": ""both""}, ""A"": {""head"": ""center line"", ""weight"": ""neutral / variant dependent"", ""guard"": ""normal"", ""phase"": ""neutral"", ""arm"": ""home"", ""rotation"": ""none"", ""balance"": ""stable"", ""free_hand"": ""both"", ""foot"": ""neutral"", ""bearing"": ""facing opponent""}, ""B"": {""head"": ""center line"", ""weight"": ""neutral / variant dependent"", ""guard"": ""normal"", ""phase"": ""neutral"", ""arm"": ""home"", ""rotation"": ""none"", ""balance"": ""stable"", ""free_hand"": ""both"", ""foot"": ""neutral"", ""bearing"": ""facing opponent""}, ""belief"": {""A"": ""unknown"", ""B"": ""unknown""}, ""target"": ""none"", ""phase_window"": ""neutral""}",교환의 전제 확인,중립도 선제 위협에 노출,"[""N23_S1"", ""N24_S0""]",,,,
N23_S1,A: Rear uppercut · 뒷손 어퍼컷,RU,OFFENSE,A,N23,"{""distance"": ""pocket"", ""stance"": ""OO"", ""foot_position"": ""neutral"", ""angle"": ""centerline aligned"", ""ring_position"": ""center"", ""space"": {""A"": ""center"", ""B"": ""center"", ""retreat_available"": ""both""}, ""A"": {""head"": ""center line"", ""weight"": ""neutral / variant dependent"", ""guard"": ""normal"", ""phase"": ""neutral"", ""arm"": ""home"", ""rotation"": ""none"", ""balance"": ""stable"", ""free_hand"": ""both"", ""foot"": ""neutral"", ""bearing"": ""facing opponent""}, ""B"": {""head"": ""center line"", ""weight"": ""neutral / variant dependent"", ""guard"": ""normal"", ""phase"": ""neutral"", ""arm"": ""home"", ""rotation"": ""none"", ""balance"": ""stable"", ""free_hand"": ""both"", ""foot"": ""neutral"", ""bearing"": ""facing opponent""}, ""belief"": {""A"": ""unknown"", ""B"": ""unknown""}, ""target"": ""none"", ""phase_window"": ""neutral""}","{""distance"": ""pocket"", ""stance"": ""OO"", ""foot_position"": ""neutral"", ""angle"": ""centerline aligned"", ""ring_position"": ""center"", ""space"": {""A"": ""center"", ""B"": ""center"", ""retreat_available"": ""both""}, ""A"": {""head"": ""center line"", ""weight"": ""neutral / variant dependent"", ""guard"": ""attacking arm displaced; other hand protection conditional"", ""phase"": ""extension"", ""arm"": ""rear extended"", ""rotation"": ""punch-specific rotation; magnitude variable"", ""balance"": ""stable"", ""free_hand"": ""both"", ""foot"": ""neutral"", ""bearing"": ""facing opponent""}, ""B"": {""head"": ""center line"", ""weight"": ""neutral / variant dependent"", ""guard"": ""normal"", ""phase"": ""neutral"", ""arm"": ""home"", ""rotation"": ""none"", ""balance"": ""stable"", ""free_hand"": ""both"", ""foot"": ""neutral"", ""bearing"": ""facing opponent""}, ""belief"": {""A"": ""unknown"", ""B"": ""unknown""}, ""target"": ""head / combination variable"", ""phase_window"": ""가까운 상승 공격""}",팔 사이 중앙 표적·낮은 진입 공략,준비 때 손을 내리면 훅·직선에 노출,"[""N23_S2""]",뒷손을 상승 곡선으로 보냄,가까운 상승 공격,"[""S03""]",biomechanical inference
N23_S2,B: Smother · 펀치 공간 압축,SMOTHER,DEFENSE,B,N23,"{""distance"": ""pocket"", ""stance"": ""OO"", ""foot_position"": ""neutral"", ""angle"": ""centerline aligned"", ""ring_position"": ""center"", ""space"": {""A"": ""center"", ""B"": ""center"", ""retreat_available"": ""both""}, ""A"": {""head"": ""center line"", ""weight"": ""neutral / variant dependent"", ""guard"": ""attacking arm displaced; other hand protection conditional"", ""phase"": ""extension"", ""arm"": ""rear extended"", ""rotation"": ""punch-specific rotation; magnitude variable"", ""balance"": ""stable"", ""free_hand"": ""both"", ""foot"": ""neutral"", ""bearing"": ""facing opponent""}, ""B"": {""head"": ""center line"", ""weight"": ""neutral / variant dependent"", ""guard"": ""normal"", ""phase"": ""neutral"", ""arm"": ""home"", ""rotation"": ""none"", ""balance"": ""stable"", ""free_hand"": ""both"", ""foot"": ""neutral"", ""bearing"": ""facing opponent""}, ""belief"": {""A"": ""unknown"", ""B"": ""unknown""}, ""target"": ""head / combination variable"", ""phase_window"": ""가까운 상승 공격""}","{""distance"": ""clinch"", ""stance"": ""OO"", ""foot_position"": ""neutral"", ""angle"": ""centerline aligned"", ""ring_position"": ""center"", ""space"": {""A"": ""center"", ""B"": ""center"", ""retreat_available"": ""both""}, ""A"": {""head"": ""center line"", ""weight"": ""neutral / variant dependent"", ""guard"": ""attacking arm displaced; other hand protection conditional"", ""phase"": ""recovery"", ""arm"": ""rear extended"", ""rotation"": ""punch-specific rotation; magnitude variable"", ""balance"": ""stable"", ""free_hand"": ""both"", ""foot"": ""neutral"", ""bearing"": ""facing opponent""}, ""B"": {""head"": ""center line"", ""weight"": ""neutral / variant dependent"", ""guard"": ""normal"", ""phase"": ""contact"", ""arm"": ""contact / restriction dependent"", ""rotation"": ""none"", ""balance"": ""stable"", ""free_hand"": ""both"", ""foot"": ""neutral"", ""bearing"": ""facing opponent""}, ""belief"": {""A"": ""unknown"", ""B"": ""unknown""}, ""target"": ""short legal targets only; no holding-and-hitting"", ""phase_window"": ""완전 궤도 전 A 팔·몸 사이 거리 압축""}",긴 궤적의 완전 신전 방해,짧은 훅·어퍼컷·머리 충돌·위치 상실,"[""N23_S3"", ""N23_S10""]",몸과 발로 너무 가까운 거리까지 압축,완전 궤도 전 A 팔·몸 사이 거리 압축,"[""S06"", ""S17""]",biomechanical inference
N23_S3,A: Frame / contact · 접촉 프레임,FRAME,DEFENSE,A,N23,"{""distance"": ""clinch"", ""stance"": ""OO"", ""foot_position"": ""neutral"", ""angle"": ""centerline aligned"", ""ring_position"": ""center"", ""space"": {""A"": ""center"", ""B"": ""center"", ""retreat_available"": ""both""}, ""A"": {""head"": ""center line"", ""weight"": ""neutral / variant dependent"", ""guard"": ""attacking arm displaced; other hand protection conditional"", ""phase"": ""recovery"", ""arm"": ""rear extended"", ""rotation"": ""punch-specific rotation; magnitude variable"", ""balance"": ""stable"", ""free_hand"": ""both"", ""foot"": ""neutral"", ""bearing"": ""facing opponent""}, ""B"": {""head"": ""center line"", ""weight"": ""neutral / variant dependent"", ""guard"": ""normal"", ""phase"": ""contact"", ""arm"": ""contact / restriction dependent"", ""rotation"": ""none"", ""balance"": ""stable"", ""free_hand"": ""both"", ""foot"": ""neutral"", ""bearing"": ""facing opponent""}, ""belief"": {""A"": ""unknown"", ""B"": ""unknown""}, ""target"": ""short legal targets only; no holding-and-hitting"", ""phase_window"": ""완전 궤도 전 A 팔·몸 사이 거리 압축""}","{""distance"": ""clinch"", ""stance"": ""OO"", ""foot_position"": ""neutral"", ""angle"": ""centerline aligned"", ""ring_position"": ""center"", ""space"": {""A"": ""center"", ""B"": ""center"", ""retreat_available"": ""both""}, ""A"": {""head"": ""center line"", ""weight"": ""neutral / variant dependent"", ""guard"": ""attacking arm displaced; other hand protection conditional"", ""phase"": ""contact"", ""arm"": ""contact / restriction dependent"", ""rotation"": ""punch-specific rotation; magnitude variable"", ""balance"": ""stable"", ""free_hand"": ""both"", ""foot"": ""neutral"", ""bearing"": ""facing opponent""}, ""B"": {""head"": ""center line"", ""weight"": ""neutral / variant dependent"", ""guard"": ""normal"", ""phase"": ""contact"", ""arm"": ""contact / restriction dependent"", ""rotation"": ""none"", ""balance"": ""stable"", ""free_hand"": ""both"", ""foot"": ""neutral"", ""bearing"": ""facing opponent""}, ""belief"": {""A"": ""unknown"", ""B"": ""unknown""}, ""target"": ""short legal targets only; no holding-and-hitting"", ""phase_window"": ""순간 접촉으로 분리 여지; 밀거나 잡은 채 치지 않음""}",진입을 느끼고 재정렬 공간 확보,손 가드 이탈·밀기/지속 시야 차단 반칙 가능,"[""N23_S4""]",짧은 접촉으로 공간·자세를 감지,순간 접촉으로 분리 여지; 밀거나 잡은 채 치지 않음,"[""S17""]",biomechanical inference
N23_S4,A: Reset · 재정렬,RESET,POSITION,A,N23,"{""distance"": ""clinch"", ""stance"": ""OO"", ""foot_position"": ""neutral"", ""angle"": ""centerline aligned"", ""ring_position"": ""center"", ""space"": {""A"": ""center"", ""B"": ""center"", ""retreat_available"": ""both""}, ""A"": {""head"": ""center line"", ""weight"": ""neutral / variant dependent"", ""guard"": ""attacking arm displaced; other hand protection conditional"", ""phase"": ""contact"", ""arm"": ""contact / restriction dependent"", ""rotation"": ""punch-specific rotation; magnitude variable"", ""balance"": ""stable"", ""free_hand"": ""both"", ""foot"": ""neutral"", ""bearing"": ""facing opponent""}, ""B"": {""head"": ""center line"", ""weight"": ""neutral / variant dependent"", ""guard"": ""normal"", ""phase"": ""contact"", ""arm"": ""contact / restriction dependent"", ""rotation"": ""none"", ""balance"": ""stable"", ""free_hand"": ""both"", ""foot"": ""neutral"", ""bearing"": ""facing opponent""}, ""belief"": {""A"": ""unknown"", ""B"": ""unknown""}, ""target"": ""short legal targets only; no holding-and-hitting"", ""phase_window"": ""순간 접촉으로 분리 여지; 밀거나 잡은 채 치지 않음""}","{""distance"": ""pocket"", ""stance"": ""OO"", ""foot_position"": ""neutral"", ""angle"": ""centerline aligned"", ""ring_position"": ""center"", ""space"": {""A"": ""center"", ""B"": ""center"", ""retreat_available"": ""both""}, ""A"": {""head"": ""center line / guarded"", ""weight"": ""neutral / ready"", ""guard"": ""normal"", ""phase"": ""neutral"", ""arm"": ""home"", ""rotation"": ""none"", ""balance"": ""stable"", ""free_hand"": ""both"", ""foot"": ""neutral"", ""bearing"": ""facing opponent""}, ""B"": {""head"": ""center line / guarded"", ""weight"": ""neutral / ready"", ""guard"": ""normal"", ""phase"": ""neutral"", ""arm"": ""home"", ""rotation"": ""none"", ""balance"": ""stable"", ""free_hand"": ""both"", ""foot"": ""neutral"", ""bearing"": ""facing opponent""}, ""belief"": {""A"": ""unknown"", ""B"": ""unknown""}, ""target"": ""none"", ""phase_window"": ""접촉이 합법 해제되고 짧은 공격 공간·양쪽 가드 복구""}",새 교환 준비,시간 비용; 상대가 계속 치면 완료 불가,"[""N23_S5""]",손·발·시선·상대 bearing을 다시 맞춤,접촉이 합법 해제되고 짧은 공격 공간·양쪽 가드 복구,"[""S06""]",biomechanical inference
N23_S5,A: Lead uppercut · 앞손 어퍼컷,LU,OFFENSE,A,N23,"{""distance"": ""pocket"", ""stance"": ""OO"", ""foot_position"": ""neutral"", ""angle"": ""centerline aligned"", ""ring_position"": ""center"", ""space"": {""A"": ""center"", ""B"": ""center"", ""retreat_available"": ""both""}, ""A"": {""head"": ""center line / guarded"", ""weight"": ""neutral / ready"", ""guard"": ""normal"", ""phase"": ""neutral"", ""arm"": ""home"", ""rotation"": ""none"", ""balance"": ""stable"", ""free_hand"": ""both"", ""foot"": ""neutral"", ""bearing"": ""facing opponent""}, ""B"": {""head"": ""center line / guarded"", ""weight"": ""neutral / ready"", ""guard"": ""normal"", ""phase"": ""neutral"", ""arm"": ""home"", ""rotation"": ""none"", ""balance"": ""stable"", ""free_hand"": ""both"", ""foot"": ""neutral"", ""bearing"": ""facing opponent""}, ""belief"": {""A"": ""unknown"", ""B"": ""unknown""}, ""target"": ""none"", ""phase_window"": ""접촉이 합법 해제되고 짧은 공격 공간·양쪽 가드 복구""}","{""distance"": ""pocket"", ""stance"": ""OO"", ""foot_position"": ""neutral"", ""angle"": ""centerline aligned"", ""ring_position"": ""center"", ""space"": {""A"": ""center"", ""B"": ""center"", ""retreat_available"": ""both""}, ""A"": {""head"": ""center line / guarded"", ""weight"": ""neutral / ready"", ""guard"": ""attacking arm displaced; other hand protection conditional"", ""phase"": ""extension"", ""arm"": ""lead/variant extended"", ""rotation"": ""punch-specific rotation; magnitude variable"", ""balance"": ""stable"", ""free_hand"": ""both"", ""foot"": ""neutral"", ""bearing"": ""facing opponent""}, ""B"": {""head"": ""center line / guarded"", ""weight"": ""neutral / ready"", ""guard"": ""normal"", ""phase"": ""neutral"", ""arm"": ""home"", ""rotation"": ""none"", ""balance"": ""stable"", ""free_hand"": ""both"", ""foot"": ""neutral"", ""bearing"": ""facing opponent""}, ""belief"": {""A"": ""unknown"", ""B"": ""unknown""}, ""target"": ""head / combination variable"", ""phase_window"": ""분리 후 자유 앞손 중앙 통로""}",열린 중앙·낮은 머리의 접근 경로 공략,먼 거리에서 뜨는 궤적·앞손 가드 이탈,"[""N23_S6""]",앞손을 짧은 상승 궤도로 보냄,분리 후 자유 앞손 중앙 통로,"[""S03""]",biomechanical inference
N23_S6,B: Block · 블록,BLOCK,DEFENSE,B,N23,"{""distance"": ""pocket"", ""stance"": ""OO"", ""foot_position"": ""neutral"", ""angle"": ""centerline aligned"", ""ring_position"": ""center"", ""space"": {""A"": ""center"", ""B"": ""center"", ""retreat_available"": ""both""}, ""A"": {""head"": ""center line / guarded"", ""weight"": ""neutral / ready"", ""guard"": ""attacking arm displaced; other hand protection conditional"", ""phase"": ""extension"", ""arm"": ""lead/variant extended"", ""rotation"": ""punch-specific rotation; magnitude variable"", ""balance"": ""stable"", ""free_hand"": ""both"", ""foot"": ""neutral"", ""bearing"": ""facing opponent""}, ""B"": {""head"": ""center line / guarded"", ""weight"": ""neutral / ready"", ""guard"": ""normal"", ""phase"": ""neutral"", ""arm"": ""home"", ""rotation"": ""none"", ""balance"": ""stable"", ""free_hand"": ""both"", ""foot"": ""neutral"", ""bearing"": ""facing opponent""}, ""belief"": {""A"": ""unknown"", ""B"": ""unknown""}, ""target"": ""head / combination variable"", ""phase_window"": ""분리 후 자유 앞손 중앙 통로""}","{""distance"": ""pocket"", ""stance"": ""OO"", ""foot_position"": ""neutral"", ""angle"": ""centerline aligned"", ""ring_position"": ""center"", ""space"": {""A"": ""center"", ""B"": ""center"", ""retreat_available"": ""both""}, ""A"": {""head"": ""center line / guarded"", ""weight"": ""neutral / ready"", ""guard"": ""attacking arm displaced; other hand protection conditional"", ""phase"": ""recovery"", ""arm"": ""lead/variant extended"", ""rotation"": ""punch-specific rotation; magnitude variable"", ""balance"": ""stable"", ""free_hand"": ""both"", ""foot"": ""neutral"", ""bearing"": ""facing opponent""}, ""B"": {""head"": ""center line / guarded"", ""weight"": ""neutral / ready"", ""guard"": ""target-specific block"", ""phase"": ""impact/cover"", ""arm"": ""home"", ""rotation"": ""none"", ""balance"": ""stable"", ""free_hand"": ""both"", ""foot"": ""neutral"", ""bearing"": ""facing opponent""}, ""belief"": {""A"": ""unknown"", ""B"": ""unknown""}, ""target"": ""head / combination variable"", ""phase_window"": ""짧은 중앙 방어""}",머리·보디 맞교환을 제한,충격·다른 표적 열림·고정 방어 읽힘,"[""N23_S7""]",팔·글러브로 예상 공격 통로를 닫음,짧은 중앙 방어,"[""S01"", ""S02""]",biomechanical inference
N23_S7,B: Pivot · 피벗,PIVOT,POSITION,B,N23,"{""distance"": ""pocket"", ""stance"": ""OO"", ""foot_position"": ""neutral"", ""angle"": ""centerline aligned"", ""ring_position"": ""center"", ""space"": {""A"": ""center"", ""B"": ""center"", ""retreat_available"": ""both""}, ""A"": {""head"": ""center line / guarded"", ""weight"": ""neutral / ready"", ""guard"": ""attacking arm displaced; other hand protection conditional"", ""phase"": ""recovery"", ""arm"": ""lead/variant extended"", ""rotation"": ""punch-specific rotation; magnitude variable"", ""balance"": ""stable"", ""free_hand"": ""both"", ""foot"": ""neutral"", ""bearing"": ""facing opponent""}, ""B"": {""head"": ""center line / guarded"", ""weight"": ""neutral / ready"", ""guard"": ""target-specific block"", ""phase"": ""impact/cover"", ""arm"": ""home"", ""rotation"": ""none"", ""balance"": ""stable"", ""free_hand"": ""both"", ""foot"": ""neutral"", ""bearing"": ""facing opponent""}, ""belief"": {""A"": ""unknown"", ""B"": ""unknown""}, ""target"": ""head / combination variable"", ""phase_window"": ""짧은 중앙 방어""}","{""distance"": ""pocket"", ""stance"": ""OO"", ""foot_position"": ""angle candidate"", ""angle"": ""off-line candidate; opponent may reorient"", ""ring_position"": ""center"", ""space"": {""A"": ""center"", ""B"": ""center"", ""retreat_available"": ""both""}, ""A"": {""head"": ""center line / guarded"", ""weight"": ""neutral / ready"", ""guard"": ""attacking arm displaced; other hand protection conditional"", ""phase"": ""recovery"", ""arm"": ""lead/variant extended"", ""rotation"": ""punch-specific rotation; magnitude variable"", ""balance"": ""stable"", ""free_hand"": ""both"", ""foot"": ""neutral"", ""bearing"": ""facing opponent""}, ""B"": {""head"": ""center line / guarded"", ""weight"": ""neutral / ready"", ""guard"": ""target-specific block"", ""phase"": ""footwork"", ""arm"": ""home"", ""rotation"": ""none"", ""balance"": ""stable only after placement; transient step risk"", ""free_hand"": ""both"", ""foot"": ""neutral"", ""bearing"": ""reoriented toward opponent; conditional completion""}, ""belief"": {""A"": ""unknown"", ""B"": ""unknown""}, ""target"": ""head / combination variable"", ""phase_window"": ""축발·출구 확보""}",공격선 옆각도·출구 확보,축발 막힘·과회전·상대가 같이 돌기,"[""N23_S8""]",지지발 주위로 다른 발과 몸을 재지향,축발·출구 확보,"[""S06""]",biomechanical inference
N23_S8,B: Exit angle · 각도 탈출,EXIT,POSITION,B,N23,"{""distance"": ""pocket"", ""stance"": ""OO"", ""foot_position"": ""angle candidate"", ""angle"": ""off-line candidate; opponent may reorient"", ""ring_position"": ""center"", ""space"": {""A"": ""center"", ""B"": ""center"", ""retreat_available"": ""both""}, ""A"": {""head"": ""center line / guarded"", ""weight"": ""neutral / ready"", ""guard"": ""attacking arm displaced; other hand protection conditional"", ""phase"": ""recovery"", ""arm"": ""lead/variant extended"", ""rotation"": ""punch-specific rotation; magnitude variable"", ""balance"": ""stable"", ""free_hand"": ""both"", ""foot"": ""neutral"", ""bearing"": ""facing opponent""}, ""B"": {""head"": ""center line / guarded"", ""weight"": ""neutral / ready"", ""guard"": ""target-specific block"", ""phase"": ""footwork"", ""arm"": ""home"", ""rotation"": ""none"", ""balance"": ""stable only after placement; transient step risk"", ""free_hand"": ""both"", ""foot"": ""neutral"", ""bearing"": ""reoriented toward opponent; conditional completion""}, ""belief"": {""A"": ""unknown"", ""B"": ""unknown""}, ""target"": ""head / combination variable"", ""phase_window"": ""축발·출구 확보""}","{""distance"": ""pocket"", ""stance"": ""OO"", ""foot_position"": ""angle candidate"", ""angle"": ""off-line candidate; opponent may reorient"", ""ring_position"": ""center"", ""space"": {""A"": ""center"", ""B"": ""center"", ""retreat_available"": ""both""}, ""A"": {""head"": ""center line / guarded"", ""weight"": ""neutral / ready"", ""guard"": ""attacking arm displaced; other hand protection conditional"", ""phase"": ""recovery"", ""arm"": ""lead/variant extended"", ""rotation"": ""punch-specific rotation; magnitude variable"", ""balance"": ""stable"", ""free_hand"": ""both"", ""foot"": ""neutral"", ""bearing"": ""facing opponent""}, ""B"": {""head"": ""center line / guarded"", ""weight"": ""neutral / ready"", ""guard"": ""target-specific block"", ""phase"": ""footwork"", ""arm"": ""home"", ""rotation"": ""none"", ""balance"": ""stable only after placement; transient step risk"", ""free_hand"": ""both"", ""foot"": ""neutral"", ""bearing"": ""reoriented toward opponent; conditional completion""}, ""belief"": {""A"": ""unknown"", ""B"": ""unknown""}, ""target"": ""head / combination variable"", ""phase_window"": ""상대 궤도 밖으로""}",콤비네이션 직선 추격에서 벗어남,상대 훅·링 커팅·뒤돌기 금지,"[""N23_S9""]",방어·짧은 타격 뒤 옆 이동과 재지향,상대 궤도 밖으로,"[""S06""]",biomechanical inference
N23_S9,A: Reset · 재정렬,RESET,POSITION,A,N23,"{""distance"": ""pocket"", ""stance"": ""OO"", ""foot_position"": ""angle candidate"", ""angle"": ""off-line candidate; opponent may reorient"", ""ring_position"": ""center"", ""space"": {""A"": ""center"", ""B"": ""center"", ""retreat_available"": ""both""}, ""A"": {""head"": ""center line / guarded"", ""weight"": ""neutral / ready"", ""guard"": ""attacking arm displaced; other hand protection conditional"", ""phase"": ""recovery"", ""arm"": ""lead/variant extended"", ""rotation"": ""punch-specific rotation; magnitude variable"", ""balance"": ""stable"", ""free_hand"": ""both"", ""foot"": ""neutral"", ""bearing"": ""facing opponent""}, ""B"": {""head"": ""center line / guarded"", ""weight"": ""neutral / ready"", ""guard"": ""target-specific block"", ""phase"": ""footwork"", ""arm"": ""home"", ""rotation"": ""none"", ""balance"": ""stable only after placement; transient step risk"", ""free_hand"": ""both"", ""foot"": ""neutral"", ""bearing"": ""reoriented toward opponent; conditional completion""}, ""belief"": {""A"": ""unknown"", ""B"": ""unknown""}, ""target"": ""head / combination variable"", ""phase_window"": ""상대 궤도 밖으로""}","{""distance"": ""pocket"", ""stance"": ""OO"", ""foot_position"": ""neutral"", ""angle"": ""centerline aligned"", ""ring_position"": ""center"", ""space"": {""A"": ""center"", ""B"": ""center"", ""retreat_available"": ""both""}, ""A"": {""head"": ""center line / guarded"", ""weight"": ""neutral / ready"", ""guard"": ""normal"", ""phase"": ""neutral"", ""arm"": ""home"", ""rotation"": ""none"", ""balance"": ""stable"", ""free_hand"": ""both"", ""foot"": ""neutral"", ""bearing"": ""facing opponent""}, ""B"": {""head"": ""center line / guarded"", ""weight"": ""neutral / ready"", ""guard"": ""normal"", ""phase"": ""neutral"", ""arm"": ""home"", ""rotation"": ""none"", ""balance"": ""stable"", ""free_hand"": ""both"", ""foot"": ""neutral"", ""bearing"": ""facing opponent""}, ""belief"": {""A"": ""unknown"", ""B"": ""unknown""}, ""target"": ""none"", ""phase_window"": ""상대와 재지향""}",새 교환 준비,시간 비용; 상대가 계속 치면 완료 불가,"[""N23_S0""]",손·발·시선·상대 bearing을 다시 맞춤,상대와 재지향,"[""S06""]",biomechanical inference
N23_S10,A: Clinch · 클린치 국면,CLINCH,DEFENSE,A,N23,"{""distance"": ""clinch"", ""stance"": ""OO"", ""foot_position"": ""neutral"", ""angle"": ""centerline aligned"", ""ring_position"": ""center"", ""space"": {""A"": ""center"", ""B"": ""center"", ""retreat_available"": ""both""}, ""A"": {""head"": ""center line"", ""weight"": ""neutral / variant dependent"", ""guard"": ""attacking arm displaced; other hand protection conditional"", ""phase"": ""recovery"", ""arm"": ""rear extended"", ""rotation"": ""punch-specific rotation; magnitude variable"", ""balance"": ""stable"", ""free_hand"": ""both"", ""foot"": ""neutral"", ""bearing"": ""facing opponent""}, ""B"": {""head"": ""center line"", ""weight"": ""neutral / variant dependent"", ""guard"": ""normal"", ""phase"": ""contact"", ""arm"": ""contact / restriction dependent"", ""rotation"": ""none"", ""balance"": ""stable"", ""free_hand"": ""both"", ""foot"": ""neutral"", ""bearing"": ""facing opponent""}, ""belief"": {""A"": ""unknown"", ""B"": ""unknown""}, ""target"": ""short legal targets only; no holding-and-hitting"", ""phase_window"": ""완전 궤도 전 A 팔·몸 사이 거리 압축""}","{""distance"": ""clinch"", ""stance"": ""OO"", ""foot_position"": ""neutral"", ""angle"": ""centerline aligned"", ""ring_position"": ""center"", ""space"": {""A"": ""center"", ""B"": ""center"", ""retreat_available"": ""both""}, ""A"": {""head"": ""center line"", ""weight"": ""neutral / variant dependent"", ""guard"": ""attacking arm displaced; other hand protection conditional"", ""phase"": ""contact"", ""arm"": ""contact / restriction dependent"", ""rotation"": ""punch-specific rotation; magnitude variable"", ""balance"": ""stable"", ""free_hand"": ""both"", ""foot"": ""neutral"", ""bearing"": ""facing opponent""}, ""B"": {""head"": ""center line"", ""weight"": ""neutral / variant dependent"", ""guard"": ""normal"", ""phase"": ""contact"", ""arm"": ""contact / restriction dependent"", ""rotation"": ""none"", ""balance"": ""stable"", ""free_hand"": ""both"", ""foot"": ""neutral"", ""bearing"": ""facing opponent""}, ""belief"": {""A"": ""unknown"", ""B"": ""unknown""}, ""target"": ""short legal targets only; no holding-and-hitting"", ""phase_window"": ""팔이 얽혀 자유 타격 공간 없음""}",긴 펀치 공간 감소,짧은 자유손·심판 break·홀딩 반칙,"[""N23_S11""]",밀착·팔 얽힘으로 교환이 중단되는 국면,팔이 얽혀 자유 타격 공간 없음,"[""S17""]",biomechanical inference
N23_S11,B: Referee break · 심판 분리,BREAK,POSITION,B,N23,"{""distance"": ""clinch"", ""stance"": ""OO"", ""foot_position"": ""neutral"", ""angle"": ""centerline aligned"", ""ring_position"": ""center"", ""space"": {""A"": ""center"", ""B"": ""center"", ""retreat_available"": ""both""}, ""A"": {""head"": ""center line"", ""weight"": ""neutral / variant dependent"", ""guard"": ""attacking arm displaced; other hand protection conditional"", ""phase"": ""contact"", ""arm"": ""contact / restriction dependent"", ""rotation"": ""punch-specific rotation; magnitude variable"", ""balance"": ""stable"", ""free_hand"": ""both"", ""foot"": ""neutral"", ""bearing"": ""facing opponent""}, ""B"": {""head"": ""center line"", ""weight"": ""neutral / variant dependent"", ""guard"": ""normal"", ""phase"": ""contact"", ""arm"": ""contact / restriction dependent"", ""rotation"": ""none"", ""balance"": ""stable"", ""free_hand"": ""both"", ""foot"": ""neutral"", ""bearing"": ""facing opponent""}, ""belief"": {""A"": ""unknown"", ""B"": ""unknown""}, ""target"": ""short legal targets only; no holding-and-hitting"", ""phase_window"": ""팔이 얽혀 자유 타격 공간 없음""}","{""distance"": ""long"", ""stance"": ""OO"", ""foot_position"": ""neutral"", ""angle"": ""centerline aligned"", ""ring_position"": ""center"", ""space"": {""A"": ""center"", ""B"": ""center"", ""retreat_available"": ""both""}, ""A"": {""head"": ""center line / guarded"", ""weight"": ""neutral / ready"", ""guard"": ""normal"", ""phase"": ""neutral"", ""arm"": ""home"", ""rotation"": ""none"", ""balance"": ""stable"", ""free_hand"": ""both"", ""foot"": ""neutral"", ""bearing"": ""facing opponent""}, ""B"": {""head"": ""center line / guarded"", ""weight"": ""neutral / ready"", ""guard"": ""normal"", ""phase"": ""neutral"", ""arm"": ""home"", ""rotation"": ""none"", ""balance"": ""stable"", ""free_hand"": ""both"", ""foot"": ""neutral"", ""bearing"": ""facing opponent""}, ""belief"": {""A"": ""unknown"", ""B"": ""unknown""}, ""target"": ""none"", ""phase_window"": ""심판 지시에 분리; 재개까지 타격 없음""}",밀착 국면에서 합법 새 거리,주도권·공간이 바뀜; break 중 공격 금지,"[""N23_S12""]",지시에 따라 분리·재개까지 타격 보류,심판 지시에 분리; 재개까지 타격 없음,"[""S17""]",biomechanical inference
N23_S12,A: Lead jab · 잽,JAB,OFFENSE,A,N23,"{""distance"": ""long"", ""stance"": ""OO"", ""foot_position"": ""neutral"", ""angle"": ""centerline aligned"", ""ring_position"": ""center"", ""space"": {""A"": ""center"", ""B"": ""center"", ""retreat_available"": ""both""}, ""A"": {""head"": ""center line / guarded"", ""weight"": ""neutral / ready"", ""guard"": ""normal"", ""phase"": ""neutral"", ""arm"": ""home"", ""rotation"": ""none"", ""balance"": ""stable"", ""free_hand"": ""both"", ""foot"": ""neutral"", ""bearing"": ""facing opponent""}, ""B"": {""head"": ""center line / guarded"", ""weight"": ""neutral / ready"", ""guard"": ""normal"", ""phase"": ""neutral"", ""arm"": ""home"", ""rotation"": ""none"", ""balance"": ""stable"", ""free_hand"": ""both"", ""foot"": ""neutral"", ""bearing"": ""facing opponent""}, ""belief"": {""A"": ""unknown"", ""B"": ""unknown""}, ""target"": ""none"", ""phase_window"": ""심판 지시에 분리; 재개까지 타격 없음""}","{""distance"": ""long"", ""stance"": ""OO"", ""foot_position"": ""neutral"", ""angle"": ""centerline aligned"", ""ring_position"": ""center"", ""space"": {""A"": ""center"", ""B"": ""center"", ""retreat_available"": ""both""}, ""A"": {""head"": ""center line / guarded"", ""weight"": ""neutral / ready"", ""guard"": ""attacking arm displaced; other hand protection conditional"", ""phase"": ""extension"", ""arm"": ""lead/variant extended"", ""rotation"": ""none"", ""balance"": ""stable"", ""free_hand"": ""both"", ""foot"": ""neutral"", ""bearing"": ""facing opponent""}, ""B"": {""head"": ""center line / guarded"", ""weight"": ""neutral / ready"", ""guard"": ""normal"", ""phase"": ""neutral"", ""arm"": ""home"", ""rotation"": ""none"", ""balance"": ""stable"", ""free_hand"": ""both"", ""foot"": ""neutral"", ""bearing"": ""facing opponent""}, ""belief"": {""A"": ""unknown"", ""B"": ""unknown""}, ""target"": ""head / combination variable"", ""phase_window"": ""재개 후 새 롱 레인지 앞손""}",사거리·반응을 확인하고 시야를 가림,앞손 복귀 동안 같은 쪽 가드가 비며 단조로운 타이밍을 읽힐 수 있음,"[""N23_S13""]",앞손을 짧게 직선으로 보내고 복귀,재개 후 새 롱 레인지 앞손,"[""S01"", ""S02""]",biomechanical inference
N23_S13,B: Small parry · 작은 패리,PARRY,DEFENSE,B,N23,"{""distance"": ""long"", ""stance"": ""OO"", ""foot_position"": ""neutral"", ""angle"": ""centerline aligned"", ""ring_position"": ""center"", ""space"": {""A"": ""center"", ""B"": ""center"", ""retreat_available"": ""both""}, ""A"": {""head"": ""center line / guarded"", ""weight"": ""neutral / ready"", ""guard"": ""attacking arm displaced; other hand protection conditional"", ""phase"": ""extension"", ""arm"": ""lead/variant extended"", ""rotation"": ""none"", ""balance"": ""stable"", ""free_hand"": ""both"", ""foot"": ""neutral"", ""bearing"": ""facing opponent""}, ""B"": {""head"": ""center line / guarded"", ""weight"": ""neutral / ready"", ""guard"": ""normal"", ""phase"": ""neutral"", ""arm"": ""home"", ""rotation"": ""none"", ""balance"": ""stable"", ""free_hand"": ""both"", ""foot"": ""neutral"", ""bearing"": ""facing opponent""}, ""belief"": {""A"": ""unknown"", ""B"": ""unknown""}, ""target"": ""head / combination variable"", ""phase_window"": ""재개 후 새 롱 레인지 앞손""}","{""distance"": ""long"", ""stance"": ""OO"", ""foot_position"": ""neutral"", ""angle"": ""centerline aligned"", ""ring_position"": ""center"", ""space"": {""A"": ""center"", ""B"": ""center"", ""retreat_available"": ""both""}, ""A"": {""head"": ""center line / guarded"", ""weight"": ""neutral / ready"", ""guard"": ""attacking arm displaced; other hand protection conditional"", ""phase"": ""recovery"", ""arm"": ""lead/variant extended"", ""rotation"": ""none"", ""balance"": ""stable"", ""free_hand"": ""both"", ""foot"": ""neutral"", ""bearing"": ""facing opponent""}, ""B"": {""head"": ""center line / guarded"", ""weight"": ""neutral / ready"", ""guard"": ""small parry displacement"", ""phase"": ""impact/deflection"", ""arm"": ""parrying hand displaced"", ""rotation"": ""none"", ""balance"": ""stable"", ""free_hand"": ""other hand"", ""foot"": ""neutral"", ""bearing"": ""facing opponent""}, ""belief"": {""A"": ""unknown"", ""B"": ""unknown""}, ""target"": ""head / combination variable"", ""phase_window"": ""실제 신전에 작은 방어""}",거리 유지·상대 공격선 이동,반복 타이밍과 복귀를 읽힐 수 있음; 자동 빈틈 아님,"[""N23_S14""]",글러브로 직선을 최소 이동만큼 비킴,실제 신전에 작은 방어,"[""S01"", ""S02"", ""S11"", ""S16""]",biomechanical inference
N23_S14,B: Counter jab · 카운터 잽,CJ,COUNTER,B,N23,"{""distance"": ""long"", ""stance"": ""OO"", ""foot_position"": ""neutral"", ""angle"": ""centerline aligned"", ""ring_position"": ""center"", ""space"": {""A"": ""center"", ""B"": ""center"", ""retreat_available"": ""both""}, ""A"": {""head"": ""center line / guarded"", ""weight"": ""neutral / ready"", ""guard"": ""attacking arm displaced; other hand protection conditional"", ""phase"": ""recovery"", ""arm"": ""lead/variant extended"", ""rotation"": ""none"", ""balance"": ""stable"", ""free_hand"": ""both"", ""foot"": ""neutral"", ""bearing"": ""facing opponent""}, ""B"": {""head"": ""center line / guarded"", ""weight"": ""neutral / ready"", ""guard"": ""small parry displacement"", ""phase"": ""impact/deflection"", ""arm"": ""parrying hand displaced"", ""rotation"": ""none"", ""balance"": ""stable"", ""free_hand"": ""other hand"", ""foot"": ""neutral"", ""bearing"": ""facing opponent""}, ""belief"": {""A"": ""unknown"", ""B"": ""unknown""}, ""target"": ""head / combination variable"", ""phase_window"": ""실제 신전에 작은 방어""}","{""distance"": ""long"", ""stance"": ""OO"", ""foot_position"": ""neutral"", ""angle"": ""centerline aligned"", ""ring_position"": ""center"", ""space"": {""A"": ""center"", ""B"": ""center"", ""retreat_available"": ""both""}, ""A"": {""head"": ""center line / guarded"", ""weight"": ""neutral / ready"", ""guard"": ""attacking arm displaced; other hand protection conditional"", ""phase"": ""recovery"", ""arm"": ""lead/variant extended"", ""rotation"": ""none"", ""balance"": ""stable"", ""free_hand"": ""both"", ""foot"": ""neutral"", ""bearing"": ""facing opponent""}, ""B"": {""head"": ""center line / guarded"", ""weight"": ""neutral / ready"", ""guard"": ""attacking arm displaced; other hand protection conditional"", ""phase"": ""extension"", ""arm"": ""lead/variant extended"", ""rotation"": ""none"", ""balance"": ""stable"", ""free_hand"": ""other hand"", ""foot"": ""neutral"", ""bearing"": ""facing opponent""}, ""belief"": {""A"": ""unknown"", ""B"": ""unknown""}, ""target"": ""head / combination variable"", ""phase_window"": ""A 회수 창에 반대 앞손 도달""}",작은 반격으로 주도권·거리 회복,상대의 두 번째 공격에 다시 읽힘,"[""N23_S15""]",방어 뒤 또는 상대 준비에 짧은 앞손 직선,A 회수 창에 반대 앞손 도달,"[""S11"", ""S16""]",biomechanical inference
N23_S15,A: Step-back · 후퇴 스텝,BACK,POSITION,A,N23,"{""distance"": ""long"", ""stance"": ""OO"", ""foot_position"": ""neutral"", ""angle"": ""centerline aligned"", ""ring_position"": ""center"", ""space"": {""A"": ""center"", ""B"": ""center"", ""retreat_available"": ""both""}, ""A"": {""head"": ""center line / guarded"", ""weight"": ""neutral / ready"", ""guard"": ""attacking arm displaced; other hand protection conditional"", ""phase"": ""recovery"", ""arm"": ""lead/variant extended"", ""rotation"": ""none"", ""balance"": ""stable"", ""free_hand"": ""both"", ""foot"": ""neutral"", ""bearing"": ""facing opponent""}, ""B"": {""head"": ""center line / guarded"", ""weight"": ""neutral / ready"", ""guard"": ""attacking arm displaced; other hand protection conditional"", ""phase"": ""extension"", ""arm"": ""lead/variant extended"", ""rotation"": ""none"", ""balance"": ""stable"", ""free_hand"": ""other hand"", ""foot"": ""neutral"", ""bearing"": ""facing opponent""}, ""belief"": {""A"": ""unknown"", ""B"": ""unknown""}, ""target"": ""head / combination variable"", ""phase_window"": ""A 회수 창에 반대 앞손 도달""}","{""distance"": ""outside"", ""stance"": ""OO"", ""foot_position"": ""neutral"", ""angle"": ""centerline aligned"", ""ring_position"": ""center"", ""space"": {""A"": ""center"", ""B"": ""center"", ""retreat_available"": ""both""}, ""A"": {""head"": ""center line / guarded"", ""weight"": ""neutral / ready"", ""guard"": ""attacking arm displaced; other hand protection conditional"", ""phase"": ""footwork"", ""arm"": ""home"", ""rotation"": ""none"", ""balance"": ""stable only after placement; transient step risk"", ""free_hand"": ""both"", ""foot"": ""neutral"", ""bearing"": ""facing opponent""}, ""B"": {""head"": ""center line / guarded"", ""weight"": ""neutral / ready"", ""guard"": ""attacking arm displaced; other hand protection conditional"", ""phase"": ""recovery"", ""arm"": ""lead/variant extended"", ""rotation"": ""none"", ""balance"": ""stable"", ""free_hand"": ""other hand"", ""foot"": ""neutral"", ""bearing"": ""facing opponent""}, ""belief"": {""A"": ""unknown"", ""B"": ""unknown""}, ""target"": ""head / combination variable"", ""phase_window"": ""중앙의 뒤 공간""}",상대 펀치 사거리 밖으로,추격·로프·전진 반격에 새 스텝 필요,"[""N23_S16""]",두 발의 간격을 보존하며 뒤로 이동,중앙의 뒤 공간,"[""S01"", ""S06""]",biomechanical inference
N23_S16,B: Reset · 재정렬,RESET,POSITION,B,N23,"{""distance"": ""outside"", ""stance"": ""OO"", ""foot_position"": ""neutral"", ""angle"": ""centerline aligned"", ""ring_position"": ""center"", ""space"": {""A"": ""center"", ""B"": ""center"", ""retreat_available"": ""both""}, ""A"": {""head"": ""center line / guarded"", ""weight"": ""neutral / ready"", ""guard"": ""attacking arm displaced; other hand protection conditional"", ""phase"": ""footwork"", ""arm"": ""home"", ""rotation"": ""none"", ""balance"": ""stable only after placement; transient step risk"", ""free_hand"": ""both"", ""foot"": ""neutral"", ""bearing"": ""facing opponent""}, ""B"": {""head"": ""center line / guarded"", ""weight"": ""neutral / ready"", ""guard"": ""attacking arm displaced; other hand protection conditional"", ""phase"": ""recovery"", ""arm"": ""lead/variant extended"", ""rotation"": ""none"", ""balance"": ""stable"", ""free_hand"": ""other hand"", ""foot"": ""neutral"", ""bearing"": ""facing opponent""}, ""belief"": {""A"": ""unknown"", ""B"": ""unknown""}, ""target"": ""head / combination variable"", ""phase_window"": ""중앙의 뒤 공간""}","{""distance"": ""outside"", ""stance"": ""OO"", ""foot_position"": ""neutral"", ""angle"": ""centerline aligned"", ""ring_position"": ""center"", ""space"": {""A"": ""center"", ""B"": ""center"", ""retreat_available"": ""both""}, ""A"": {""head"": ""center line / guarded"", ""weight"": ""neutral / ready"", ""guard"": ""normal"", ""phase"": ""neutral"", ""arm"": ""home"", ""rotation"": ""none"", ""balance"": ""stable"", ""free_hand"": ""both"", ""foot"": ""neutral"", ""bearing"": ""facing opponent""}, ""B"": {""head"": ""center line / guarded"", ""weight"": ""neutral / ready"", ""guard"": ""normal"", ""phase"": ""neutral"", ""arm"": ""home"", ""rotation"": ""none"", ""balance"": ""stable"", ""free_hand"": ""both"", ""foot"": ""neutral"", ""bearing"": ""facing opponent""}, ""belief"": {""A"": ""unknown"", ""B"": ""unknown""}, ""target"": ""none"", ""phase_window"": ""추격을 보류""}",새 교환 준비,시간 비용; 상대가 계속 치면 완료 불가,"[""N23_S0""]",손·발·시선·상대 bearing을 다시 맞춤,추격을 보류,"[""S06""]",biomechanical inference
N24_S0,시작 상태,,STATE,,N24,"{""distance"": ""pocket"", ""stance"": ""OO"", ""foot_position"": ""neutral"", ""angle"": ""centerline aligned"", ""ring_position"": ""center"", ""space"": {""A"": ""center"", ""B"": ""center"", ""retreat_available"": ""both""}, ""A"": {""head"": ""center line"", ""weight"": ""neutral / variant dependent"", ""guard"": ""normal"", ""phase"": ""neutral"", ""arm"": ""home"", ""rotation"": ""none"", ""balance"": ""stable"", ""free_hand"": ""both"", ""foot"": ""neutral"", ""bearing"": ""facing opponent""}, ""B"": {""head"": ""center line"", ""weight"": ""neutral / variant dependent"", ""guard"": ""normal"", ""phase"": ""neutral"", ""arm"": ""home"", ""rotation"": ""none"", ""balance"": ""stable"", ""free_hand"": ""both"", ""foot"": ""neutral"", ""bearing"": ""facing opponent""}, ""belief"": {""A"": ""unknown"", ""B"": ""unknown""}, ""target"": ""none"", ""phase_window"": ""neutral""}","{""distance"": ""pocket"", ""stance"": ""OO"", ""foot_position"": ""neutral"", ""angle"": ""centerline aligned"", ""ring_position"": ""center"", ""space"": {""A"": ""center"", ""B"": ""center"", ""retreat_available"": ""both""}, ""A"": {""head"": ""center line"", ""weight"": ""neutral / variant dependent"", ""guard"": ""normal"", ""phase"": ""neutral"", ""arm"": ""home"", ""rotation"": ""none"", ""balance"": ""stable"", ""free_hand"": ""both"", ""foot"": ""neutral"", ""bearing"": ""facing opponent""}, ""B"": {""head"": ""center line"", ""weight"": ""neutral / variant dependent"", ""guard"": ""normal"", ""phase"": ""neutral"", ""arm"": ""home"", ""rotation"": ""none"", ""balance"": ""stable"", ""free_hand"": ""both"", ""foot"": ""neutral"", ""bearing"": ""facing opponent""}, ""belief"": {""A"": ""unknown"", ""B"": ""unknown""}, ""target"": ""none"", ""phase_window"": ""neutral""}",교환의 전제 확인,중립도 선제 위협에 노출,"[""N24_S1"", ""N09_S0"", ""N10_S0"", ""N11_S0"", ""N23_S0""]",,,,
N24_S1,A: Shovel hook · 쇼벨 훅,SHOVEL,OFFENSE,A,N24,"{""distance"": ""pocket"", ""stance"": ""OO"", ""foot_position"": ""neutral"", ""angle"": ""centerline aligned"", ""ring_position"": ""center"", ""space"": {""A"": ""center"", ""B"": ""center"", ""retreat_available"": ""both""}, ""A"": {""head"": ""center line"", ""weight"": ""neutral / variant dependent"", ""guard"": ""normal"", ""phase"": ""neutral"", ""arm"": ""home"", ""rotation"": ""none"", ""balance"": ""stable"", ""free_hand"": ""both"", ""foot"": ""neutral"", ""bearing"": ""facing opponent""}, ""B"": {""head"": ""center line"", ""weight"": ""neutral / variant dependent"", ""guard"": ""normal"", ""phase"": ""neutral"", ""arm"": ""home"", ""rotation"": ""none"", ""balance"": ""stable"", ""free_hand"": ""both"", ""foot"": ""neutral"", ""bearing"": ""facing opponent""}, ""belief"": {""A"": ""unknown"", ""B"": ""unknown""}, ""target"": ""none"", ""phase_window"": ""neutral""}","{""distance"": ""pocket"", ""stance"": ""OO"", ""foot_position"": ""neutral"", ""angle"": ""centerline aligned"", ""ring_position"": ""center"", ""space"": {""A"": ""center"", ""B"": ""center"", ""retreat_available"": ""both""}, ""A"": {""head"": ""center line"", ""weight"": ""neutral / variant dependent"", ""guard"": ""attacking arm displaced; other hand protection conditional"", ""phase"": ""extension"", ""arm"": ""lead/variant extended"", ""rotation"": ""punch-specific rotation; magnitude variable"", ""balance"": ""stable"", ""free_hand"": ""both"", ""foot"": ""neutral"", ""bearing"": ""facing opponent""}, ""B"": {""head"": ""center line"", ""weight"": ""neutral / variant dependent"", ""guard"": ""normal"", ""phase"": ""neutral"", ""arm"": ""home"", ""rotation"": ""none"", ""balance"": ""stable"", ""free_hand"": ""both"", ""foot"": ""neutral"", ""bearing"": ""facing opponent""}, ""belief"": {""A"": ""unknown"", ""B"": ""unknown""}, ""target"": ""body"", ""phase_window"": ""팔꿈치 바깥과 중앙 사이 합법 보디 사선""}",팔꿈치와 중앙 가드 사이 틈 공략,각도·높이 틀리면 팔꿈치에 막힘,"[""N24_S2""]",훅과 어퍼컷 사이 사선 궤도,팔꿈치 바깥과 중앙 사이 합법 보디 사선,"[""S03""]",biomechanical inference
N24_S2,B: Elbow body block · 팔꿈치 블록,ELBOW,DEFENSE,B,N24,"{""distance"": ""pocket"", ""stance"": ""OO"", ""foot_position"": ""neutral"", ""angle"": ""centerline aligned"", ""ring_position"": ""center"", ""space"": {""A"": ""center"", ""B"": ""center"", ""retreat_available"": ""both""}, ""A"": {""head"": ""center line"", ""weight"": ""neutral / variant dependent"", ""guard"": ""attacking arm displaced; other hand protection conditional"", ""phase"": ""extension"", ""arm"": ""lead/variant extended"", ""rotation"": ""punch-specific rotation; magnitude variable"", ""balance"": ""stable"", ""free_hand"": ""both"", ""foot"": ""neutral"", ""bearing"": ""facing opponent""}, ""B"": {""head"": ""center line"", ""weight"": ""neutral / variant dependent"", ""guard"": ""normal"", ""phase"": ""neutral"", ""arm"": ""home"", ""rotation"": ""none"", ""balance"": ""stable"", ""free_hand"": ""both"", ""foot"": ""neutral"", ""bearing"": ""facing opponent""}, ""belief"": {""A"": ""unknown"", ""B"": ""unknown""}, ""target"": ""body"", ""phase_window"": ""팔꿈치 바깥과 중앙 사이 합법 보디 사선""}","{""distance"": ""pocket"", ""stance"": ""OO"", ""foot_position"": ""neutral"", ""angle"": ""centerline aligned"", ""ring_position"": ""center"", ""space"": {""A"": ""center"", ""B"": ""center"", ""retreat_available"": ""both""}, ""A"": {""head"": ""center line"", ""weight"": ""neutral / variant dependent"", ""guard"": ""attacking arm displaced; other hand protection conditional"", ""phase"": ""recovery"", ""arm"": ""lead/variant extended"", ""rotation"": ""punch-specific rotation; magnitude variable"", ""balance"": ""stable"", ""free_hand"": ""both"", ""foot"": ""neutral"", ""bearing"": ""facing opponent""}, ""B"": {""head"": ""center line"", ""weight"": ""neutral / variant dependent"", ""guard"": ""elbow tucked; head glove conditional"", ""phase"": ""impact/cover"", ""arm"": ""home"", ""rotation"": ""none"", ""balance"": ""stable"", ""free_hand"": ""both"", ""foot"": ""neutral"", ""bearing"": ""facing opponent""}, ""belief"": {""A"": ""unknown"", ""B"": ""unknown""}, ""target"": ""body"", ""phase_window"": ""몸통 회전·팔꿈치로 사선 차단""}",보디 훅·사선 공격을 팔로 받음,같은 쪽 머리 가드가 실제로 내려가면 head opening,"[""N24_S3""]",팔꿈치를 좁히거나 몸통 회전으로 보디 통로 차단,몸통 회전·팔꿈치로 사선 차단,"[""S01"", ""S16""]",biomechanical inference
N24_S3,A: Lead uppercut · 앞손 어퍼컷,LU,OFFENSE,A,N24,"{""distance"": ""pocket"", ""stance"": ""OO"", ""foot_position"": ""neutral"", ""angle"": ""centerline aligned"", ""ring_position"": ""center"", ""space"": {""A"": ""center"", ""B"": ""center"", ""retreat_available"": ""both""}, ""A"": {""head"": ""center line"", ""weight"": ""neutral / variant dependent"", ""guard"": ""attacking arm displaced; other hand protection conditional"", ""phase"": ""recovery"", ""arm"": ""lead/variant extended"", ""rotation"": ""punch-specific rotation; magnitude variable"", ""balance"": ""stable"", ""free_hand"": ""both"", ""foot"": ""neutral"", ""bearing"": ""facing opponent""}, ""B"": {""head"": ""center line"", ""weight"": ""neutral / variant dependent"", ""guard"": ""elbow tucked; head glove conditional"", ""phase"": ""impact/cover"", ""arm"": ""home"", ""rotation"": ""none"", ""balance"": ""stable"", ""free_hand"": ""both"", ""foot"": ""neutral"", ""bearing"": ""facing opponent""}, ""belief"": {""A"": ""unknown"", ""B"": ""unknown""}, ""target"": ""body"", ""phase_window"": ""몸통 회전·팔꿈치로 사선 차단""}","{""distance"": ""pocket"", ""stance"": ""OO"", ""foot_position"": ""neutral"", ""angle"": ""centerline aligned"", ""ring_position"": ""center"", ""space"": {""A"": ""center"", ""B"": ""center"", ""retreat_available"": ""both""}, ""A"": {""head"": ""center line"", ""weight"": ""neutral / variant dependent"", ""guard"": ""attacking arm displaced; other hand protection conditional"", ""phase"": ""extension"", ""arm"": ""lead/variant extended"", ""rotation"": ""punch-specific rotation; magnitude variable"", ""balance"": ""stable"", ""free_hand"": ""both"", ""foot"": ""neutral"", ""bearing"": ""facing opponent""}, ""B"": {""head"": ""center line"", ""weight"": ""neutral / variant dependent"", ""guard"": ""elbow tucked; head glove conditional"", ""phase"": ""impact/cover"", ""arm"": ""home"", ""rotation"": ""none"", ""balance"": ""stable"", ""free_hand"": ""both"", ""foot"": ""neutral"", ""bearing"": ""facing opponent""}, ""belief"": {""A"": ""unknown"", ""B"": ""unknown""}, ""target"": ""head / combination variable"", ""phase_window"": ""B가 팔을 아래로 옮겨 중앙 머리 통로가 실제 열릴 때""}",열린 중앙·낮은 머리의 접근 경로 공략,먼 거리에서 뜨는 궤적·앞손 가드 이탈,"[""N24_S4""]",앞손을 짧은 상승 궤도로 보냄,B가 팔을 아래로 옮겨 중앙 머리 통로가 실제 열릴 때,"[""S03""]",biomechanical inference
N24_S4,B: Outside slip · 바깥 슬립,SOUT,DEFENSE,B,N24,"{""distance"": ""pocket"", ""stance"": ""OO"", ""foot_position"": ""neutral"", ""angle"": ""centerline aligned"", ""ring_position"": ""center"", ""space"": {""A"": ""center"", ""B"": ""center"", ""retreat_available"": ""both""}, ""A"": {""head"": ""center line"", ""weight"": ""neutral / variant dependent"", ""guard"": ""attacking arm displaced; other hand protection conditional"", ""phase"": ""extension"", ""arm"": ""lead/variant extended"", ""rotation"": ""punch-specific rotation; magnitude variable"", ""balance"": ""stable"", ""free_hand"": ""both"", ""foot"": ""neutral"", ""bearing"": ""facing opponent""}, ""B"": {""head"": ""center line"", ""weight"": ""neutral / variant dependent"", ""guard"": ""elbow tucked; head glove conditional"", ""phase"": ""impact/cover"", ""arm"": ""home"", ""rotation"": ""none"", ""balance"": ""stable"", ""free_hand"": ""both"", ""foot"": ""neutral"", ""bearing"": ""facing opponent""}, ""belief"": {""A"": ""unknown"", ""B"": ""unknown""}, ""target"": ""head / combination variable"", ""phase_window"": ""B가 팔을 아래로 옮겨 중앙 머리 통로가 실제 열릴 때""}","{""distance"": ""pocket"", ""stance"": ""OO"", ""foot_position"": ""neutral"", ""angle"": ""head off punching line; body angle not automatic"", ""ring_position"": ""center"", ""space"": {""A"": ""center"", ""B"": ""center"", ""retreat_available"": ""both""}, ""A"": {""head"": ""center line"", ""weight"": ""neutral / variant dependent"", ""guard"": ""attacking arm displaced; other hand protection conditional"", ""phase"": ""recovery"", ""arm"": ""lead/variant extended"", ""rotation"": ""punch-specific rotation; magnitude variable"", ""balance"": ""stable"", ""free_hand"": ""both"", ""foot"": ""neutral"", ""bearing"": ""facing opponent""}, ""B"": {""head"": ""outside incoming punch"", ""weight"": ""variant dependent: support/load must be checked"", ""guard"": ""elbow tucked; head glove conditional"", ""phase"": ""evasion"", ""arm"": ""home"", ""rotation"": ""none"", ""balance"": ""stable"", ""free_hand"": ""both"", ""foot"": ""neutral"", ""bearing"": ""facing opponent""}, ""belief"": {""A"": ""unknown"", ""B"": ""unknown""}, ""target"": ""head / combination variable"", ""phase_window"": ""짧은 상승 통로의 옆으로""}",해당 직선 공격선을 벗어남,다음 펀치 재조준·훅·균형 손실,"[""N24_S5""]",들어오는 특정 펀치의 팔 바깥으로 머리 이동,짧은 상승 통로의 옆으로,"[""S02"", ""S07""]",biomechanical inference
N24_S5,B: Counter hook · 카운터 훅,CH,COUNTER,B,N24,"{""distance"": ""pocket"", ""stance"": ""OO"", ""foot_position"": ""neutral"", ""angle"": ""head off punching line; body angle not automatic"", ""ring_position"": ""center"", ""space"": {""A"": ""center"", ""B"": ""center"", ""retreat_available"": ""both""}, ""A"": {""head"": ""center line"", ""weight"": ""neutral / variant dependent"", ""guard"": ""attacking arm displaced; other hand protection conditional"", ""phase"": ""recovery"", ""arm"": ""lead/variant extended"", ""rotation"": ""punch-specific rotation; magnitude variable"", ""balance"": ""stable"", ""free_hand"": ""both"", ""foot"": ""neutral"", ""bearing"": ""facing opponent""}, ""B"": {""head"": ""outside incoming punch"", ""weight"": ""variant dependent: support/load must be checked"", ""guard"": ""elbow tucked; head glove conditional"", ""phase"": ""evasion"", ""arm"": ""home"", ""rotation"": ""none"", ""balance"": ""stable"", ""free_hand"": ""both"", ""foot"": ""neutral"", ""bearing"": ""facing opponent""}, ""belief"": {""A"": ""unknown"", ""B"": ""unknown""}, ""target"": ""head / combination variable"", ""phase_window"": ""짧은 상승 통로의 옆으로""}","{""distance"": ""pocket"", ""stance"": ""OO"", ""foot_position"": ""neutral"", ""angle"": ""head off punching line; body angle not automatic"", ""ring_position"": ""center"", ""space"": {""A"": ""center"", ""B"": ""center"", ""retreat_available"": ""both""}, ""A"": {""head"": ""center line"", ""weight"": ""neutral / variant dependent"", ""guard"": ""attacking arm displaced; other hand protection conditional"", ""phase"": ""recovery"", ""arm"": ""lead/variant extended"", ""rotation"": ""punch-specific rotation; magnitude variable"", ""balance"": ""stable"", ""free_hand"": ""both"", ""foot"": ""neutral"", ""bearing"": ""facing opponent""}, ""B"": {""head"": ""outside incoming punch"", ""weight"": ""variant dependent: support/load must be checked"", ""guard"": ""attacking arm displaced; other hand protection conditional"", ""phase"": ""extension"", ""arm"": ""lead/variant extended"", ""rotation"": ""punch-specific rotation; magnitude variable"", ""balance"": ""stable"", ""free_hand"": ""both"", ""foot"": ""neutral"", ""bearing"": ""facing opponent""}, ""belief"": {""A"": ""unknown"", ""B"": ""unknown""}, ""target"": ""head / combination variable"", ""phase_window"": ""A 앞손 회수 전 머리 측면""}",직선 복귀·측면 노출 활용,"짧은 사거리, 반대 손 카운터","[""N24_S6""]",방어로 생긴 측면 표적을 짧게 공격,A 앞손 회수 전 머리 측면,"[""S03"", ""S16""]",biomechanical inference
N24_S6,A: Weave / roll · 위빙·롤,ROLL,DEFENSE,A,N24,"{""distance"": ""pocket"", ""stance"": ""OO"", ""foot_position"": ""neutral"", ""angle"": ""head off punching line; body angle not automatic"", ""ring_position"": ""center"", ""space"": {""A"": ""center"", ""B"": ""center"", ""retreat_available"": ""both""}, ""A"": {""head"": ""center line"", ""weight"": ""neutral / variant dependent"", ""guard"": ""attacking arm displaced; other hand protection conditional"", ""phase"": ""recovery"", ""arm"": ""lead/variant extended"", ""rotation"": ""punch-specific rotation; magnitude variable"", ""balance"": ""stable"", ""free_hand"": ""both"", ""foot"": ""neutral"", ""bearing"": ""facing opponent""}, ""B"": {""head"": ""outside incoming punch"", ""weight"": ""variant dependent: support/load must be checked"", ""guard"": ""attacking arm displaced; other hand protection conditional"", ""phase"": ""extension"", ""arm"": ""lead/variant extended"", ""rotation"": ""punch-specific rotation; magnitude variable"", ""balance"": ""stable"", ""free_hand"": ""both"", ""foot"": ""neutral"", ""bearing"": ""facing opponent""}, ""belief"": {""A"": ""unknown"", ""B"": ""unknown""}, ""target"": ""head / combination variable"", ""phase_window"": ""A 앞손 회수 전 머리 측면""}","{""distance"": ""pocket"", ""stance"": ""OO"", ""foot_position"": ""neutral"", ""angle"": ""head off punching line; body angle not automatic"", ""ring_position"": ""center"", ""space"": {""A"": ""center"", ""B"": ""center"", ""retreat_available"": ""both""}, ""A"": {""head"": ""low → lateral path"", ""weight"": ""exit leg dependent"", ""guard"": ""attacking arm displaced; other hand protection conditional"", ""phase"": ""evasion"", ""arm"": ""home"", ""rotation"": ""roll exit-dependent"", ""balance"": ""stable"", ""free_hand"": ""both"", ""foot"": ""neutral"", ""bearing"": ""facing opponent""}, ""B"": {""head"": ""outside incoming punch"", ""weight"": ""variant dependent: support/load must be checked"", ""guard"": ""attacking arm displaced; other hand protection conditional"", ""phase"": ""recovery"", ""arm"": ""lead/variant extended"", ""rotation"": ""punch-specific rotation; magnitude variable"", ""balance"": ""stable"", ""free_hand"": ""both"", ""foot"": ""neutral"", ""bearing"": ""facing opponent""}, ""belief"": {""A"": ""unknown"", ""B"": ""unknown""}, ""target"": ""head / combination variable"", ""phase_window"": ""높은 훅 아래 옆 이동""}",높은 훅 아래를 지나 측면으로 나옴,반복 경로·허리 굽힘·다음 낮은 공격,"[""N24_S7""]",무릎·몸통으로 U형 또는 곡선 머리 이동,높은 훅 아래 옆 이동,"[""S01"", ""S08"", ""S09""]",biomechanical inference
N24_S7,A: Counter body shot · 보디 카운터,CB,COUNTER,A,N24,"{""distance"": ""pocket"", ""stance"": ""OO"", ""foot_position"": ""neutral"", ""angle"": ""head off punching line; body angle not automatic"", ""ring_position"": ""center"", ""space"": {""A"": ""center"", ""B"": ""center"", ""retreat_available"": ""both""}, ""A"": {""head"": ""low → lateral path"", ""weight"": ""exit leg dependent"", ""guard"": ""attacking arm displaced; other hand protection conditional"", ""phase"": ""evasion"", ""arm"": ""home"", ""rotation"": ""roll exit-dependent"", ""balance"": ""stable"", ""free_hand"": ""both"", ""foot"": ""neutral"", ""bearing"": ""facing opponent""}, ""B"": {""head"": ""outside incoming punch"", ""weight"": ""variant dependent: support/load must be checked"", ""guard"": ""attacking arm displaced; other hand protection conditional"", ""phase"": ""recovery"", ""arm"": ""lead/variant extended"", ""rotation"": ""punch-specific rotation; magnitude variable"", ""balance"": ""stable"", ""free_hand"": ""both"", ""foot"": ""neutral"", ""bearing"": ""facing opponent""}, ""belief"": {""A"": ""unknown"", ""B"": ""unknown""}, ""target"": ""head / combination variable"", ""phase_window"": ""높은 훅 아래 옆 이동""}","{""distance"": ""pocket"", ""stance"": ""OO"", ""foot_position"": ""neutral"", ""angle"": ""head off punching line; body angle not automatic"", ""ring_position"": ""center"", ""space"": {""A"": ""center"", ""B"": ""center"", ""retreat_available"": ""both""}, ""A"": {""head"": ""low; lateral offset conditional"", ""weight"": ""exit leg dependent"", ""guard"": ""attacking arm displaced; other hand protection conditional"", ""phase"": ""extension"", ""arm"": ""lead/variant extended"", ""rotation"": ""roll exit-dependent"", ""balance"": ""stable"", ""free_hand"": ""both"", ""foot"": ""neutral"", ""bearing"": ""facing opponent""}, ""B"": {""head"": ""outside incoming punch"", ""weight"": ""variant dependent: support/load must be checked"", ""guard"": ""attacking arm displaced; other hand protection conditional"", ""phase"": ""recovery"", ""arm"": ""lead/variant extended"", ""rotation"": ""punch-specific rotation; magnitude variable"", ""balance"": ""stable"", ""free_hand"": ""both"", ""foot"": ""neutral"", ""bearing"": ""facing opponent""}, ""belief"": {""A"": ""unknown"", ""B"": ""unknown""}, ""target"": ""body"", ""phase_window"": ""롤 출구에서 보디 도달""}",들린 팔·높은 가드 아래 이용,머리를 맞교환 라인에 두면 위험,"[""N24_S8""]",상대 위쪽 공격 뒤 합법 몸통 표적,롤 출구에서 보디 도달,"[""S16"", ""S10""]",biomechanical inference
N24_S8,B: Exit angle · 각도 탈출,EXIT,POSITION,B,N24,"{""distance"": ""pocket"", ""stance"": ""OO"", ""foot_position"": ""neutral"", ""angle"": ""head off punching line; body angle not automatic"", ""ring_position"": ""center"", ""space"": {""A"": ""center"", ""B"": ""center"", ""retreat_available"": ""both""}, ""A"": {""head"": ""low; lateral offset conditional"", ""weight"": ""exit leg dependent"", ""guard"": ""attacking arm displaced; other hand protection conditional"", ""phase"": ""extension"", ""arm"": ""lead/variant extended"", ""rotation"": ""roll exit-dependent"", ""balance"": ""stable"", ""free_hand"": ""both"", ""foot"": ""neutral"", ""bearing"": ""facing opponent""}, ""B"": {""head"": ""outside incoming punch"", ""weight"": ""variant dependent: support/load must be checked"", ""guard"": ""attacking arm displaced; other hand protection conditional"", ""phase"": ""recovery"", ""arm"": ""lead/variant extended"", ""rotation"": ""punch-specific rotation; magnitude variable"", ""balance"": ""stable"", ""free_hand"": ""both"", ""foot"": ""neutral"", ""bearing"": ""facing opponent""}, ""belief"": {""A"": ""unknown"", ""B"": ""unknown""}, ""target"": ""body"", ""phase_window"": ""롤 출구에서 보디 도달""}","{""distance"": ""pocket"", ""stance"": ""OO"", ""foot_position"": ""angle candidate"", ""angle"": ""off-line candidate; opponent may reorient"", ""ring_position"": ""center"", ""space"": {""A"": ""center"", ""B"": ""center"", ""retreat_available"": ""both""}, ""A"": {""head"": ""low; lateral offset conditional"", ""weight"": ""exit leg dependent"", ""guard"": ""attacking arm displaced; other hand protection conditional"", ""phase"": ""recovery"", ""arm"": ""lead/variant extended"", ""rotation"": ""roll exit-dependent"", ""balance"": ""stable"", ""free_hand"": ""both"", ""foot"": ""neutral"", ""bearing"": ""facing opponent""}, ""B"": {""head"": ""outside incoming punch"", ""weight"": ""variant dependent: support/load must be checked"", ""guard"": ""attacking arm displaced; other hand protection conditional"", ""phase"": ""footwork"", ""arm"": ""home"", ""rotation"": ""punch-specific rotation; magnitude variable"", ""balance"": ""stable only after placement; transient step risk"", ""free_hand"": ""both"", ""foot"": ""neutral"", ""bearing"": ""reoriented toward opponent; conditional completion""}, ""belief"": {""A"": ""unknown"", ""B"": ""unknown""}, ""target"": ""body"", ""phase_window"": ""가드를 복구하며 옆으로""}",콤비네이션 직선 추격에서 벗어남,상대 훅·링 커팅·뒤돌기 금지,"[""N24_S9""]",방어·짧은 타격 뒤 옆 이동과 재지향,가드를 복구하며 옆으로,"[""S06""]",biomechanical inference
N24_S9,A: Reset · 재정렬,RESET,POSITION,A,N24,"{""distance"": ""pocket"", ""stance"": ""OO"", ""foot_position"": ""angle candidate"", ""angle"": ""off-line candidate; opponent may reorient"", ""ring_position"": ""center"", ""space"": {""A"": ""center"", ""B"": ""center"", ""retreat_available"": ""both""}, ""A"": {""head"": ""low; lateral offset conditional"", ""weight"": ""exit leg dependent"", ""guard"": ""attacking arm displaced; other hand protection conditional"", ""phase"": ""recovery"", ""arm"": ""lead/variant extended"", ""rotation"": ""roll exit-dependent"", ""balance"": ""stable"", ""free_hand"": ""both"", ""foot"": ""neutral"", ""bearing"": ""facing opponent""}, ""B"": {""head"": ""outside incoming punch"", ""weight"": ""variant dependent: support/load must be checked"", ""guard"": ""attacking arm displaced; other hand protection conditional"", ""phase"": ""footwork"", ""arm"": ""home"", ""rotation"": ""punch-specific rotation; magnitude variable"", ""balance"": ""stable only after placement; transient step risk"", ""free_hand"": ""both"", ""foot"": ""neutral"", ""bearing"": ""reoriented toward opponent; conditional completion""}, ""belief"": {""A"": ""unknown"", ""B"": ""unknown""}, ""target"": ""body"", ""phase_window"": ""가드를 복구하며 옆으로""}","{""distance"": ""pocket"", ""stance"": ""OO"", ""foot_position"": ""neutral"", ""angle"": ""centerline aligned"", ""ring_position"": ""center"", ""space"": {""A"": ""center"", ""B"": ""center"", ""retreat_available"": ""both""}, ""A"": {""head"": ""center line / guarded"", ""weight"": ""neutral / ready"", ""guard"": ""normal"", ""phase"": ""neutral"", ""arm"": ""home"", ""rotation"": ""none"", ""balance"": ""stable"", ""free_hand"": ""both"", ""foot"": ""neutral"", ""bearing"": ""facing opponent""}, ""B"": {""head"": ""center line / guarded"", ""weight"": ""neutral / ready"", ""guard"": ""normal"", ""phase"": ""neutral"", ""arm"": ""home"", ""rotation"": ""none"", ""balance"": ""stable"", ""free_hand"": ""both"", ""foot"": ""neutral"", ""bearing"": ""facing opponent""}, ""belief"": {""A"": ""unknown"", ""B"": ""unknown""}, ""target"": ""none"", ""phase_window"": ""짧은 교환을 종료""}",새 교환 준비,시간 비용; 상대가 계속 치면 완료 불가,"[""N24_S0""]",손·발·시선·상대 bearing을 다시 맞춤,짧은 교환을 종료,"[""S06""]",biomechanical inference
N25_S0,시작 상태,,STATE,,N25,"{""distance"": ""long"", ""stance"": ""OO"", ""foot_position"": ""neutral"", ""angle"": ""centerline aligned"", ""ring_position"": ""center"", ""space"": {""A"": ""center"", ""B"": ""center"", ""retreat_available"": ""both""}, ""A"": {""head"": ""center line"", ""weight"": ""neutral / variant dependent"", ""guard"": ""normal"", ""phase"": ""neutral"", ""arm"": ""home"", ""rotation"": ""none"", ""balance"": ""stable"", ""free_hand"": ""both"", ""foot"": ""neutral"", ""bearing"": ""facing opponent""}, ""B"": {""head"": ""center line"", ""weight"": ""neutral / variant dependent"", ""guard"": ""normal"", ""phase"": ""neutral"", ""arm"": ""home"", ""rotation"": ""none"", ""balance"": ""stable"", ""free_hand"": ""both"", ""foot"": ""neutral"", ""bearing"": ""facing opponent""}, ""belief"": {""A"": ""unknown"", ""B"": ""unknown""}, ""target"": ""none"", ""phase_window"": ""neutral""}","{""distance"": ""long"", ""stance"": ""OO"", ""foot_position"": ""neutral"", ""angle"": ""centerline aligned"", ""ring_position"": ""center"", ""space"": {""A"": ""center"", ""B"": ""center"", ""retreat_available"": ""both""}, ""A"": {""head"": ""center line"", ""weight"": ""neutral / variant dependent"", ""guard"": ""normal"", ""phase"": ""neutral"", ""arm"": ""home"", ""rotation"": ""none"", ""balance"": ""stable"", ""free_hand"": ""both"", ""foot"": ""neutral"", ""bearing"": ""facing opponent""}, ""B"": {""head"": ""center line"", ""weight"": ""neutral / variant dependent"", ""guard"": ""normal"", ""phase"": ""neutral"", ""arm"": ""home"", ""rotation"": ""none"", ""balance"": ""stable"", ""free_hand"": ""both"", ""foot"": ""neutral"", ""bearing"": ""facing opponent""}, ""belief"": {""A"": ""unknown"", ""B"": ""unknown""}, ""target"": ""none"", ""phase_window"": ""neutral""}",교환의 전제 확인,중립도 선제 위협에 노출,"[""N25_S1"", ""N25_S10"", ""N01_S0"", ""N02_S0"", ""N04_S0"", ""N05_S0"", ""N07_S0"", ""N19_S0"", ""N22_S0""]",,,,
N25_S1,A: Lead jab · 잽,JAB,OFFENSE,A,N25,"{""distance"": ""long"", ""stance"": ""OO"", ""foot_position"": ""neutral"", ""angle"": ""centerline aligned"", ""ring_position"": ""center"", ""space"": {""A"": ""center"", ""B"": ""center"", ""retreat_available"": ""both""}, ""A"": {""head"": ""center line"", ""weight"": ""neutral / variant dependent"", ""guard"": ""normal"", ""phase"": ""neutral"", ""arm"": ""home"", ""rotation"": ""none"", ""balance"": ""stable"", ""free_hand"": ""both"", ""foot"": ""neutral"", ""bearing"": ""facing opponent""}, ""B"": {""head"": ""center line"", ""weight"": ""neutral / variant dependent"", ""guard"": ""normal"", ""phase"": ""neutral"", ""arm"": ""home"", ""rotation"": ""none"", ""balance"": ""stable"", ""free_hand"": ""both"", ""foot"": ""neutral"", ""bearing"": ""facing opponent""}, ""belief"": {""A"": ""unknown"", ""B"": ""unknown""}, ""target"": ""none"", ""phase_window"": ""neutral""}","{""distance"": ""long"", ""stance"": ""OO"", ""foot_position"": ""neutral"", ""angle"": ""centerline aligned"", ""ring_position"": ""center"", ""space"": {""A"": ""center"", ""B"": ""center"", ""retreat_available"": ""both""}, ""A"": {""head"": ""center line"", ""weight"": ""neutral / variant dependent"", ""guard"": ""attacking arm displaced; other hand protection conditional"", ""phase"": ""extension"", ""arm"": ""lead/variant extended"", ""rotation"": ""none"", ""balance"": ""stable"", ""free_hand"": ""both"", ""foot"": ""neutral"", ""bearing"": ""facing opponent""}, ""B"": {""head"": ""center line"", ""weight"": ""neutral / variant dependent"", ""guard"": ""normal"", ""phase"": ""neutral"", ""arm"": ""home"", ""rotation"": ""none"", ""balance"": ""stable"", ""free_hand"": ""both"", ""foot"": ""neutral"", ""bearing"": ""facing opponent""}, ""belief"": {""A"": ""unknown"", ""B"": ""unknown""}, ""target"": ""head / combination variable"", ""phase_window"": ""롱 레인지의 앞손 startup""}",사거리·반응을 확인하고 시야를 가림,앞손 복귀 동안 같은 쪽 가드가 비며 단조로운 타이밍을 읽힐 수 있음,"[""N25_S2""]",앞손을 짧게 직선으로 보내고 복귀,롱 레인지의 앞손 startup,"[""S01"", ""S02""]",biomechanical inference
N25_S2,B: Split-entry / simultaneous counter,SPLIT,COUNTER,B,N25,"{""distance"": ""long"", ""stance"": ""OO"", ""foot_position"": ""neutral"", ""angle"": ""centerline aligned"", ""ring_position"": ""center"", ""space"": {""A"": ""center"", ""B"": ""center"", ""retreat_available"": ""both""}, ""A"": {""head"": ""center line"", ""weight"": ""neutral / variant dependent"", ""guard"": ""attacking arm displaced; other hand protection conditional"", ""phase"": ""extension"", ""arm"": ""lead/variant extended"", ""rotation"": ""none"", ""balance"": ""stable"", ""free_hand"": ""both"", ""foot"": ""neutral"", ""bearing"": ""facing opponent""}, ""B"": {""head"": ""center line"", ""weight"": ""neutral / variant dependent"", ""guard"": ""normal"", ""phase"": ""neutral"", ""arm"": ""home"", ""rotation"": ""none"", ""balance"": ""stable"", ""free_hand"": ""both"", ""foot"": ""neutral"", ""bearing"": ""facing opponent""}, ""belief"": {""A"": ""unknown"", ""B"": ""unknown""}, ""target"": ""head / combination variable"", ""phase_window"": ""롱 레인지의 앞손 startup""}","{""distance"": ""mid"", ""stance"": ""OO"", ""foot_position"": ""neutral"", ""angle"": ""centerline aligned"", ""ring_position"": ""center"", ""space"": {""A"": ""center"", ""B"": ""center"", ""retreat_available"": ""both""}, ""A"": {""head"": ""center line"", ""weight"": ""neutral / variant dependent"", ""guard"": ""attacking arm displaced; other hand protection conditional"", ""phase"": ""recovery"", ""arm"": ""lead/variant extended"", ""rotation"": ""none"", ""balance"": ""stable"", ""free_hand"": ""both"", ""foot"": ""neutral"", ""bearing"": ""facing opponent""}, ""B"": {""head"": ""center line"", ""weight"": ""neutral / variant dependent"", ""guard"": ""attacking arm displaced; other hand protection conditional"", ""phase"": ""extension"", ""arm"": ""lead/variant extended"", ""rotation"": ""none"", ""balance"": ""stable"", ""free_hand"": ""both"", ""foot"": ""neutral"", ""bearing"": ""facing opponent""}, ""belief"": {""A"": ""unknown"", ""B"": ""unknown""}, ""target"": ""head / combination variable"", ""phase_window"": ""머리를 A 잽 궤도 밖으로 두며 짧은 직선을 동시에 겹침""}",방어와 공격의 시간을 겹침,교환 위험; 같은 이름에 여러 궤적 존재,"[""N25_S3""]",머리 라인 변경과 직선 반격을 겹쳐 진입,머리를 A 잽 궤도 밖으로 두며 짧은 직선을 동시에 겹침,"[""S01"", ""S07""]",biomechanical inference
N25_S3,A: Small parry · 작은 패리,PARRY,DEFENSE,A,N25,"{""distance"": ""mid"", ""stance"": ""OO"", ""foot_position"": ""neutral"", ""angle"": ""centerline aligned"", ""ring_position"": ""center"", ""space"": {""A"": ""center"", ""B"": ""center"", ""retreat_available"": ""both""}, ""A"": {""head"": ""center line"", ""weight"": ""neutral / variant dependent"", ""guard"": ""attacking arm displaced; other hand protection conditional"", ""phase"": ""recovery"", ""arm"": ""lead/variant extended"", ""rotation"": ""none"", ""balance"": ""stable"", ""free_hand"": ""both"", ""foot"": ""neutral"", ""bearing"": ""facing opponent""}, ""B"": {""head"": ""center line"", ""weight"": ""neutral / variant dependent"", ""guard"": ""attacking arm displaced; other hand protection conditional"", ""phase"": ""extension"", ""arm"": ""lead/variant extended"", ""rotation"": ""none"", ""balance"": ""stable"", ""free_hand"": ""both"", ""foot"": ""neutral"", ""bearing"": ""facing opponent""}, ""belief"": {""A"": ""unknown"", ""B"": ""unknown""}, ""target"": ""head / combination variable"", ""phase_window"": ""머리를 A 잽 궤도 밖으로 두며 짧은 직선을 동시에 겹침""}","{""distance"": ""mid"", ""stance"": ""OO"", ""foot_position"": ""neutral"", ""angle"": ""centerline aligned"", ""ring_position"": ""center"", ""space"": {""A"": ""center"", ""B"": ""center"", ""retreat_available"": ""both""}, ""A"": {""head"": ""center line"", ""weight"": ""neutral / variant dependent"", ""guard"": ""small parry displacement"", ""phase"": ""impact/deflection"", ""arm"": ""parrying hand displaced"", ""rotation"": ""none"", ""balance"": ""stable"", ""free_hand"": ""other hand"", ""foot"": ""neutral"", ""bearing"": ""facing opponent""}, ""B"": {""head"": ""center line"", ""weight"": ""neutral / variant dependent"", ""guard"": ""attacking arm displaced; other hand protection conditional"", ""phase"": ""recovery"", ""arm"": ""lead/variant extended"", ""rotation"": ""none"", ""balance"": ""stable"", ""free_hand"": ""both"", ""foot"": ""neutral"", ""bearing"": ""facing opponent""}, ""belief"": {""A"": ""unknown"", ""B"": ""unknown""}, ""target"": ""head / combination variable"", ""phase_window"": ""B 실제 직선 면을 작게 비킴; A 잽은 중단·회수 필요""}",거리 유지·상대 공격선 이동,반복 타이밍과 복귀를 읽힐 수 있음; 자동 빈틈 아님,"[""N25_S4""]",글러브로 직선을 최소 이동만큼 비킴,B 실제 직선 면을 작게 비킴; A 잽은 중단·회수 필요,"[""S01"", ""S02"", ""S11"", ""S16""]",biomechanical inference
N25_S4,A: Lead hook · 앞손 훅,LH,OFFENSE,A,N25,"{""distance"": ""mid"", ""stance"": ""OO"", ""foot_position"": ""neutral"", ""angle"": ""centerline aligned"", ""ring_position"": ""center"", ""space"": {""A"": ""center"", ""B"": ""center"", ""retreat_available"": ""both""}, ""A"": {""head"": ""center line"", ""weight"": ""neutral / variant dependent"", ""guard"": ""small parry displacement"", ""phase"": ""impact/deflection"", ""arm"": ""parrying hand displaced"", ""rotation"": ""none"", ""balance"": ""stable"", ""free_hand"": ""other hand"", ""foot"": ""neutral"", ""bearing"": ""facing opponent""}, ""B"": {""head"": ""center line"", ""weight"": ""neutral / variant dependent"", ""guard"": ""attacking arm displaced; other hand protection conditional"", ""phase"": ""recovery"", ""arm"": ""lead/variant extended"", ""rotation"": ""none"", ""balance"": ""stable"", ""free_hand"": ""both"", ""foot"": ""neutral"", ""bearing"": ""facing opponent""}, ""belief"": {""A"": ""unknown"", ""B"": ""unknown""}, ""target"": ""head / combination variable"", ""phase_window"": ""B 실제 직선 면을 작게 비킴; A 잽은 중단·회수 필요""}","{""distance"": ""mid"", ""stance"": ""OO"", ""foot_position"": ""neutral"", ""angle"": ""centerline aligned"", ""ring_position"": ""center"", ""space"": {""A"": ""center"", ""B"": ""center"", ""retreat_available"": ""both""}, ""A"": {""head"": ""center line"", ""weight"": ""neutral / variant dependent"", ""guard"": ""attacking arm displaced; other hand protection conditional"", ""phase"": ""extension"", ""arm"": ""lead/variant extended"", ""rotation"": ""punch-specific rotation; magnitude variable"", ""balance"": ""stable"", ""free_hand"": ""other hand"", ""foot"": ""neutral"", ""bearing"": ""facing opponent""}, ""B"": {""head"": ""center line"", ""weight"": ""neutral / variant dependent"", ""guard"": ""attacking arm displaced; other hand protection conditional"", ""phase"": ""recovery"", ""arm"": ""lead/variant extended"", ""rotation"": ""none"", ""balance"": ""stable"", ""free_hand"": ""both"", ""foot"": ""neutral"", ""bearing"": ""facing opponent""}, ""belief"": {""A"": ""unknown"", ""B"": ""unknown""}, ""target"": ""head / combination variable"", ""phase_window"": ""앞손 회수 완료 후 중거리 측면 표적""}",직선 밖 이동한 표적·측면 가드 공략,넓게 돌면 직선 인터셉트와 반대 훅에 노출,"[""N25_S5""]",앞손 곡선으로 옆 표적을 향하고 짧게 회수,앞손 회수 완료 후 중거리 측면 표적,"[""S03""]",biomechanical inference
N25_S5,B: Weave / roll · 위빙·롤,ROLL,DEFENSE,B,N25,"{""distance"": ""mid"", ""stance"": ""OO"", ""foot_position"": ""neutral"", ""angle"": ""centerline aligned"", ""ring_position"": ""center"", ""space"": {""A"": ""center"", ""B"": ""center"", ""retreat_available"": ""both""}, ""A"": {""head"": ""center line"", ""weight"": ""neutral / variant dependent"", ""guard"": ""attacking arm displaced; other hand protection conditional"", ""phase"": ""extension"", ""arm"": ""lead/variant extended"", ""rotation"": ""punch-specific rotation; magnitude variable"", ""balance"": ""stable"", ""free_hand"": ""other hand"", ""foot"": ""neutral"", ""bearing"": ""facing opponent""}, ""B"": {""head"": ""center line"", ""weight"": ""neutral / variant dependent"", ""guard"": ""attacking arm displaced; other hand protection conditional"", ""phase"": ""recovery"", ""arm"": ""lead/variant extended"", ""rotation"": ""none"", ""balance"": ""stable"", ""free_hand"": ""both"", ""foot"": ""neutral"", ""bearing"": ""facing opponent""}, ""belief"": {""A"": ""unknown"", ""B"": ""unknown""}, ""target"": ""head / combination variable"", ""phase_window"": ""앞손 회수 완료 후 중거리 측면 표적""}","{""distance"": ""mid"", ""stance"": ""OO"", ""foot_position"": ""neutral"", ""angle"": ""centerline aligned"", ""ring_position"": ""center"", ""space"": {""A"": ""center"", ""B"": ""center"", ""retreat_available"": ""both""}, ""A"": {""head"": ""center line"", ""weight"": ""neutral / variant dependent"", ""guard"": ""attacking arm displaced; other hand protection conditional"", ""phase"": ""recovery"", ""arm"": ""lead/variant extended"", ""rotation"": ""punch-specific rotation; magnitude variable"", ""balance"": ""stable"", ""free_hand"": ""other hand"", ""foot"": ""neutral"", ""bearing"": ""facing opponent""}, ""B"": {""head"": ""low → lateral path"", ""weight"": ""exit leg dependent"", ""guard"": ""attacking arm displaced; other hand protection conditional"", ""phase"": ""evasion"", ""arm"": ""home"", ""rotation"": ""roll exit-dependent"", ""balance"": ""stable"", ""free_hand"": ""both"", ""foot"": ""neutral"", ""bearing"": ""facing opponent""}, ""belief"": {""A"": ""unknown"", ""B"": ""unknown""}, ""target"": ""head / combination variable"", ""phase_window"": ""높은 훅 아래 옆 이동""}",높은 훅 아래를 지나 측면으로 나옴,반복 경로·허리 굽힘·다음 낮은 공격,"[""N25_S6""]",무릎·몸통으로 U형 또는 곡선 머리 이동,높은 훅 아래 옆 이동,"[""S01"", ""S08"", ""S09""]",biomechanical inference
N25_S6,B: Counter body shot · 보디 카운터,CB,COUNTER,B,N25,"{""distance"": ""mid"", ""stance"": ""OO"", ""foot_position"": ""neutral"", ""angle"": ""centerline aligned"", ""ring_position"": ""center"", ""space"": {""A"": ""center"", ""B"": ""center"", ""retreat_available"": ""both""}, ""A"": {""head"": ""center line"", ""weight"": ""neutral / variant dependent"", ""guard"": ""attacking arm displaced; other hand protection conditional"", ""phase"": ""recovery"", ""arm"": ""lead/variant extended"", ""rotation"": ""punch-specific rotation; magnitude variable"", ""balance"": ""stable"", ""free_hand"": ""other hand"", ""foot"": ""neutral"", ""bearing"": ""facing opponent""}, ""B"": {""head"": ""low → lateral path"", ""weight"": ""exit leg dependent"", ""guard"": ""attacking arm displaced; other hand protection conditional"", ""phase"": ""evasion"", ""arm"": ""home"", ""rotation"": ""roll exit-dependent"", ""balance"": ""stable"", ""free_hand"": ""both"", ""foot"": ""neutral"", ""bearing"": ""facing opponent""}, ""belief"": {""A"": ""unknown"", ""B"": ""unknown""}, ""target"": ""head / combination variable"", ""phase_window"": ""높은 훅 아래 옆 이동""}","{""distance"": ""mid"", ""stance"": ""OO"", ""foot_position"": ""neutral"", ""angle"": ""centerline aligned"", ""ring_position"": ""center"", ""space"": {""A"": ""center"", ""B"": ""center"", ""retreat_available"": ""both""}, ""A"": {""head"": ""center line"", ""weight"": ""neutral / variant dependent"", ""guard"": ""attacking arm displaced; other hand protection conditional"", ""phase"": ""recovery"", ""arm"": ""lead/variant extended"", ""rotation"": ""punch-specific rotation; magnitude variable"", ""balance"": ""stable"", ""free_hand"": ""other hand"", ""foot"": ""neutral"", ""bearing"": ""facing opponent""}, ""B"": {""head"": ""low; lateral offset conditional"", ""weight"": ""exit leg dependent"", ""guard"": ""attacking arm displaced; other hand protection conditional"", ""phase"": ""extension"", ""arm"": ""lead/variant extended"", ""rotation"": ""roll exit-dependent"", ""balance"": ""stable"", ""free_hand"": ""both"", ""foot"": ""neutral"", ""bearing"": ""facing opponent""}, ""belief"": {""A"": ""unknown"", ""B"": ""unknown""}, ""target"": ""body"", ""phase_window"": ""A 훅 회수 전에 합법 보디 도달""}",들린 팔·높은 가드 아래 이용,머리를 맞교환 라인에 두면 위험,"[""N25_S7""]",상대 위쪽 공격 뒤 합법 몸통 표적,A 훅 회수 전에 합법 보디 도달,"[""S16"", ""S10""]",biomechanical inference
N25_S7,A: Elbow body block · 팔꿈치 블록,ELBOW,DEFENSE,A,N25,"{""distance"": ""mid"", ""stance"": ""OO"", ""foot_position"": ""neutral"", ""angle"": ""centerline aligned"", ""ring_position"": ""center"", ""space"": {""A"": ""center"", ""B"": ""center"", ""retreat_available"": ""both""}, ""A"": {""head"": ""center line"", ""weight"": ""neutral / variant dependent"", ""guard"": ""attacking arm displaced; other hand protection conditional"", ""phase"": ""recovery"", ""arm"": ""lead/variant extended"", ""rotation"": ""punch-specific rotation; magnitude variable"", ""balance"": ""stable"", ""free_hand"": ""other hand"", ""foot"": ""neutral"", ""bearing"": ""facing opponent""}, ""B"": {""head"": ""low; lateral offset conditional"", ""weight"": ""exit leg dependent"", ""guard"": ""attacking arm displaced; other hand protection conditional"", ""phase"": ""extension"", ""arm"": ""lead/variant extended"", ""rotation"": ""roll exit-dependent"", ""balance"": ""stable"", ""free_hand"": ""both"", ""foot"": ""neutral"", ""bearing"": ""facing opponent""}, ""belief"": {""A"": ""unknown"", ""B"": ""unknown""}, ""target"": ""body"", ""phase_window"": ""A 훅 회수 전에 합법 보디 도달""}","{""distance"": ""mid"", ""stance"": ""OO"", ""foot_position"": ""neutral"", ""angle"": ""centerline aligned"", ""ring_position"": ""center"", ""space"": {""A"": ""center"", ""B"": ""center"", ""retreat_available"": ""both""}, ""A"": {""head"": ""center line"", ""weight"": ""neutral / variant dependent"", ""guard"": ""elbow tucked; head glove conditional"", ""phase"": ""impact/cover"", ""arm"": ""home"", ""rotation"": ""punch-specific rotation; magnitude variable"", ""balance"": ""stable"", ""free_hand"": ""other hand"", ""foot"": ""neutral"", ""bearing"": ""facing opponent""}, ""B"": {""head"": ""low; lateral offset conditional"", ""weight"": ""exit leg dependent"", ""guard"": ""attacking arm displaced; other hand protection conditional"", ""phase"": ""recovery"", ""arm"": ""lead/variant extended"", ""rotation"": ""roll exit-dependent"", ""balance"": ""stable"", ""free_hand"": ""both"", ""foot"": ""neutral"", ""bearing"": ""facing opponent""}, ""belief"": {""A"": ""unknown"", ""B"": ""unknown""}, ""target"": ""body"", ""phase_window"": ""보디 면 차단""}",보디 훅·사선 공격을 팔로 받음,같은 쪽 머리 가드가 실제로 내려가면 head opening,"[""N25_S8""]",팔꿈치를 좁히거나 몸통 회전으로 보디 통로 차단,보디 면 차단,"[""S01"", ""S16""]",biomechanical inference
N25_S8,A: Exit angle · 각도 탈출,EXIT,POSITION,A,N25,"{""distance"": ""mid"", ""stance"": ""OO"", ""foot_position"": ""neutral"", ""angle"": ""centerline aligned"", ""ring_position"": ""center"", ""space"": {""A"": ""center"", ""B"": ""center"", ""retreat_available"": ""both""}, ""A"": {""head"": ""center line"", ""weight"": ""neutral / variant dependent"", ""guard"": ""elbow tucked; head glove conditional"", ""phase"": ""impact/cover"", ""arm"": ""home"", ""rotation"": ""punch-specific rotation; magnitude variable"", ""balance"": ""stable"", ""free_hand"": ""other hand"", ""foot"": ""neutral"", ""bearing"": ""facing opponent""}, ""B"": {""head"": ""low; lateral offset conditional"", ""weight"": ""exit leg dependent"", ""guard"": ""attacking arm displaced; other hand protection conditional"", ""phase"": ""recovery"", ""arm"": ""lead/variant extended"", ""rotation"": ""roll exit-dependent"", ""balance"": ""stable"", ""free_hand"": ""both"", ""foot"": ""neutral"", ""bearing"": ""facing opponent""}, ""belief"": {""A"": ""unknown"", ""B"": ""unknown""}, ""target"": ""body"", ""phase_window"": ""보디 면 차단""}","{""distance"": ""mid"", ""stance"": ""OO"", ""foot_position"": ""angle candidate"", ""angle"": ""off-line candidate; opponent may reorient"", ""ring_position"": ""center"", ""space"": {""A"": ""center"", ""B"": ""center"", ""retreat_available"": ""both""}, ""A"": {""head"": ""center line"", ""weight"": ""neutral / variant dependent"", ""guard"": ""elbow tucked; head glove conditional"", ""phase"": ""footwork"", ""arm"": ""home"", ""rotation"": ""punch-specific rotation; magnitude variable"", ""balance"": ""stable only after placement; transient step risk"", ""free_hand"": ""other hand"", ""foot"": ""neutral"", ""bearing"": ""reoriented toward opponent; conditional completion""}, ""B"": {""head"": ""low; lateral offset conditional"", ""weight"": ""exit leg dependent"", ""guard"": ""attacking arm displaced; other hand protection conditional"", ""phase"": ""recovery"", ""arm"": ""lead/variant extended"", ""rotation"": ""roll exit-dependent"", ""balance"": ""stable"", ""free_hand"": ""both"", ""foot"": ""neutral"", ""bearing"": ""facing opponent""}, ""belief"": {""A"": ""unknown"", ""B"": ""unknown""}, ""target"": ""body"", ""phase_window"": ""가드 복귀하며 옆 탈출""}",콤비네이션 직선 추격에서 벗어남,상대 훅·링 커팅·뒤돌기 금지,"[""N25_S9""]",방어·짧은 타격 뒤 옆 이동과 재지향,가드 복귀하며 옆 탈출,"[""S06""]",biomechanical inference
N25_S9,B: Reset · 재정렬,RESET,POSITION,B,N25,"{""distance"": ""mid"", ""stance"": ""OO"", ""foot_position"": ""angle candidate"", ""angle"": ""off-line candidate; opponent may reorient"", ""ring_position"": ""center"", ""space"": {""A"": ""center"", ""B"": ""center"", ""retreat_available"": ""both""}, ""A"": {""head"": ""center line"", ""weight"": ""neutral / variant dependent"", ""guard"": ""elbow tucked; head glove conditional"", ""phase"": ""footwork"", ""arm"": ""home"", ""rotation"": ""punch-specific rotation; magnitude variable"", ""balance"": ""stable only after placement; transient step risk"", ""free_hand"": ""other hand"", ""foot"": ""neutral"", ""bearing"": ""reoriented toward opponent; conditional completion""}, ""B"": {""head"": ""low; lateral offset conditional"", ""weight"": ""exit leg dependent"", ""guard"": ""attacking arm displaced; other hand protection conditional"", ""phase"": ""recovery"", ""arm"": ""lead/variant extended"", ""rotation"": ""roll exit-dependent"", ""balance"": ""stable"", ""free_hand"": ""both"", ""foot"": ""neutral"", ""bearing"": ""facing opponent""}, ""belief"": {""A"": ""unknown"", ""B"": ""unknown""}, ""target"": ""body"", ""phase_window"": ""가드 복귀하며 옆 탈출""}","{""distance"": ""mid"", ""stance"": ""OO"", ""foot_position"": ""neutral"", ""angle"": ""centerline aligned"", ""ring_position"": ""center"", ""space"": {""A"": ""center"", ""B"": ""center"", ""retreat_available"": ""both""}, ""A"": {""head"": ""center line / guarded"", ""weight"": ""neutral / ready"", ""guard"": ""normal"", ""phase"": ""neutral"", ""arm"": ""home"", ""rotation"": ""none"", ""balance"": ""stable"", ""free_hand"": ""both"", ""foot"": ""neutral"", ""bearing"": ""facing opponent""}, ""B"": {""head"": ""center line / guarded"", ""weight"": ""neutral / ready"", ""guard"": ""normal"", ""phase"": ""neutral"", ""arm"": ""home"", ""rotation"": ""none"", ""balance"": ""stable"", ""free_hand"": ""both"", ""foot"": ""neutral"", ""bearing"": ""facing opponent""}, ""belief"": {""A"": ""unknown"", ""B"": ""unknown""}, ""target"": ""none"", ""phase_window"": ""각도·거리 재설정""}",새 교환 준비,시간 비용; 상대가 계속 치면 완료 불가,"[""N25_S0""]",손·발·시선·상대 bearing을 다시 맞춤,각도·거리 재설정,"[""S06""]",biomechanical inference
N25_S10,A: Jab feint · 잽 페인트,JF,MANIPULATION,A,N25,"{""distance"": ""long"", ""stance"": ""OO"", ""foot_position"": ""neutral"", ""angle"": ""centerline aligned"", ""ring_position"": ""center"", ""space"": {""A"": ""center"", ""B"": ""center"", ""retreat_available"": ""both""}, ""A"": {""head"": ""center line"", ""weight"": ""neutral / variant dependent"", ""guard"": ""normal"", ""phase"": ""neutral"", ""arm"": ""home"", ""rotation"": ""none"", ""balance"": ""stable"", ""free_hand"": ""both"", ""foot"": ""neutral"", ""bearing"": ""facing opponent""}, ""B"": {""head"": ""center line"", ""weight"": ""neutral / variant dependent"", ""guard"": ""normal"", ""phase"": ""neutral"", ""arm"": ""home"", ""rotation"": ""none"", ""balance"": ""stable"", ""free_hand"": ""both"", ""foot"": ""neutral"", ""bearing"": ""facing opponent""}, ""belief"": {""A"": ""unknown"", ""B"": ""unknown""}, ""target"": ""none"", ""phase_window"": ""neutral""}","{""distance"": ""long"", ""stance"": ""OO"", ""foot_position"": ""neutral"", ""angle"": ""centerline aligned"", ""ring_position"": ""center"", ""space"": {""A"": ""center"", ""B"": ""center"", ""retreat_available"": ""both""}, ""A"": {""head"": ""center line"", ""weight"": ""neutral / variant dependent"", ""guard"": ""normal"", ""phase"": ""startup cue / observing"", ""arm"": ""home"", ""rotation"": ""none"", ""balance"": ""stable"", ""free_hand"": ""both"", ""foot"": ""neutral"", ""bearing"": ""facing opponent""}, ""B"": {""head"": ""center line"", ""weight"": ""neutral / variant dependent"", ""guard"": ""normal"", ""phase"": ""neutral"", ""arm"": ""home"", ""rotation"": ""none"", ""balance"": ""stable"", ""free_hand"": ""both"", ""foot"": ""neutral"", ""bearing"": ""facing opponent""}, ""belief"": {""A"": ""unknown"", ""B"": ""cue observed; response not deterministic""}, ""target"": ""none"", ""phase_window"": ""동시 반격을 자주 택하는 B에 잽 준비 단서""}",패리·슬립·반격의 선택을 탐색,반응 없음·실제 카운터·타이밍 비용,"[""N25_S11""]",잽 startup 단서를 주고 완전 신전은 보류,동시 반격을 자주 택하는 B에 잽 준비 단서,"[""S05"", ""S14""]",biomechanical inference
N25_S11,B: Split-entry / simultaneous counter,SPLIT,COUNTER,B,N25,"{""distance"": ""long"", ""stance"": ""OO"", ""foot_position"": ""neutral"", ""angle"": ""centerline aligned"", ""ring_position"": ""center"", ""space"": {""A"": ""center"", ""B"": ""center"", ""retreat_available"": ""both""}, ""A"": {""head"": ""center line"", ""weight"": ""neutral / variant dependent"", ""guard"": ""normal"", ""phase"": ""startup cue / observing"", ""arm"": ""home"", ""rotation"": ""none"", ""balance"": ""stable"", ""free_hand"": ""both"", ""foot"": ""neutral"", ""bearing"": ""facing opponent""}, ""B"": {""head"": ""center line"", ""weight"": ""neutral / variant dependent"", ""guard"": ""normal"", ""phase"": ""neutral"", ""arm"": ""home"", ""rotation"": ""none"", ""balance"": ""stable"", ""free_hand"": ""both"", ""foot"": ""neutral"", ""bearing"": ""facing opponent""}, ""belief"": {""A"": ""unknown"", ""B"": ""cue observed; response not deterministic""}, ""target"": ""none"", ""phase_window"": ""동시 반격을 자주 택하는 B에 잽 준비 단서""}","{""distance"": ""mid"", ""stance"": ""OO"", ""foot_position"": ""neutral"", ""angle"": ""centerline aligned"", ""ring_position"": ""center"", ""space"": {""A"": ""center"", ""B"": ""center"", ""retreat_available"": ""both""}, ""A"": {""head"": ""center line"", ""weight"": ""neutral / variant dependent"", ""guard"": ""normal"", ""phase"": ""startup cue / observing"", ""arm"": ""home"", ""rotation"": ""none"", ""balance"": ""stable"", ""free_hand"": ""both"", ""foot"": ""neutral"", ""bearing"": ""facing opponent""}, ""B"": {""head"": ""center line"", ""weight"": ""neutral / variant dependent"", ""guard"": ""attacking arm displaced; other hand protection conditional"", ""phase"": ""extension"", ""arm"": ""lead/variant extended"", ""rotation"": ""none"", ""balance"": ""stable"", ""free_hand"": ""both"", ""foot"": ""neutral"", ""bearing"": ""facing opponent""}, ""belief"": {""A"": ""unknown"", ""B"": ""cue observed; response not deterministic""}, ""target"": ""head / combination variable"", ""phase_window"": ""B가 실공격으로 오인하고 직선 진입""}",방어와 공격의 시간을 겹침,교환 위험; 같은 이름에 여러 궤적 존재,"[""N25_S12""]",머리 라인 변경과 직선 반격을 겹쳐 진입,B가 실공격으로 오인하고 직선 진입,"[""S01"", ""S07""]",biomechanical inference
N25_S12,A: Outside slip · 바깥 슬립,SOUT,DEFENSE,A,N25,"{""distance"": ""mid"", ""stance"": ""OO"", ""foot_position"": ""neutral"", ""angle"": ""centerline aligned"", ""ring_position"": ""center"", ""space"": {""A"": ""center"", ""B"": ""center"", ""retreat_available"": ""both""}, ""A"": {""head"": ""center line"", ""weight"": ""neutral / variant dependent"", ""guard"": ""normal"", ""phase"": ""startup cue / observing"", ""arm"": ""home"", ""rotation"": ""none"", ""balance"": ""stable"", ""free_hand"": ""both"", ""foot"": ""neutral"", ""bearing"": ""facing opponent""}, ""B"": {""head"": ""center line"", ""weight"": ""neutral / variant dependent"", ""guard"": ""attacking arm displaced; other hand protection conditional"", ""phase"": ""extension"", ""arm"": ""lead/variant extended"", ""rotation"": ""none"", ""balance"": ""stable"", ""free_hand"": ""both"", ""foot"": ""neutral"", ""bearing"": ""facing opponent""}, ""belief"": {""A"": ""unknown"", ""B"": ""cue observed; response not deterministic""}, ""target"": ""head / combination variable"", ""phase_window"": ""B가 실공격으로 오인하고 직선 진입""}","{""distance"": ""mid"", ""stance"": ""OO"", ""foot_position"": ""neutral"", ""angle"": ""head off punching line; body angle not automatic"", ""ring_position"": ""center"", ""space"": {""A"": ""center"", ""B"": ""center"", ""retreat_available"": ""both""}, ""A"": {""head"": ""outside incoming punch"", ""weight"": ""variant dependent: support/load must be checked"", ""guard"": ""normal"", ""phase"": ""evasion"", ""arm"": ""home"", ""rotation"": ""none"", ""balance"": ""stable"", ""free_hand"": ""both"", ""foot"": ""neutral"", ""bearing"": ""facing opponent""}, ""B"": {""head"": ""center line"", ""weight"": ""neutral / variant dependent"", ""guard"": ""attacking arm displaced; other hand protection conditional"", ""phase"": ""recovery"", ""arm"": ""lead/variant extended"", ""rotation"": ""none"", ""balance"": ""stable"", ""free_hand"": ""both"", ""foot"": ""neutral"", ""bearing"": ""facing opponent""}, ""belief"": {""A"": ""unknown"", ""B"": ""cue observed; response not deterministic""}, ""target"": ""head / combination variable"", ""phase_window"": ""B 진입 직선 궤도 밖으로 작은 머리 이동""}",해당 직선 공격선을 벗어남,다음 펀치 재조준·훅·균형 손실,"[""N25_S13""]",들어오는 특정 펀치의 팔 바깥으로 머리 이동,B 진입 직선 궤도 밖으로 작은 머리 이동,"[""S02"", ""S07""]",biomechanical inference
N25_S13,A: Counter hook · 카운터 훅,CH,COUNTER,A,N25,"{""distance"": ""mid"", ""stance"": ""OO"", ""foot_position"": ""neutral"", ""angle"": ""head off punching line; body angle not automatic"", ""ring_position"": ""center"", ""space"": {""A"": ""center"", ""B"": ""center"", ""retreat_available"": ""both""}, ""A"": {""head"": ""outside incoming punch"", ""weight"": ""variant dependent: support/load must be checked"", ""guard"": ""normal"", ""phase"": ""evasion"", ""arm"": ""home"", ""rotation"": ""none"", ""balance"": ""stable"", ""free_hand"": ""both"", ""foot"": ""neutral"", ""bearing"": ""facing opponent""}, ""B"": {""head"": ""center line"", ""weight"": ""neutral / variant dependent"", ""guard"": ""attacking arm displaced; other hand protection conditional"", ""phase"": ""recovery"", ""arm"": ""lead/variant extended"", ""rotation"": ""none"", ""balance"": ""stable"", ""free_hand"": ""both"", ""foot"": ""neutral"", ""bearing"": ""facing opponent""}, ""belief"": {""A"": ""unknown"", ""B"": ""cue observed; response not deterministic""}, ""target"": ""head / combination variable"", ""phase_window"": ""B 진입 직선 궤도 밖으로 작은 머리 이동""}","{""distance"": ""mid"", ""stance"": ""OO"", ""foot_position"": ""neutral"", ""angle"": ""head off punching line; body angle not automatic"", ""ring_position"": ""center"", ""space"": {""A"": ""center"", ""B"": ""center"", ""retreat_available"": ""both""}, ""A"": {""head"": ""outside incoming punch"", ""weight"": ""variant dependent: support/load must be checked"", ""guard"": ""attacking arm displaced; other hand protection conditional"", ""phase"": ""extension"", ""arm"": ""lead/variant extended"", ""rotation"": ""punch-specific rotation; magnitude variable"", ""balance"": ""stable"", ""free_hand"": ""both"", ""foot"": ""neutral"", ""bearing"": ""facing opponent""}, ""B"": {""head"": ""center line"", ""weight"": ""neutral / variant dependent"", ""guard"": ""attacking arm displaced; other hand protection conditional"", ""phase"": ""recovery"", ""arm"": ""lead/variant extended"", ""rotation"": ""none"", ""balance"": ""stable"", ""free_hand"": ""both"", ""foot"": ""neutral"", ""bearing"": ""facing opponent""}, ""belief"": {""A"": ""unknown"", ""B"": ""cue observed; response not deterministic""}, ""target"": ""head / combination variable"", ""phase_window"": ""B 앞손 또는 뒷손 회수 창에 측면 도달""}",직선 복귀·측면 노출 활용,"짧은 사거리, 반대 손 카운터","[""N25_S14""]",방어로 생긴 측면 표적을 짧게 공격,B 앞손 또는 뒷손 회수 창에 측면 도달,"[""S03"", ""S16""]",biomechanical inference
N25_S14,B: Block · 블록,BLOCK,DEFENSE,B,N25,"{""distance"": ""mid"", ""stance"": ""OO"", ""foot_position"": ""neutral"", ""angle"": ""head off punching line; body angle not automatic"", ""ring_position"": ""center"", ""space"": {""A"": ""center"", ""B"": ""center"", ""retreat_available"": ""both""}, ""A"": {""head"": ""outside incoming punch"", ""weight"": ""variant dependent: support/load must be checked"", ""guard"": ""attacking arm displaced; other hand protection conditional"", ""phase"": ""extension"", ""arm"": ""lead/variant extended"", ""rotation"": ""punch-specific rotation; magnitude variable"", ""balance"": ""stable"", ""free_hand"": ""both"", ""foot"": ""neutral"", ""bearing"": ""facing opponent""}, ""B"": {""head"": ""center line"", ""weight"": ""neutral / variant dependent"", ""guard"": ""attacking arm displaced; other hand protection conditional"", ""phase"": ""recovery"", ""arm"": ""lead/variant extended"", ""rotation"": ""none"", ""balance"": ""stable"", ""free_hand"": ""both"", ""foot"": ""neutral"", ""bearing"": ""facing opponent""}, ""belief"": {""A"": ""unknown"", ""B"": ""cue observed; response not deterministic""}, ""target"": ""head / combination variable"", ""phase_window"": ""B 앞손 또는 뒷손 회수 창에 측면 도달""}","{""distance"": ""mid"", ""stance"": ""OO"", ""foot_position"": ""neutral"", ""angle"": ""head off punching line; body angle not automatic"", ""ring_position"": ""center"", ""space"": {""A"": ""center"", ""B"": ""center"", ""retreat_available"": ""both""}, ""A"": {""head"": ""outside incoming punch"", ""weight"": ""variant dependent: support/load must be checked"", ""guard"": ""attacking arm displaced; other hand protection conditional"", ""phase"": ""recovery"", ""arm"": ""lead/variant extended"", ""rotation"": ""punch-specific rotation; magnitude variable"", ""balance"": ""stable"", ""free_hand"": ""both"", ""foot"": ""neutral"", ""bearing"": ""facing opponent""}, ""B"": {""head"": ""center line"", ""weight"": ""neutral / variant dependent"", ""guard"": ""target-specific block"", ""phase"": ""impact/cover"", ""arm"": ""home"", ""rotation"": ""none"", ""balance"": ""stable"", ""free_hand"": ""both"", ""foot"": ""neutral"", ""bearing"": ""facing opponent""}, ""belief"": {""A"": ""unknown"", ""B"": ""cue observed; response not deterministic""}, ""target"": ""head / combination variable"", ""phase_window"": ""B가 진입 균형을 유지해 측면 가드 회복""}",머리·보디 맞교환을 제한,충격·다른 표적 열림·고정 방어 읽힘,"[""N25_S15""]",팔·글러브로 예상 공격 통로를 닫음,B가 진입 균형을 유지해 측면 가드 회복,"[""S01"", ""S02""]",biomechanical inference
N25_S15,B: Exit angle · 각도 탈출,EXIT,POSITION,B,N25,"{""distance"": ""mid"", ""stance"": ""OO"", ""foot_position"": ""neutral"", ""angle"": ""head off punching line; body angle not automatic"", ""ring_position"": ""center"", ""space"": {""A"": ""center"", ""B"": ""center"", ""retreat_available"": ""both""}, ""A"": {""head"": ""outside incoming punch"", ""weight"": ""variant dependent: support/load must be checked"", ""guard"": ""attacking arm displaced; other hand protection conditional"", ""phase"": ""recovery"", ""arm"": ""lead/variant extended"", ""rotation"": ""punch-specific rotation; magnitude variable"", ""balance"": ""stable"", ""free_hand"": ""both"", ""foot"": ""neutral"", ""bearing"": ""facing opponent""}, ""B"": {""head"": ""center line"", ""weight"": ""neutral / variant dependent"", ""guard"": ""target-specific block"", ""phase"": ""impact/cover"", ""arm"": ""home"", ""rotation"": ""none"", ""balance"": ""stable"", ""free_hand"": ""both"", ""foot"": ""neutral"", ""bearing"": ""facing opponent""}, ""belief"": {""A"": ""unknown"", ""B"": ""cue observed; response not deterministic""}, ""target"": ""head / combination variable"", ""phase_window"": ""B가 진입 균형을 유지해 측면 가드 회복""}","{""distance"": ""mid"", ""stance"": ""OO"", ""foot_position"": ""angle candidate"", ""angle"": ""off-line candidate; opponent may reorient"", ""ring_position"": ""center"", ""space"": {""A"": ""center"", ""B"": ""center"", ""retreat_available"": ""both""}, ""A"": {""head"": ""outside incoming punch"", ""weight"": ""variant dependent: support/load must be checked"", ""guard"": ""attacking arm displaced; other hand protection conditional"", ""phase"": ""recovery"", ""arm"": ""lead/variant extended"", ""rotation"": ""punch-specific rotation; magnitude variable"", ""balance"": ""stable"", ""free_hand"": ""both"", ""foot"": ""neutral"", ""bearing"": ""facing opponent""}, ""B"": {""head"": ""center line"", ""weight"": ""neutral / variant dependent"", ""guard"": ""target-specific block"", ""phase"": ""footwork"", ""arm"": ""home"", ""rotation"": ""none"", ""balance"": ""stable only after placement; transient step risk"", ""free_hand"": ""both"", ""foot"": ""neutral"", ""bearing"": ""reoriented toward opponent; conditional completion""}, ""belief"": {""A"": ""unknown"", ""B"": ""cue observed; response not deterministic""}, ""target"": ""head / combination variable"", ""phase_window"": ""반격 없이 각도 탈출""}",콤비네이션 직선 추격에서 벗어남,상대 훅·링 커팅·뒤돌기 금지,"[""N25_S16""]",방어·짧은 타격 뒤 옆 이동과 재지향,반격 없이 각도 탈출,"[""S06""]",biomechanical inference
N25_S16,A: Reset · 재정렬,RESET,POSITION,A,N25,"{""distance"": ""mid"", ""stance"": ""OO"", ""foot_position"": ""angle candidate"", ""angle"": ""off-line candidate; opponent may reorient"", ""ring_position"": ""center"", ""space"": {""A"": ""center"", ""B"": ""center"", ""retreat_available"": ""both""}, ""A"": {""head"": ""outside incoming punch"", ""weight"": ""variant dependent: support/load must be checked"", ""guard"": ""attacking arm displaced; other hand protection conditional"", ""phase"": ""recovery"", ""arm"": ""lead/variant extended"", ""rotation"": ""punch-specific rotation; magnitude variable"", ""balance"": ""stable"", ""free_hand"": ""both"", ""foot"": ""neutral"", ""bearing"": ""facing opponent""}, ""B"": {""head"": ""center line"", ""weight"": ""neutral / variant dependent"", ""guard"": ""target-specific block"", ""phase"": ""footwork"", ""arm"": ""home"", ""rotation"": ""none"", ""balance"": ""stable only after placement; transient step risk"", ""free_hand"": ""both"", ""foot"": ""neutral"", ""bearing"": ""reoriented toward opponent; conditional completion""}, ""belief"": {""A"": ""unknown"", ""B"": ""cue observed; response not deterministic""}, ""target"": ""head / combination variable"", ""phase_window"": ""반격 없이 각도 탈출""}","{""distance"": ""mid"", ""stance"": ""OO"", ""foot_position"": ""neutral"", ""angle"": ""centerline aligned"", ""ring_position"": ""center"", ""space"": {""A"": ""center"", ""B"": ""center"", ""retreat_available"": ""both""}, ""A"": {""head"": ""center line / guarded"", ""weight"": ""neutral / ready"", ""guard"": ""normal"", ""phase"": ""neutral"", ""arm"": ""home"", ""rotation"": ""none"", ""balance"": ""stable"", ""free_hand"": ""both"", ""foot"": ""neutral"", ""bearing"": ""facing opponent""}, ""B"": {""head"": ""center line / guarded"", ""weight"": ""neutral / ready"", ""guard"": ""normal"", ""phase"": ""neutral"", ""arm"": ""home"", ""rotation"": ""none"", ""balance"": ""stable"", ""free_hand"": ""both"", ""foot"": ""neutral"", ""bearing"": ""facing opponent""}, ""belief"": {""A"": ""unknown"", ""B"": ""cue observed; response not deterministic""}, ""target"": ""none"", ""phase_window"": ""새 교환 전 재정렬""}",새 교환 준비,시간 비용; 상대가 계속 치면 완료 불가,"[""N25_S0""]",손·발·시선·상대 bearing을 다시 맞춤,새 교환 전 재정렬,"[""S06""]",biomechanical inference
N26_S0,시작 상태,,STATE,,N26,"{""distance"": ""long"", ""stance"": ""OO"", ""foot_position"": ""neutral"", ""angle"": ""centerline aligned"", ""ring_position"": ""center"", ""space"": {""A"": ""center"", ""B"": ""center"", ""retreat_available"": ""both""}, ""A"": {""head"": ""center line"", ""weight"": ""neutral / variant dependent"", ""guard"": ""normal"", ""phase"": ""neutral"", ""arm"": ""home"", ""rotation"": ""none"", ""balance"": ""stable"", ""free_hand"": ""both"", ""foot"": ""neutral"", ""bearing"": ""facing opponent""}, ""B"": {""head"": ""center line"", ""weight"": ""neutral / variant dependent"", ""guard"": ""normal"", ""phase"": ""neutral"", ""arm"": ""home"", ""rotation"": ""none"", ""balance"": ""stable"", ""free_hand"": ""both"", ""foot"": ""neutral"", ""bearing"": ""facing opponent""}, ""belief"": {""A"": ""unknown"", ""B"": ""unknown""}, ""target"": ""none"", ""phase_window"": ""neutral""}","{""distance"": ""long"", ""stance"": ""OO"", ""foot_position"": ""neutral"", ""angle"": ""centerline aligned"", ""ring_position"": ""center"", ""space"": {""A"": ""center"", ""B"": ""center"", ""retreat_available"": ""both""}, ""A"": {""head"": ""center line"", ""weight"": ""neutral / variant dependent"", ""guard"": ""normal"", ""phase"": ""neutral"", ""arm"": ""home"", ""rotation"": ""none"", ""balance"": ""stable"", ""free_hand"": ""both"", ""foot"": ""neutral"", ""bearing"": ""facing opponent""}, ""B"": {""head"": ""center line"", ""weight"": ""neutral / variant dependent"", ""guard"": ""normal"", ""phase"": ""neutral"", ""arm"": ""home"", ""rotation"": ""none"", ""balance"": ""stable"", ""free_hand"": ""both"", ""foot"": ""neutral"", ""bearing"": ""facing opponent""}, ""belief"": {""A"": ""unknown"", ""B"": ""unknown""}, ""target"": ""none"", ""phase_window"": ""neutral""}",교환의 전제 확인,중립도 선제 위협에 노출,"[""N26_S1"", ""N12_S0""]",,,,
N26_S1,A: Lead jab · 잽,JAB,OFFENSE,A,N26,"{""distance"": ""long"", ""stance"": ""OO"", ""foot_position"": ""neutral"", ""angle"": ""centerline aligned"", ""ring_position"": ""center"", ""space"": {""A"": ""center"", ""B"": ""center"", ""retreat_available"": ""both""}, ""A"": {""head"": ""center line"", ""weight"": ""neutral / variant dependent"", ""guard"": ""normal"", ""phase"": ""neutral"", ""arm"": ""home"", ""rotation"": ""none"", ""balance"": ""stable"", ""free_hand"": ""both"", ""foot"": ""neutral"", ""bearing"": ""facing opponent""}, ""B"": {""head"": ""center line"", ""weight"": ""neutral / variant dependent"", ""guard"": ""normal"", ""phase"": ""neutral"", ""arm"": ""home"", ""rotation"": ""none"", ""balance"": ""stable"", ""free_hand"": ""both"", ""foot"": ""neutral"", ""bearing"": ""facing opponent""}, ""belief"": {""A"": ""unknown"", ""B"": ""unknown""}, ""target"": ""none"", ""phase_window"": ""neutral""}","{""distance"": ""long"", ""stance"": ""OO"", ""foot_position"": ""neutral"", ""angle"": ""centerline aligned"", ""ring_position"": ""center"", ""space"": {""A"": ""center"", ""B"": ""center"", ""retreat_available"": ""both""}, ""A"": {""head"": ""center line"", ""weight"": ""neutral / variant dependent"", ""guard"": ""attacking arm displaced; other hand protection conditional"", ""phase"": ""extension"", ""arm"": ""lead/variant extended"", ""rotation"": ""none"", ""balance"": ""stable"", ""free_hand"": ""both"", ""foot"": ""neutral"", ""bearing"": ""facing opponent""}, ""B"": {""head"": ""center line"", ""weight"": ""neutral / variant dependent"", ""guard"": ""normal"", ""phase"": ""neutral"", ""arm"": ""home"", ""rotation"": ""none"", ""balance"": ""stable"", ""free_hand"": ""both"", ""foot"": ""neutral"", ""bearing"": ""facing opponent""}, ""belief"": {""A"": ""unknown"", ""B"": ""unknown""}, ""target"": ""head / combination variable"", ""phase_window"": ""B 끝거리 머리 잽""}",사거리·반응을 확인하고 시야를 가림,앞손 복귀 동안 같은 쪽 가드가 비며 단조로운 타이밍을 읽힐 수 있음,"[""N26_S2""]",앞손을 짧게 직선으로 보내고 복귀,B 끝거리 머리 잽,"[""S01"", ""S02""]",biomechanical inference
N26_S2,B: Sway · 큰 상체 후퇴,SWAY,DEFENSE,B,N26,"{""distance"": ""long"", ""stance"": ""OO"", ""foot_position"": ""neutral"", ""angle"": ""centerline aligned"", ""ring_position"": ""center"", ""space"": {""A"": ""center"", ""B"": ""center"", ""retreat_available"": ""both""}, ""A"": {""head"": ""center line"", ""weight"": ""neutral / variant dependent"", ""guard"": ""attacking arm displaced; other hand protection conditional"", ""phase"": ""extension"", ""arm"": ""lead/variant extended"", ""rotation"": ""none"", ""balance"": ""stable"", ""free_hand"": ""both"", ""foot"": ""neutral"", ""bearing"": ""facing opponent""}, ""B"": {""head"": ""center line"", ""weight"": ""neutral / variant dependent"", ""guard"": ""normal"", ""phase"": ""neutral"", ""arm"": ""home"", ""rotation"": ""none"", ""balance"": ""stable"", ""free_hand"": ""both"", ""foot"": ""neutral"", ""bearing"": ""facing opponent""}, ""belief"": {""A"": ""unknown"", ""B"": ""unknown""}, ""target"": ""head / combination variable"", ""phase_window"": ""B 끝거리 머리 잽""}","{""distance"": ""long"", ""stance"": ""OO"", ""foot_position"": ""neutral"", ""angle"": ""centerline aligned"", ""ring_position"": ""center"", ""space"": {""A"": ""center"", ""B"": ""center"", ""retreat_available"": ""both""}, ""A"": {""head"": ""center line"", ""weight"": ""neutral / variant dependent"", ""guard"": ""attacking arm displaced; other hand protection conditional"", ""phase"": ""recovery"", ""arm"": ""lead/variant extended"", ""rotation"": ""none"", ""balance"": ""stable"", ""free_hand"": ""both"", ""foot"": ""neutral"", ""bearing"": ""facing opponent""}, ""B"": {""head"": ""rearward"", ""weight"": ""rear-leg loaded tendency"", ""guard"": ""normal"", ""phase"": ""evasion"", ""arm"": ""home"", ""rotation"": ""none"", ""balance"": ""support margin reduced if exaggerated"", ""free_hand"": ""both"", ""foot"": ""neutral"", ""bearing"": ""facing opponent""}, ""belief"": {""A"": ""unknown"", ""B"": ""unknown""}, ""target"": ""head / combination variable"", ""phase_window"": ""작은 풀보다 큰 상체 후퇴; 지지면 여유 필요""}",머리 사거리 증가,지지면 밖 중심·느린 전진 복귀·보디 노출,"[""N26_S3""]",상체를 더 크게 뒤로 기울임,작은 풀보다 큰 상체 후퇴; 지지면 여유 필요,"[""S01""]",biomechanical inference
N26_S3,A: Level change · 실제 높이 변경,LEVEL,MANIPULATION,A,N26,"{""distance"": ""long"", ""stance"": ""OO"", ""foot_position"": ""neutral"", ""angle"": ""centerline aligned"", ""ring_position"": ""center"", ""space"": {""A"": ""center"", ""B"": ""center"", ""retreat_available"": ""both""}, ""A"": {""head"": ""center line"", ""weight"": ""neutral / variant dependent"", ""guard"": ""attacking arm displaced; other hand protection conditional"", ""phase"": ""recovery"", ""arm"": ""lead/variant extended"", ""rotation"": ""none"", ""balance"": ""stable"", ""free_hand"": ""both"", ""foot"": ""neutral"", ""bearing"": ""facing opponent""}, ""B"": {""head"": ""rearward"", ""weight"": ""rear-leg loaded tendency"", ""guard"": ""normal"", ""phase"": ""evasion"", ""arm"": ""home"", ""rotation"": ""none"", ""balance"": ""support margin reduced if exaggerated"", ""free_hand"": ""both"", ""foot"": ""neutral"", ""bearing"": ""facing opponent""}, ""belief"": {""A"": ""unknown"", ""B"": ""unknown""}, ""target"": ""head / combination variable"", ""phase_window"": ""작은 풀보다 큰 상체 후퇴; 지지면 여유 필요""}","{""distance"": ""long"", ""stance"": ""OO"", ""foot_position"": ""neutral"", ""angle"": ""centerline aligned"", ""ring_position"": ""center"", ""space"": {""A"": ""center"", ""B"": ""center"", ""retreat_available"": ""both""}, ""A"": {""head"": ""level-change cue / low variant"", ""weight"": ""neutral / variant dependent"", ""guard"": ""attacking arm displaced; other hand protection conditional"", ""phase"": ""observing / preparation"", ""arm"": ""home"", ""rotation"": ""none"", ""balance"": ""stable"", ""free_hand"": ""both"", ""foot"": ""neutral"", ""bearing"": ""facing opponent""}, ""B"": {""head"": ""rearward"", ""weight"": ""rear-leg loaded tendency"", ""guard"": ""normal"", ""phase"": ""evasion"", ""arm"": ""home"", ""rotation"": ""none"", ""balance"": ""support margin reduced if exaggerated"", ""free_hand"": ""both"", ""foot"": ""neutral"", ""bearing"": ""facing opponent""}, ""belief"": {""A"": ""unknown"", ""B"": ""cue observed; response not deterministic""}, ""target"": ""head / combination variable"", ""phase_window"": ""B 머리를 추격하지 않고 무릎으로 보디 높이 준비""}",보디 진입·머리 라인 이동,시야·앞발 하중·상승 공격 위험,"[""N26_S4""]",무릎으로 합법 표적 높이를 변경,B 머리를 추격하지 않고 무릎으로 보디 높이 준비,"[""S10""]",biomechanical inference
N26_S4,A: Body jab · 보디 잽,BJAB,OFFENSE,A,N26,"{""distance"": ""long"", ""stance"": ""OO"", ""foot_position"": ""neutral"", ""angle"": ""centerline aligned"", ""ring_position"": ""center"", ""space"": {""A"": ""center"", ""B"": ""center"", ""retreat_available"": ""both""}, ""A"": {""head"": ""level-change cue / low variant"", ""weight"": ""neutral / variant dependent"", ""guard"": ""attacking arm displaced; other hand protection conditional"", ""phase"": ""observing / preparation"", ""arm"": ""home"", ""rotation"": ""none"", ""balance"": ""stable"", ""free_hand"": ""both"", ""foot"": ""neutral"", ""bearing"": ""facing opponent""}, ""B"": {""head"": ""rearward"", ""weight"": ""rear-leg loaded tendency"", ""guard"": ""normal"", ""phase"": ""evasion"", ""arm"": ""home"", ""rotation"": ""none"", ""balance"": ""support margin reduced if exaggerated"", ""free_hand"": ""both"", ""foot"": ""neutral"", ""bearing"": ""facing opponent""}, ""belief"": {""A"": ""unknown"", ""B"": ""cue observed; response not deterministic""}, ""target"": ""head / combination variable"", ""phase_window"": ""B 머리를 추격하지 않고 무릎으로 보디 높이 준비""}","{""distance"": ""long"", ""stance"": ""OO"", ""foot_position"": ""neutral"", ""angle"": ""centerline aligned"", ""ring_position"": ""center"", ""space"": {""A"": ""center"", ""B"": ""center"", ""retreat_available"": ""both""}, ""A"": {""head"": ""low; lateral offset conditional"", ""weight"": ""neutral / variant dependent"", ""guard"": ""attacking arm displaced; other hand protection conditional"", ""phase"": ""extension"", ""arm"": ""lead/variant extended"", ""rotation"": ""none"", ""balance"": ""stable"", ""free_hand"": ""both"", ""foot"": ""neutral"", ""bearing"": ""facing opponent""}, ""B"": {""head"": ""rearward"", ""weight"": ""rear-leg loaded tendency"", ""guard"": ""normal"", ""phase"": ""evasion"", ""arm"": ""home"", ""rotation"": ""none"", ""balance"": ""support margin reduced if exaggerated"", ""free_hand"": ""both"", ""foot"": ""neutral"", ""bearing"": ""facing opponent""}, ""belief"": {""A"": ""unknown"", ""B"": ""cue observed; response not deterministic""}, ""target"": ""body"", ""phase_window"": ""A 지지면 유지·B 몸통의 실제 사거리""}",머리 가드 아래 공격·높이 선택 강요,머리가 전방 low에 머물면 위쪽 카운터에 접근,"[""N26_S5""]",무릎으로 높이를 낮추고 앞손으로 합법 보디 표적,A 지지면 유지·B 몸통의 실제 사거리,"[""S01"", ""S10""]",biomechanical inference
N26_S5,B: Step-back · 후퇴 스텝,BACK,POSITION,B,N26,"{""distance"": ""long"", ""stance"": ""OO"", ""foot_position"": ""neutral"", ""angle"": ""centerline aligned"", ""ring_position"": ""center"", ""space"": {""A"": ""center"", ""B"": ""center"", ""retreat_available"": ""both""}, ""A"": {""head"": ""low; lateral offset conditional"", ""weight"": ""neutral / variant dependent"", ""guard"": ""attacking arm displaced; other hand protection conditional"", ""phase"": ""extension"", ""arm"": ""lead/variant extended"", ""rotation"": ""none"", ""balance"": ""stable"", ""free_hand"": ""both"", ""foot"": ""neutral"", ""bearing"": ""facing opponent""}, ""B"": {""head"": ""rearward"", ""weight"": ""rear-leg loaded tendency"", ""guard"": ""normal"", ""phase"": ""evasion"", ""arm"": ""home"", ""rotation"": ""none"", ""balance"": ""support margin reduced if exaggerated"", ""free_hand"": ""both"", ""foot"": ""neutral"", ""bearing"": ""facing opponent""}, ""belief"": {""A"": ""unknown"", ""B"": ""cue observed; response not deterministic""}, ""target"": ""body"", ""phase_window"": ""A 지지면 유지·B 몸통의 실제 사거리""}","{""distance"": ""long"", ""stance"": ""OO"", ""foot_position"": ""neutral"", ""angle"": ""centerline aligned"", ""ring_position"": ""center"", ""space"": {""A"": ""center"", ""B"": ""center"", ""retreat_available"": ""both""}, ""A"": {""head"": ""low; lateral offset conditional"", ""weight"": ""neutral / variant dependent"", ""guard"": ""attacking arm displaced; other hand protection conditional"", ""phase"": ""recovery"", ""arm"": ""lead/variant extended"", ""rotation"": ""none"", ""balance"": ""stable"", ""free_hand"": ""both"", ""foot"": ""neutral"", ""bearing"": ""facing opponent""}, ""B"": {""head"": ""rearward"", ""weight"": ""rear-leg loaded tendency"", ""guard"": ""normal"", ""phase"": ""footwork"", ""arm"": ""home"", ""rotation"": ""none"", ""balance"": ""stable only after placement; transient step risk"", ""free_hand"": ""both"", ""foot"": ""neutral"", ""bearing"": ""facing opponent""}, ""belief"": {""A"": ""unknown"", ""B"": ""cue observed; response not deterministic""}, ""target"": ""body"", ""phase_window"": ""더 기울이기 대신 발 후퇴로 몸통도 이동""}",상대 펀치 사거리 밖으로,추격·로프·전진 반격에 새 스텝 필요,"[""N26_S6""]",두 발의 간격을 보존하며 뒤로 이동,더 기울이기 대신 발 후퇴로 몸통도 이동,"[""S01"", ""S06""]",biomechanical inference
N26_S6,B: Counter jab · 카운터 잽,CJ,COUNTER,B,N26,"{""distance"": ""long"", ""stance"": ""OO"", ""foot_position"": ""neutral"", ""angle"": ""centerline aligned"", ""ring_position"": ""center"", ""space"": {""A"": ""center"", ""B"": ""center"", ""retreat_available"": ""both""}, ""A"": {""head"": ""low; lateral offset conditional"", ""weight"": ""neutral / variant dependent"", ""guard"": ""attacking arm displaced; other hand protection conditional"", ""phase"": ""recovery"", ""arm"": ""lead/variant extended"", ""rotation"": ""none"", ""balance"": ""stable"", ""free_hand"": ""both"", ""foot"": ""neutral"", ""bearing"": ""facing opponent""}, ""B"": {""head"": ""rearward"", ""weight"": ""rear-leg loaded tendency"", ""guard"": ""normal"", ""phase"": ""footwork"", ""arm"": ""home"", ""rotation"": ""none"", ""balance"": ""stable only after placement; transient step risk"", ""free_hand"": ""both"", ""foot"": ""neutral"", ""bearing"": ""facing opponent""}, ""belief"": {""A"": ""unknown"", ""B"": ""cue observed; response not deterministic""}, ""target"": ""body"", ""phase_window"": ""더 기울이기 대신 발 후퇴로 몸통도 이동""}","{""distance"": ""long"", ""stance"": ""OO"", ""foot_position"": ""neutral"", ""angle"": ""centerline aligned"", ""ring_position"": ""center"", ""space"": {""A"": ""center"", ""B"": ""center"", ""retreat_available"": ""both""}, ""A"": {""head"": ""low; lateral offset conditional"", ""weight"": ""neutral / variant dependent"", ""guard"": ""attacking arm displaced; other hand protection conditional"", ""phase"": ""recovery"", ""arm"": ""lead/variant extended"", ""rotation"": ""none"", ""balance"": ""stable"", ""free_hand"": ""both"", ""foot"": ""neutral"", ""bearing"": ""facing opponent""}, ""B"": {""head"": ""rearward"", ""weight"": ""rear-leg loaded tendency"", ""guard"": ""attacking arm displaced; other hand protection conditional"", ""phase"": ""extension"", ""arm"": ""lead/variant extended"", ""rotation"": ""none"", ""balance"": ""stable only after placement; transient step risk"", ""free_hand"": ""both"", ""foot"": ""neutral"", ""bearing"": ""facing opponent""}, ""belief"": {""A"": ""unknown"", ""B"": ""cue observed; response not deterministic""}, ""target"": ""head / combination variable"", ""phase_window"": ""A 낮은 머리 복귀 창과 사거리""}",작은 반격으로 주도권·거리 회복,상대의 두 번째 공격에 다시 읽힘,"[""N26_S7""]",방어 뒤 또는 상대 준비에 짧은 앞손 직선,A 낮은 머리 복귀 창과 사거리,"[""S11"", ""S16""]",biomechanical inference
N26_S7,A: Slip + step · 슬립+스텝,SSTEP,DEFENSE,A,N26,"{""distance"": ""long"", ""stance"": ""OO"", ""foot_position"": ""neutral"", ""angle"": ""centerline aligned"", ""ring_position"": ""center"", ""space"": {""A"": ""center"", ""B"": ""center"", ""retreat_available"": ""both""}, ""A"": {""head"": ""low; lateral offset conditional"", ""weight"": ""neutral / variant dependent"", ""guard"": ""attacking arm displaced; other hand protection conditional"", ""phase"": ""recovery"", ""arm"": ""lead/variant extended"", ""rotation"": ""none"", ""balance"": ""stable"", ""free_hand"": ""both"", ""foot"": ""neutral"", ""bearing"": ""facing opponent""}, ""B"": {""head"": ""rearward"", ""weight"": ""rear-leg loaded tendency"", ""guard"": ""attacking arm displaced; other hand protection conditional"", ""phase"": ""extension"", ""arm"": ""lead/variant extended"", ""rotation"": ""none"", ""balance"": ""stable only after placement; transient step risk"", ""free_hand"": ""both"", ""foot"": ""neutral"", ""bearing"": ""facing opponent""}, ""belief"": {""A"": ""unknown"", ""B"": ""cue observed; response not deterministic""}, ""target"": ""head / combination variable"", ""phase_window"": ""A 낮은 머리 복귀 창과 사거리""}","{""distance"": ""mid"", ""stance"": ""OO"", ""foot_position"": ""neutral"", ""angle"": ""head off punching line; body angle not automatic"", ""ring_position"": ""center"", ""space"": {""A"": ""center"", ""B"": ""center"", ""retreat_available"": ""both""}, ""A"": {""head"": ""outside incoming punch"", ""weight"": ""variant dependent: support/load must be checked"", ""guard"": ""attacking arm displaced; other hand protection conditional"", ""phase"": ""footwork + action"", ""arm"": ""home"", ""rotation"": ""none"", ""balance"": ""stable only after placement; transient step risk"", ""free_hand"": ""both"", ""foot"": ""neutral"", ""bearing"": ""facing opponent""}, ""B"": {""head"": ""rearward"", ""weight"": ""rear-leg loaded tendency"", ""guard"": ""attacking arm displaced; other hand protection conditional"", ""phase"": ""recovery"", ""arm"": ""lead/variant extended"", ""rotation"": ""none"", ""balance"": ""stable only after placement; transient step risk"", ""free_hand"": ""both"", ""foot"": ""neutral"", ""bearing"": ""facing opponent""}, ""belief"": {""A"": ""unknown"", ""B"": ""cue observed; response not deterministic""}, ""target"": ""head / combination variable"", ""phase_window"": ""B 직선 바깥으로 머리·발 위치 이동""}",위치·거리도 함께 변경,스텝 시간·발 충돌·각도 추적 허용,"[""N26_S8""]",머리 라인 이동과 작은 발 이동 결합,B 직선 바깥으로 머리·발 위치 이동,"[""S06"", ""S07""]",biomechanical inference
N26_S8,A: Counter hook · 카운터 훅,CH,COUNTER,A,N26,"{""distance"": ""mid"", ""stance"": ""OO"", ""foot_position"": ""neutral"", ""angle"": ""head off punching line; body angle not automatic"", ""ring_position"": ""center"", ""space"": {""A"": ""center"", ""B"": ""center"", ""retreat_available"": ""both""}, ""A"": {""head"": ""outside incoming punch"", ""weight"": ""variant dependent: support/load must be checked"", ""guard"": ""attacking arm displaced; other hand protection conditional"", ""phase"": ""footwork + action"", ""arm"": ""home"", ""rotation"": ""none"", ""balance"": ""stable only after placement; transient step risk"", ""free_hand"": ""both"", ""foot"": ""neutral"", ""bearing"": ""facing opponent""}, ""B"": {""head"": ""rearward"", ""weight"": ""rear-leg loaded tendency"", ""guard"": ""attacking arm displaced; other hand protection conditional"", ""phase"": ""recovery"", ""arm"": ""lead/variant extended"", ""rotation"": ""none"", ""balance"": ""stable only after placement; transient step risk"", ""free_hand"": ""both"", ""foot"": ""neutral"", ""bearing"": ""facing opponent""}, ""belief"": {""A"": ""unknown"", ""B"": ""cue observed; response not deterministic""}, ""target"": ""head / combination variable"", ""phase_window"": ""B 직선 바깥으로 머리·발 위치 이동""}","{""distance"": ""mid"", ""stance"": ""OO"", ""foot_position"": ""neutral"", ""angle"": ""head off punching line; body angle not automatic"", ""ring_position"": ""center"", ""space"": {""A"": ""center"", ""B"": ""center"", ""retreat_available"": ""both""}, ""A"": {""head"": ""outside incoming punch"", ""weight"": ""variant dependent: support/load must be checked"", ""guard"": ""attacking arm displaced; other hand protection conditional"", ""phase"": ""extension"", ""arm"": ""lead/variant extended"", ""rotation"": ""punch-specific rotation; magnitude variable"", ""balance"": ""stable only after placement; transient step risk"", ""free_hand"": ""both"", ""foot"": ""neutral"", ""bearing"": ""facing opponent""}, ""B"": {""head"": ""rearward"", ""weight"": ""rear-leg loaded tendency"", ""guard"": ""attacking arm displaced; other hand protection conditional"", ""phase"": ""recovery"", ""arm"": ""lead/variant extended"", ""rotation"": ""none"", ""balance"": ""stable only after placement; transient step risk"", ""free_hand"": ""both"", ""foot"": ""neutral"", ""bearing"": ""facing opponent""}, ""belief"": {""A"": ""unknown"", ""B"": ""cue observed; response not deterministic""}, ""target"": ""head / combination variable"", ""phase_window"": ""지지면 회복 뒤 짧은 훅 사거리""}",직선 복귀·측면 노출 활용,"짧은 사거리, 반대 손 카운터","[""N26_S9""]",방어로 생긴 측면 표적을 짧게 공격,지지면 회복 뒤 짧은 훅 사거리,"[""S03"", ""S16""]",biomechanical inference
N26_S9,B: Block · 블록,BLOCK,DEFENSE,B,N26,"{""distance"": ""mid"", ""stance"": ""OO"", ""foot_position"": ""neutral"", ""angle"": ""head off punching line; body angle not automatic"", ""ring_position"": ""center"", ""space"": {""A"": ""center"", ""B"": ""center"", ""retreat_available"": ""both""}, ""A"": {""head"": ""outside incoming punch"", ""weight"": ""variant dependent: support/load must be checked"", ""guard"": ""attacking arm displaced; other hand protection conditional"", ""phase"": ""extension"", ""arm"": ""lead/variant extended"", ""rotation"": ""punch-specific rotation; magnitude variable"", ""balance"": ""stable only after placement; transient step risk"", ""free_hand"": ""both"", ""foot"": ""neutral"", ""bearing"": ""facing opponent""}, ""B"": {""head"": ""rearward"", ""weight"": ""rear-leg loaded tendency"", ""guard"": ""attacking arm displaced; other hand protection conditional"", ""phase"": ""recovery"", ""arm"": ""lead/variant extended"", ""rotation"": ""none"", ""balance"": ""stable only after placement; transient step risk"", ""free_hand"": ""both"", ""foot"": ""neutral"", ""bearing"": ""facing opponent""}, ""belief"": {""A"": ""unknown"", ""B"": ""cue observed; response not deterministic""}, ""target"": ""head / combination variable"", ""phase_window"": ""지지면 회복 뒤 짧은 훅 사거리""}","{""distance"": ""mid"", ""stance"": ""OO"", ""foot_position"": ""neutral"", ""angle"": ""head off punching line; body angle not automatic"", ""ring_position"": ""center"", ""space"": {""A"": ""center"", ""B"": ""center"", ""retreat_available"": ""both""}, ""A"": {""head"": ""outside incoming punch"", ""weight"": ""variant dependent: support/load must be checked"", ""guard"": ""attacking arm displaced; other hand protection conditional"", ""phase"": ""recovery"", ""arm"": ""lead/variant extended"", ""rotation"": ""punch-specific rotation; magnitude variable"", ""balance"": ""stable only after placement; transient step risk"", ""free_hand"": ""both"", ""foot"": ""neutral"", ""bearing"": ""facing opponent""}, ""B"": {""head"": ""rearward"", ""weight"": ""rear-leg loaded tendency"", ""guard"": ""target-specific block"", ""phase"": ""impact/cover"", ""arm"": ""home"", ""rotation"": ""none"", ""balance"": ""stable only after placement; transient step risk"", ""free_hand"": ""both"", ""foot"": ""neutral"", ""bearing"": ""facing opponent""}, ""belief"": {""A"": ""unknown"", ""B"": ""cue observed; response not deterministic""}, ""target"": ""head / combination variable"", ""phase_window"": ""측면 가드 유지""}",머리·보디 맞교환을 제한,충격·다른 표적 열림·고정 방어 읽힘,"[""N26_S10""]",팔·글러브로 예상 공격 통로를 닫음,측면 가드 유지,"[""S01"", ""S02""]",biomechanical inference
N26_S10,B: Exit angle · 각도 탈출,EXIT,POSITION,B,N26,"{""distance"": ""mid"", ""stance"": ""OO"", ""foot_position"": ""neutral"", ""angle"": ""head off punching line; body angle not automatic"", ""ring_position"": ""center"", ""space"": {""A"": ""center"", ""B"": ""center"", ""retreat_available"": ""both""}, ""A"": {""head"": ""outside incoming punch"", ""weight"": ""variant dependent: support/load must be checked"", ""guard"": ""attacking arm displaced; other hand protection conditional"", ""phase"": ""recovery"", ""arm"": ""lead/variant extended"", ""rotation"": ""punch-specific rotation; magnitude variable"", ""balance"": ""stable only after placement; transient step risk"", ""free_hand"": ""both"", ""foot"": ""neutral"", ""bearing"": ""facing opponent""}, ""B"": {""head"": ""rearward"", ""weight"": ""rear-leg loaded tendency"", ""guard"": ""target-specific block"", ""phase"": ""impact/cover"", ""arm"": ""home"", ""rotation"": ""none"", ""balance"": ""stable only after placement; transient step risk"", ""free_hand"": ""both"", ""foot"": ""neutral"", ""bearing"": ""facing opponent""}, ""belief"": {""A"": ""unknown"", ""B"": ""cue observed; response not deterministic""}, ""target"": ""head / combination variable"", ""phase_window"": ""측면 가드 유지""}","{""distance"": ""mid"", ""stance"": ""OO"", ""foot_position"": ""angle candidate"", ""angle"": ""off-line candidate; opponent may reorient"", ""ring_position"": ""center"", ""space"": {""A"": ""center"", ""B"": ""center"", ""retreat_available"": ""both""}, ""A"": {""head"": ""outside incoming punch"", ""weight"": ""variant dependent: support/load must be checked"", ""guard"": ""attacking arm displaced; other hand protection conditional"", ""phase"": ""recovery"", ""arm"": ""lead/variant extended"", ""rotation"": ""punch-specific rotation; magnitude variable"", ""balance"": ""stable only after placement; transient step risk"", ""free_hand"": ""both"", ""foot"": ""neutral"", ""bearing"": ""facing opponent""}, ""B"": {""head"": ""rearward"", ""weight"": ""rear-leg loaded tendency"", ""guard"": ""target-specific block"", ""phase"": ""footwork"", ""arm"": ""home"", ""rotation"": ""none"", ""balance"": ""stable only after placement; transient step risk"", ""free_hand"": ""both"", ""foot"": ""neutral"", ""bearing"": ""reoriented toward opponent; conditional completion""}, ""belief"": {""A"": ""unknown"", ""B"": ""cue observed; response not deterministic""}, ""target"": ""head / combination variable"", ""phase_window"": ""옆 퇴로 존재""}",콤비네이션 직선 추격에서 벗어남,상대 훅·링 커팅·뒤돌기 금지,"[""N26_S11""]",방어·짧은 타격 뒤 옆 이동과 재지향,옆 퇴로 존재,"[""S06""]",biomechanical inference
N26_S11,A: Reset · 재정렬,RESET,POSITION,A,N26,"{""distance"": ""mid"", ""stance"": ""OO"", ""foot_position"": ""angle candidate"", ""angle"": ""off-line candidate; opponent may reorient"", ""ring_position"": ""center"", ""space"": {""A"": ""center"", ""B"": ""center"", ""retreat_available"": ""both""}, ""A"": {""head"": ""outside incoming punch"", ""weight"": ""variant dependent: support/load must be checked"", ""guard"": ""attacking arm displaced; other hand protection conditional"", ""phase"": ""recovery"", ""arm"": ""lead/variant extended"", ""rotation"": ""punch-specific rotation; magnitude variable"", ""balance"": ""stable only after placement; transient step risk"", ""free_hand"": ""both"", ""foot"": ""neutral"", ""bearing"": ""facing opponent""}, ""B"": {""head"": ""rearward"", ""weight"": ""rear-leg loaded tendency"", ""guard"": ""target-specific block"", ""phase"": ""footwork"", ""arm"": ""home"", ""rotation"": ""none"", ""balance"": ""stable only after placement; transient step risk"", ""free_hand"": ""both"", ""foot"": ""neutral"", ""bearing"": ""reoriented toward opponent; conditional completion""}, ""belief"": {""A"": ""unknown"", ""B"": ""cue observed; response not deterministic""}, ""target"": ""head / combination variable"", ""phase_window"": ""옆 퇴로 존재""}","{""distance"": ""mid"", ""stance"": ""OO"", ""foot_position"": ""neutral"", ""angle"": ""centerline aligned"", ""ring_position"": ""center"", ""space"": {""A"": ""center"", ""B"": ""center"", ""retreat_available"": ""both""}, ""A"": {""head"": ""center line / guarded"", ""weight"": ""neutral / ready"", ""guard"": ""normal"", ""phase"": ""neutral"", ""arm"": ""home"", ""rotation"": ""none"", ""balance"": ""stable"", ""free_hand"": ""both"", ""foot"": ""neutral"", ""bearing"": ""facing opponent""}, ""B"": {""head"": ""center line / guarded"", ""weight"": ""neutral / ready"", ""guard"": ""normal"", ""phase"": ""neutral"", ""arm"": ""home"", ""rotation"": ""none"", ""balance"": ""stable"", ""free_hand"": ""both"", ""foot"": ""neutral"", ""bearing"": ""facing opponent""}, ""belief"": {""A"": ""unknown"", ""B"": ""cue observed; response not deterministic""}, ""target"": ""none"", ""phase_window"": ""높이·각도·가드 복구""}",새 교환 준비,시간 비용; 상대가 계속 치면 완료 불가,"[""N26_S0""]",손·발·시선·상대 bearing을 다시 맞춤,높이·각도·가드 복구,"[""S06""]",biomechanical inference
N27_S0,시작 상태,,STATE,,N27,"{""distance"": ""long"", ""stance"": ""OO"", ""foot_position"": ""neutral"", ""angle"": ""centerline aligned"", ""ring_position"": ""near ropes"", ""space"": {""A"": ""in front of B, inside ring"", ""B"": ""near ropes"", ""retreat_available"": ""limited B""}, ""A"": {""head"": ""center line"", ""weight"": ""neutral / variant dependent"", ""guard"": ""normal"", ""phase"": ""neutral"", ""arm"": ""home"", ""rotation"": ""none"", ""balance"": ""stable"", ""free_hand"": ""both"", ""foot"": ""neutral"", ""bearing"": ""facing opponent""}, ""B"": {""head"": ""center line"", ""weight"": ""neutral / variant dependent"", ""guard"": ""normal"", ""phase"": ""neutral"", ""arm"": ""home"", ""rotation"": ""none"", ""balance"": ""stable"", ""free_hand"": ""both"", ""foot"": ""neutral"", ""bearing"": ""facing opponent""}, ""belief"": {""A"": ""unknown"", ""B"": ""unknown""}, ""target"": ""none"", ""phase_window"": ""neutral""}","{""distance"": ""long"", ""stance"": ""OO"", ""foot_position"": ""neutral"", ""angle"": ""centerline aligned"", ""ring_position"": ""near ropes"", ""space"": {""A"": ""in front of B, inside ring"", ""B"": ""near ropes"", ""retreat_available"": ""limited B""}, ""A"": {""head"": ""center line"", ""weight"": ""neutral / variant dependent"", ""guard"": ""normal"", ""phase"": ""neutral"", ""arm"": ""home"", ""rotation"": ""none"", ""balance"": ""stable"", ""free_hand"": ""both"", ""foot"": ""neutral"", ""bearing"": ""facing opponent""}, ""B"": {""head"": ""center line"", ""weight"": ""neutral / variant dependent"", ""guard"": ""normal"", ""phase"": ""neutral"", ""arm"": ""home"", ""rotation"": ""none"", ""balance"": ""stable"", ""free_hand"": ""both"", ""foot"": ""neutral"", ""bearing"": ""facing opponent""}, ""belief"": {""A"": ""unknown"", ""B"": ""unknown""}, ""target"": ""none"", ""phase_window"": ""neutral""}",교환의 전제 확인,중립도 선제 위협에 노출,"[""N27_S1""]",,,,
N27_S1,A: Pressure / ring cut · 압박·링 커팅,PRESS,POSITION,A,N27,"{""distance"": ""long"", ""stance"": ""OO"", ""foot_position"": ""neutral"", ""angle"": ""centerline aligned"", ""ring_position"": ""near ropes"", ""space"": {""A"": ""in front of B, inside ring"", ""B"": ""near ropes"", ""retreat_available"": ""limited B""}, ""A"": {""head"": ""center line"", ""weight"": ""neutral / variant dependent"", ""guard"": ""normal"", ""phase"": ""neutral"", ""arm"": ""home"", ""rotation"": ""none"", ""balance"": ""stable"", ""free_hand"": ""both"", ""foot"": ""neutral"", ""bearing"": ""facing opponent""}, ""B"": {""head"": ""center line"", ""weight"": ""neutral / variant dependent"", ""guard"": ""normal"", ""phase"": ""neutral"", ""arm"": ""home"", ""rotation"": ""none"", ""balance"": ""stable"", ""free_hand"": ""both"", ""foot"": ""neutral"", ""bearing"": ""facing opponent""}, ""belief"": {""A"": ""unknown"", ""B"": ""unknown""}, ""target"": ""none"", ""phase_window"": ""neutral""}","{""distance"": ""long"", ""stance"": ""OO"", ""foot_position"": ""neutral"", ""angle"": ""centerline aligned"", ""ring_position"": ""near ropes"", ""space"": {""A"": ""in front of B, inside ring"", ""B"": ""near ropes"", ""retreat_available"": ""limited B""}, ""A"": {""head"": ""center line"", ""weight"": ""neutral / variant dependent"", ""guard"": ""normal"", ""phase"": ""footwork"", ""arm"": ""home"", ""rotation"": ""none"", ""balance"": ""stable only after placement; transient step risk"", ""free_hand"": ""both"", ""foot"": ""neutral"", ""bearing"": ""facing opponent""}, ""B"": {""head"": ""center line"", ""weight"": ""neutral / variant dependent"", ""guard"": ""normal"", ""phase"": ""neutral"", ""arm"": ""home"", ""rotation"": ""none"", ""balance"": ""stable"", ""free_hand"": ""both"", ""foot"": ""neutral"", ""bearing"": ""facing opponent""}, ""belief"": {""A"": ""unknown"", ""B"": ""unknown""}, ""target"": ""none"", ""phase_window"": ""B는 near ropes; 뒤 공간이 아직 조금 남음""}",퇴로·시간을 줄임,직선 추격·스텝 중 인터셉트,"[""N27_S2"", ""N27_S9""]",상대 출구를 선점하며 가드 있는 진입,B는 near ropes; 뒤 공간이 아직 조금 남음,"[""S06""]",biomechanical inference
N27_S2,B: Step-back · 후퇴 스텝,BACK,POSITION,B,N27,"{""distance"": ""long"", ""stance"": ""OO"", ""foot_position"": ""neutral"", ""angle"": ""centerline aligned"", ""ring_position"": ""near ropes"", ""space"": {""A"": ""in front of B, inside ring"", ""B"": ""near ropes"", ""retreat_available"": ""limited B""}, ""A"": {""head"": ""center line"", ""weight"": ""neutral / variant dependent"", ""guard"": ""normal"", ""phase"": ""footwork"", ""arm"": ""home"", ""rotation"": ""none"", ""balance"": ""stable only after placement; transient step risk"", ""free_hand"": ""both"", ""foot"": ""neutral"", ""bearing"": ""facing opponent""}, ""B"": {""head"": ""center line"", ""weight"": ""neutral / variant dependent"", ""guard"": ""normal"", ""phase"": ""neutral"", ""arm"": ""home"", ""rotation"": ""none"", ""balance"": ""stable"", ""free_hand"": ""both"", ""foot"": ""neutral"", ""bearing"": ""facing opponent""}, ""belief"": {""A"": ""unknown"", ""B"": ""unknown""}, ""target"": ""none"", ""phase_window"": ""B는 near ropes; 뒤 공간이 아직 조금 남음""}","{""distance"": ""long"", ""stance"": ""OO"", ""foot_position"": ""neutral"", ""angle"": ""centerline aligned"", ""ring_position"": ""ropes"", ""space"": {""A"": ""in front of B, inside ring"", ""B"": ""ropes"", ""retreat_available"": ""limited B""}, ""A"": {""head"": ""center line"", ""weight"": ""neutral / variant dependent"", ""guard"": ""normal"", ""phase"": ""footwork"", ""arm"": ""home"", ""rotation"": ""none"", ""balance"": ""stable only after placement; transient step risk"", ""free_hand"": ""both"", ""foot"": ""neutral"", ""bearing"": ""facing opponent""}, ""B"": {""head"": ""center line"", ""weight"": ""neutral / variant dependent"", ""guard"": ""normal"", ""phase"": ""footwork"", ""arm"": ""home"", ""rotation"": ""none"", ""balance"": ""stable only after placement; transient step risk"", ""free_hand"": ""both"", ""foot"": ""neutral"", ""bearing"": ""facing opponent""}, ""belief"": {""A"": ""unknown"", ""B"": ""unknown""}, ""target"": ""none"", ""phase_window"": ""짧은 후퇴는 가능하지만 로프까지 퇴로를 소비""}",상대 펀치 사거리 밖으로,추격·로프·전진 반격에 새 스텝 필요,"[""N27_S3""]",두 발의 간격을 보존하며 뒤로 이동,짧은 후퇴는 가능하지만 로프까지 퇴로를 소비,"[""S01"", ""S06""]",biomechanical inference
N27_S3,A: Lead jab · 잽,JAB,OFFENSE,A,N27,"{""distance"": ""long"", ""stance"": ""OO"", ""foot_position"": ""neutral"", ""angle"": ""centerline aligned"", ""ring_position"": ""ropes"", ""space"": {""A"": ""in front of B, inside ring"", ""B"": ""ropes"", ""retreat_available"": ""limited B""}, ""A"": {""head"": ""center line"", ""weight"": ""neutral / variant dependent"", ""guard"": ""normal"", ""phase"": ""footwork"", ""arm"": ""home"", ""rotation"": ""none"", ""balance"": ""stable only after placement; transient step risk"", ""free_hand"": ""both"", ""foot"": ""neutral"", ""bearing"": ""facing opponent""}, ""B"": {""head"": ""center line"", ""weight"": ""neutral / variant dependent"", ""guard"": ""normal"", ""phase"": ""footwork"", ""arm"": ""home"", ""rotation"": ""none"", ""balance"": ""stable only after placement; transient step risk"", ""free_hand"": ""both"", ""foot"": ""neutral"", ""bearing"": ""facing opponent""}, ""belief"": {""A"": ""unknown"", ""B"": ""unknown""}, ""target"": ""none"", ""phase_window"": ""짧은 후퇴는 가능하지만 로프까지 퇴로를 소비""}","{""distance"": ""long"", ""stance"": ""OO"", ""foot_position"": ""neutral"", ""angle"": ""centerline aligned"", ""ring_position"": ""ropes"", ""space"": {""A"": ""in front of B, inside ring"", ""B"": ""ropes"", ""retreat_available"": ""limited B""}, ""A"": {""head"": ""center line"", ""weight"": ""neutral / variant dependent"", ""guard"": ""attacking arm displaced; other hand protection conditional"", ""phase"": ""extension"", ""arm"": ""lead/variant extended"", ""rotation"": ""none"", ""balance"": ""stable only after placement; transient step risk"", ""free_hand"": ""both"", ""foot"": ""neutral"", ""bearing"": ""facing opponent""}, ""B"": {""head"": ""center line"", ""weight"": ""neutral / variant dependent"", ""guard"": ""normal"", ""phase"": ""footwork"", ""arm"": ""home"", ""rotation"": ""none"", ""balance"": ""stable only after placement; transient step risk"", ""free_hand"": ""both"", ""foot"": ""neutral"", ""bearing"": ""facing opponent""}, ""belief"": {""A"": ""unknown"", ""B"": ""unknown""}, ""target"": ""head / combination variable"", ""phase_window"": ""B 뒤 퇴로가 닫힌 상태의 머리 위협""}",사거리·반응을 확인하고 시야를 가림,앞손 복귀 동안 같은 쪽 가드가 비며 단조로운 타이밍을 읽힐 수 있음,"[""N27_S4""]",앞손을 짧게 직선으로 보내고 복귀,B 뒤 퇴로가 닫힌 상태의 머리 위협,"[""S01"", ""S02""]",biomechanical inference
N27_S4,B: Catch · 캐치,CATCH,DEFENSE,B,N27,"{""distance"": ""long"", ""stance"": ""OO"", ""foot_position"": ""neutral"", ""angle"": ""centerline aligned"", ""ring_position"": ""ropes"", ""space"": {""A"": ""in front of B, inside ring"", ""B"": ""ropes"", ""retreat_available"": ""limited B""}, ""A"": {""head"": ""center line"", ""weight"": ""neutral / variant dependent"", ""guard"": ""attacking arm displaced; other hand protection conditional"", ""phase"": ""extension"", ""arm"": ""lead/variant extended"", ""rotation"": ""none"", ""balance"": ""stable only after placement; transient step risk"", ""free_hand"": ""both"", ""foot"": ""neutral"", ""bearing"": ""facing opponent""}, ""B"": {""head"": ""center line"", ""weight"": ""neutral / variant dependent"", ""guard"": ""normal"", ""phase"": ""footwork"", ""arm"": ""home"", ""rotation"": ""none"", ""balance"": ""stable only after placement; transient step risk"", ""free_hand"": ""both"", ""foot"": ""neutral"", ""bearing"": ""facing opponent""}, ""belief"": {""A"": ""unknown"", ""B"": ""unknown""}, ""target"": ""head / combination variable"", ""phase_window"": ""B 뒤 퇴로가 닫힌 상태의 머리 위협""}","{""distance"": ""long"", ""stance"": ""OO"", ""foot_position"": ""neutral"", ""angle"": ""centerline aligned"", ""ring_position"": ""ropes"", ""space"": {""A"": ""in front of B, inside ring"", ""B"": ""ropes"", ""retreat_available"": ""limited B""}, ""A"": {""head"": ""center line"", ""weight"": ""neutral / variant dependent"", ""guard"": ""attacking arm displaced; other hand protection conditional"", ""phase"": ""recovery"", ""arm"": ""lead/variant extended"", ""rotation"": ""none"", ""balance"": ""stable only after placement; transient step risk"", ""free_hand"": ""both"", ""foot"": ""neutral"", ""bearing"": ""facing opponent""}, ""B"": {""head"": ""center line"", ""weight"": ""neutral / variant dependent"", ""guard"": ""small catch; rest covered if recovered"", ""phase"": ""impact/cover"", ""arm"": ""home"", ""rotation"": ""none"", ""balance"": ""stable only after placement; transient step risk"", ""free_hand"": ""both"", ""foot"": ""neutral"", ""bearing"": ""facing opponent""}, ""belief"": {""A"": ""unknown"", ""B"": ""unknown""}, ""target"": ""head / combination variable"", ""phase_window"": ""뒤로 물러서지 않고 작은 글러브 방어""}",사거리 유지·반대 손 준비,큰 도달·글러브가 얼굴로 밀림·페인트 반응,"[""N27_S5""]",작은 글러브 면으로 직선을 받음,뒤로 물러서지 않고 작은 글러브 방어,"[""S02"", ""S11""]",biomechanical inference
N27_S5,B: Counter jab · 카운터 잽,CJ,COUNTER,B,N27,"{""distance"": ""long"", ""stance"": ""OO"", ""foot_position"": ""neutral"", ""angle"": ""centerline aligned"", ""ring_position"": ""ropes"", ""space"": {""A"": ""in front of B, inside ring"", ""B"": ""ropes"", ""retreat_available"": ""limited B""}, ""A"": {""head"": ""center line"", ""weight"": ""neutral / variant dependent"", ""guard"": ""attacking arm displaced; other hand protection conditional"", ""phase"": ""recovery"", ""arm"": ""lead/variant extended"", ""rotation"": ""none"", ""balance"": ""stable only after placement; transient step risk"", ""free_hand"": ""both"", ""foot"": ""neutral"", ""bearing"": ""facing opponent""}, ""B"": {""head"": ""center line"", ""weight"": ""neutral / variant dependent"", ""guard"": ""small catch; rest covered if recovered"", ""phase"": ""impact/cover"", ""arm"": ""home"", ""rotation"": ""none"", ""balance"": ""stable only after placement; transient step risk"", ""free_hand"": ""both"", ""foot"": ""neutral"", ""bearing"": ""facing opponent""}, ""belief"": {""A"": ""unknown"", ""B"": ""unknown""}, ""target"": ""head / combination variable"", ""phase_window"": ""뒤로 물러서지 않고 작은 글러브 방어""}","{""distance"": ""long"", ""stance"": ""OO"", ""foot_position"": ""neutral"", ""angle"": ""centerline aligned"", ""ring_position"": ""ropes"", ""space"": {""A"": ""in front of B, inside ring"", ""B"": ""ropes"", ""retreat_available"": ""limited B""}, ""A"": {""head"": ""center line"", ""weight"": ""neutral / variant dependent"", ""guard"": ""attacking arm displaced; other hand protection conditional"", ""phase"": ""recovery"", ""arm"": ""lead/variant extended"", ""rotation"": ""none"", ""balance"": ""stable only after placement; transient step risk"", ""free_hand"": ""both"", ""foot"": ""neutral"", ""bearing"": ""facing opponent""}, ""B"": {""head"": ""center line"", ""weight"": ""neutral / variant dependent"", ""guard"": ""attacking arm displaced; other hand protection conditional"", ""phase"": ""extension"", ""arm"": ""lead/variant extended"", ""rotation"": ""none"", ""balance"": ""stable only after placement; transient step risk"", ""free_hand"": ""both"", ""foot"": ""neutral"", ""bearing"": ""facing opponent""}, ""belief"": {""A"": ""unknown"", ""B"": ""unknown""}, ""target"": ""head / combination variable"", ""phase_window"": ""A 앞손 회수 창의 짧은 반격""}",작은 반격으로 주도권·거리 회복,상대의 두 번째 공격에 다시 읽힘,"[""N27_S6""]",방어 뒤 또는 상대 준비에 짧은 앞손 직선,A 앞손 회수 창의 짧은 반격,"[""S11"", ""S16""]",biomechanical inference
N27_S6,A: Small parry · 작은 패리,PARRY,DEFENSE,A,N27,"{""distance"": ""long"", ""stance"": ""OO"", ""foot_position"": ""neutral"", ""angle"": ""centerline aligned"", ""ring_position"": ""ropes"", ""space"": {""A"": ""in front of B, inside ring"", ""B"": ""ropes"", ""retreat_available"": ""limited B""}, ""A"": {""head"": ""center line"", ""weight"": ""neutral / variant dependent"", ""guard"": ""attacking arm displaced; other hand protection conditional"", ""phase"": ""recovery"", ""arm"": ""lead/variant extended"", ""rotation"": ""none"", ""balance"": ""stable only after placement; transient step risk"", ""free_hand"": ""both"", ""foot"": ""neutral"", ""bearing"": ""facing opponent""}, ""B"": {""head"": ""center line"", ""weight"": ""neutral / variant dependent"", ""guard"": ""attacking arm displaced; other hand protection conditional"", ""phase"": ""extension"", ""arm"": ""lead/variant extended"", ""rotation"": ""none"", ""balance"": ""stable only after placement; transient step risk"", ""free_hand"": ""both"", ""foot"": ""neutral"", ""bearing"": ""facing opponent""}, ""belief"": {""A"": ""unknown"", ""B"": ""unknown""}, ""target"": ""head / combination variable"", ""phase_window"": ""A 앞손 회수 창의 짧은 반격""}","{""distance"": ""long"", ""stance"": ""OO"", ""foot_position"": ""neutral"", ""angle"": ""centerline aligned"", ""ring_position"": ""ropes"", ""space"": {""A"": ""in front of B, inside ring"", ""B"": ""ropes"", ""retreat_available"": ""limited B""}, ""A"": {""head"": ""center line"", ""weight"": ""neutral / variant dependent"", ""guard"": ""small parry displacement"", ""phase"": ""impact/deflection"", ""arm"": ""parrying hand displaced"", ""rotation"": ""none"", ""balance"": ""stable only after placement; transient step risk"", ""free_hand"": ""other hand"", ""foot"": ""neutral"", ""bearing"": ""facing opponent""}, ""B"": {""head"": ""center line"", ""weight"": ""neutral / variant dependent"", ""guard"": ""attacking arm displaced; other hand protection conditional"", ""phase"": ""recovery"", ""arm"": ""lead/variant extended"", ""rotation"": ""none"", ""balance"": ""stable only after placement; transient step risk"", ""free_hand"": ""both"", ""foot"": ""neutral"", ""bearing"": ""facing opponent""}, ""belief"": {""A"": ""unknown"", ""B"": ""unknown""}, ""target"": ""head / combination variable"", ""phase_window"": ""실제 잽에 작은 방어""}",거리 유지·상대 공격선 이동,반복 타이밍과 복귀를 읽힐 수 있음; 자동 빈틈 아님,"[""N27_S7""]",글러브로 직선을 최소 이동만큼 비킴,실제 잽에 작은 방어,"[""S01"", ""S02"", ""S11"", ""S16""]",biomechanical inference
N27_S7,B: Exit angle · 각도 탈출,EXIT,POSITION,B,N27,"{""distance"": ""long"", ""stance"": ""OO"", ""foot_position"": ""neutral"", ""angle"": ""centerline aligned"", ""ring_position"": ""ropes"", ""space"": {""A"": ""in front of B, inside ring"", ""B"": ""ropes"", ""retreat_available"": ""limited B""}, ""A"": {""head"": ""center line"", ""weight"": ""neutral / variant dependent"", ""guard"": ""small parry displacement"", ""phase"": ""impact/deflection"", ""arm"": ""parrying hand displaced"", ""rotation"": ""none"", ""balance"": ""stable only after placement; transient step risk"", ""free_hand"": ""other hand"", ""foot"": ""neutral"", ""bearing"": ""facing opponent""}, ""B"": {""head"": ""center line"", ""weight"": ""neutral / variant dependent"", ""guard"": ""attacking arm displaced; other hand protection conditional"", ""phase"": ""recovery"", ""arm"": ""lead/variant extended"", ""rotation"": ""none"", ""balance"": ""stable only after placement; transient step risk"", ""free_hand"": ""both"", ""foot"": ""neutral"", ""bearing"": ""facing opponent""}, ""belief"": {""A"": ""unknown"", ""B"": ""unknown""}, ""target"": ""head / combination variable"", ""phase_window"": ""실제 잽에 작은 방어""}","{""distance"": ""long"", ""stance"": ""OO"", ""foot_position"": ""angle candidate"", ""angle"": ""off-line candidate; opponent may reorient"", ""ring_position"": ""center"", ""space"": {""A"": ""center"", ""B"": ""center"", ""retreat_available"": ""both""}, ""A"": {""head"": ""center line"", ""weight"": ""neutral / variant dependent"", ""guard"": ""small parry displacement"", ""phase"": ""impact/deflection"", ""arm"": ""parrying hand displaced"", ""rotation"": ""none"", ""balance"": ""stable only after placement; transient step risk"", ""free_hand"": ""other hand"", ""foot"": ""neutral"", ""bearing"": ""facing opponent""}, ""B"": {""head"": ""center line"", ""weight"": ""neutral / variant dependent"", ""guard"": ""attacking arm displaced; other hand protection conditional"", ""phase"": ""footwork"", ""arm"": ""home"", ""rotation"": ""none"", ""balance"": ""stable only after placement; transient step risk"", ""free_hand"": ""both"", ""foot"": ""neutral"", ""bearing"": ""reoriented toward opponent; conditional completion""}, ""belief"": {""A"": ""unknown"", ""B"": ""unknown""}, ""target"": ""head / combination variable"", ""phase_window"": ""A 패리 중 옆 출구·가드 복구 시간 확보""}",콤비네이션 직선 추격에서 벗어남,상대 훅·링 커팅·뒤돌기 금지,"[""N27_S8""]",방어·짧은 타격 뒤 옆 이동과 재지향,A 패리 중 옆 출구·가드 복구 시간 확보,"[""S06""]",biomechanical inference
N27_S8,A: Reset · 재정렬,RESET,POSITION,A,N27,"{""distance"": ""long"", ""stance"": ""OO"", ""foot_position"": ""angle candidate"", ""angle"": ""off-line candidate; opponent may reorient"", ""ring_position"": ""center"", ""space"": {""A"": ""center"", ""B"": ""center"", ""retreat_available"": ""both""}, ""A"": {""head"": ""center line"", ""weight"": ""neutral / variant dependent"", ""guard"": ""small parry displacement"", ""phase"": ""impact/deflection"", ""arm"": ""parrying hand displaced"", ""rotation"": ""none"", ""balance"": ""stable only after placement; transient step risk"", ""free_hand"": ""other hand"", ""foot"": ""neutral"", ""bearing"": ""facing opponent""}, ""B"": {""head"": ""center line"", ""weight"": ""neutral / variant dependent"", ""guard"": ""attacking arm displaced; other hand protection conditional"", ""phase"": ""footwork"", ""arm"": ""home"", ""rotation"": ""none"", ""balance"": ""stable only after placement; transient step risk"", ""free_hand"": ""both"", ""foot"": ""neutral"", ""bearing"": ""reoriented toward opponent; conditional completion""}, ""belief"": {""A"": ""unknown"", ""B"": ""unknown""}, ""target"": ""head / combination variable"", ""phase_window"": ""A 패리 중 옆 출구·가드 복구 시간 확보""}","{""distance"": ""long"", ""stance"": ""OO"", ""foot_position"": ""neutral"", ""angle"": ""centerline aligned"", ""ring_position"": ""center"", ""space"": {""A"": ""center"", ""B"": ""center"", ""retreat_available"": ""both""}, ""A"": {""head"": ""center line / guarded"", ""weight"": ""neutral / ready"", ""guard"": ""normal"", ""phase"": ""neutral"", ""arm"": ""home"", ""rotation"": ""none"", ""balance"": ""stable"", ""free_hand"": ""both"", ""foot"": ""neutral"", ""bearing"": ""facing opponent""}, ""B"": {""head"": ""center line / guarded"", ""weight"": ""neutral / ready"", ""guard"": ""normal"", ""phase"": ""neutral"", ""arm"": ""home"", ""rotation"": ""none"", ""balance"": ""stable"", ""free_hand"": ""both"", ""foot"": ""neutral"", ""bearing"": ""facing opponent""}, ""belief"": {""A"": ""unknown"", ""B"": ""unknown""}, ""target"": ""none"", ""phase_window"": ""B 탈출 뒤 서로 재지향""}",새 교환 준비,시간 비용; 상대가 계속 치면 완료 불가,"[""N27_S0""]",손·발·시선·상대 bearing을 다시 맞춤,B 탈출 뒤 서로 재지향,"[""S06""]",biomechanical inference
N27_S9,B: Lateral step · 옆 스텝,LAT,POSITION,B,N27,"{""distance"": ""long"", ""stance"": ""OO"", ""foot_position"": ""neutral"", ""angle"": ""centerline aligned"", ""ring_position"": ""near ropes"", ""space"": {""A"": ""in front of B, inside ring"", ""B"": ""near ropes"", ""retreat_available"": ""limited B""}, ""A"": {""head"": ""center line"", ""weight"": ""neutral / variant dependent"", ""guard"": ""normal"", ""phase"": ""footwork"", ""arm"": ""home"", ""rotation"": ""none"", ""balance"": ""stable only after placement; transient step risk"", ""free_hand"": ""both"", ""foot"": ""neutral"", ""bearing"": ""facing opponent""}, ""B"": {""head"": ""center line"", ""weight"": ""neutral / variant dependent"", ""guard"": ""normal"", ""phase"": ""neutral"", ""arm"": ""home"", ""rotation"": ""none"", ""balance"": ""stable"", ""free_hand"": ""both"", ""foot"": ""neutral"", ""bearing"": ""facing opponent""}, ""belief"": {""A"": ""unknown"", ""B"": ""unknown""}, ""target"": ""none"", ""phase_window"": ""B는 near ropes; 뒤 공간이 아직 조금 남음""}","{""distance"": ""long"", ""stance"": ""OO"", ""foot_position"": ""angle candidate"", ""angle"": ""off-line candidate; opponent may reorient"", ""ring_position"": ""near ropes"", ""space"": {""A"": ""in front of B, inside ring"", ""B"": ""near ropes"", ""retreat_available"": ""limited B""}, ""A"": {""head"": ""center line"", ""weight"": ""neutral / variant dependent"", ""guard"": ""normal"", ""phase"": ""footwork"", ""arm"": ""home"", ""rotation"": ""none"", ""balance"": ""stable only after placement; transient step risk"", ""free_hand"": ""both"", ""foot"": ""neutral"", ""bearing"": ""facing opponent""}, ""B"": {""head"": ""center line"", ""weight"": ""neutral / variant dependent"", ""guard"": ""normal"", ""phase"": ""footwork"", ""arm"": ""home"", ""rotation"": ""none"", ""balance"": ""stable only after placement; transient step risk"", ""free_hand"": ""both"", ""foot"": ""neutral"", ""bearing"": ""reoriented toward opponent; conditional completion""}, ""belief"": {""A"": ""unknown"", ""B"": ""unknown""}, ""target"": ""none"", ""phase_window"": ""로프 도착 전에 옆 출구 선택""}",직선 추격·퇴로를 옆으로 재설정,원형 훅·링 커팅·발 교차,"[""N27_S10""]",측면으로 발 간격을 유지해 이동,로프 도착 전에 옆 출구 선택,"[""S06""]",biomechanical inference
N27_S10,A: Lead hook · 앞손 훅,LH,OFFENSE,A,N27,"{""distance"": ""long"", ""stance"": ""OO"", ""foot_position"": ""angle candidate"", ""angle"": ""off-line candidate; opponent may reorient"", ""ring_position"": ""near ropes"", ""space"": {""A"": ""in front of B, inside ring"", ""B"": ""near ropes"", ""retreat_available"": ""limited B""}, ""A"": {""head"": ""center line"", ""weight"": ""neutral / variant dependent"", ""guard"": ""normal"", ""phase"": ""footwork"", ""arm"": ""home"", ""rotation"": ""none"", ""balance"": ""stable only after placement; transient step risk"", ""free_hand"": ""both"", ""foot"": ""neutral"", ""bearing"": ""facing opponent""}, ""B"": {""head"": ""center line"", ""weight"": ""neutral / variant dependent"", ""guard"": ""normal"", ""phase"": ""footwork"", ""arm"": ""home"", ""rotation"": ""none"", ""balance"": ""stable only after placement; transient step risk"", ""free_hand"": ""both"", ""foot"": ""neutral"", ""bearing"": ""reoriented toward opponent; conditional completion""}, ""belief"": {""A"": ""unknown"", ""B"": ""unknown""}, ""target"": ""none"", ""phase_window"": ""로프 도착 전에 옆 출구 선택""}","{""distance"": ""mid"", ""stance"": ""OO"", ""foot_position"": ""angle candidate"", ""angle"": ""off-line candidate; opponent may reorient"", ""ring_position"": ""near ropes"", ""space"": {""A"": ""in front of B, inside ring"", ""B"": ""near ropes"", ""retreat_available"": ""limited B""}, ""A"": {""head"": ""center line"", ""weight"": ""neutral / variant dependent"", ""guard"": ""attacking arm displaced; other hand protection conditional"", ""phase"": ""extension"", ""arm"": ""lead/variant extended"", ""rotation"": ""punch-specific rotation; magnitude variable"", ""balance"": ""stable only after placement; transient step risk"", ""free_hand"": ""both"", ""foot"": ""neutral"", ""bearing"": ""facing opponent""}, ""B"": {""head"": ""center line"", ""weight"": ""neutral / variant dependent"", ""guard"": ""normal"", ""phase"": ""footwork"", ""arm"": ""home"", ""rotation"": ""none"", ""balance"": ""stable only after placement; transient step risk"", ""free_hand"": ""both"", ""foot"": ""neutral"", ""bearing"": ""reoriented toward opponent; conditional completion""}, ""belief"": {""A"": ""unknown"", ""B"": ""unknown""}, ""target"": ""head / combination variable"", ""phase_window"": ""작은 진입으로 훅 사거리; B 출구 예상이 맞을 때""}",직선 밖 이동한 표적·측면 가드 공략,넓게 돌면 직선 인터셉트와 반대 훅에 노출,"[""N27_S11""]",앞손 곡선으로 옆 표적을 향하고 짧게 회수,작은 진입으로 훅 사거리; B 출구 예상이 맞을 때,"[""S03""]",biomechanical inference
N27_S11,B: Weave / roll · 위빙·롤,ROLL,DEFENSE,B,N27,"{""distance"": ""mid"", ""stance"": ""OO"", ""foot_position"": ""angle candidate"", ""angle"": ""off-line candidate; opponent may reorient"", ""ring_position"": ""near ropes"", ""space"": {""A"": ""in front of B, inside ring"", ""B"": ""near ropes"", ""retreat_available"": ""limited B""}, ""A"": {""head"": ""center line"", ""weight"": ""neutral / variant dependent"", ""guard"": ""attacking arm displaced; other hand protection conditional"", ""phase"": ""extension"", ""arm"": ""lead/variant extended"", ""rotation"": ""punch-specific rotation; magnitude variable"", ""balance"": ""stable only after placement; transient step risk"", ""free_hand"": ""both"", ""foot"": ""neutral"", ""bearing"": ""facing opponent""}, ""B"": {""head"": ""center line"", ""weight"": ""neutral / variant dependent"", ""guard"": ""normal"", ""phase"": ""footwork"", ""arm"": ""home"", ""rotation"": ""none"", ""balance"": ""stable only after placement; transient step risk"", ""free_hand"": ""both"", ""foot"": ""neutral"", ""bearing"": ""reoriented toward opponent; conditional completion""}, ""belief"": {""A"": ""unknown"", ""B"": ""unknown""}, ""target"": ""head / combination variable"", ""phase_window"": ""작은 진입으로 훅 사거리; B 출구 예상이 맞을 때""}","{""distance"": ""mid"", ""stance"": ""OO"", ""foot_position"": ""angle candidate"", ""angle"": ""off-line candidate; opponent may reorient"", ""ring_position"": ""near ropes"", ""space"": {""A"": ""in front of B, inside ring"", ""B"": ""near ropes"", ""retreat_available"": ""limited B""}, ""A"": {""head"": ""center line"", ""weight"": ""neutral / variant dependent"", ""guard"": ""attacking arm displaced; other hand protection conditional"", ""phase"": ""recovery"", ""arm"": ""lead/variant extended"", ""rotation"": ""punch-specific rotation; magnitude variable"", ""balance"": ""stable only after placement; transient step risk"", ""free_hand"": ""both"", ""foot"": ""neutral"", ""bearing"": ""facing opponent""}, ""B"": {""head"": ""low → lateral path"", ""weight"": ""exit leg dependent"", ""guard"": ""normal"", ""phase"": ""evasion"", ""arm"": ""home"", ""rotation"": ""roll exit-dependent"", ""balance"": ""stable only after placement; transient step risk"", ""free_hand"": ""both"", ""foot"": ""neutral"", ""bearing"": ""reoriented toward opponent; conditional completion""}, ""belief"": {""A"": ""unknown"", ""B"": ""unknown""}, ""target"": ""head / combination variable"", ""phase_window"": ""높은 훅 아래 옆 이동""}",높은 훅 아래를 지나 측면으로 나옴,반복 경로·허리 굽힘·다음 낮은 공격,"[""N27_S12""]",무릎·몸통으로 U형 또는 곡선 머리 이동,높은 훅 아래 옆 이동,"[""S01"", ""S08"", ""S09""]",biomechanical inference
N27_S12,B: Counter hook · 카운터 훅,CH,COUNTER,B,N27,"{""distance"": ""mid"", ""stance"": ""OO"", ""foot_position"": ""angle candidate"", ""angle"": ""off-line candidate; opponent may reorient"", ""ring_position"": ""near ropes"", ""space"": {""A"": ""in front of B, inside ring"", ""B"": ""near ropes"", ""retreat_available"": ""limited B""}, ""A"": {""head"": ""center line"", ""weight"": ""neutral / variant dependent"", ""guard"": ""attacking arm displaced; other hand protection conditional"", ""phase"": ""recovery"", ""arm"": ""lead/variant extended"", ""rotation"": ""punch-specific rotation; magnitude variable"", ""balance"": ""stable only after placement; transient step risk"", ""free_hand"": ""both"", ""foot"": ""neutral"", ""bearing"": ""facing opponent""}, ""B"": {""head"": ""low → lateral path"", ""weight"": ""exit leg dependent"", ""guard"": ""normal"", ""phase"": ""evasion"", ""arm"": ""home"", ""rotation"": ""roll exit-dependent"", ""balance"": ""stable only after placement; transient step risk"", ""free_hand"": ""both"", ""foot"": ""neutral"", ""bearing"": ""reoriented toward opponent; conditional completion""}, ""belief"": {""A"": ""unknown"", ""B"": ""unknown""}, ""target"": ""head / combination variable"", ""phase_window"": ""높은 훅 아래 옆 이동""}","{""distance"": ""mid"", ""stance"": ""OO"", ""foot_position"": ""angle candidate"", ""angle"": ""off-line candidate; opponent may reorient"", ""ring_position"": ""near ropes"", ""space"": {""A"": ""in front of B, inside ring"", ""B"": ""near ropes"", ""retreat_available"": ""limited B""}, ""A"": {""head"": ""center line"", ""weight"": ""neutral / variant dependent"", ""guard"": ""attacking arm displaced; other hand protection conditional"", ""phase"": ""recovery"", ""arm"": ""lead/variant extended"", ""rotation"": ""punch-specific rotation; magnitude variable"", ""balance"": ""stable only after placement; transient step risk"", ""free_hand"": ""both"", ""foot"": ""neutral"", ""bearing"": ""facing opponent""}, ""B"": {""head"": ""low → lateral path"", ""weight"": ""exit leg dependent"", ""guard"": ""attacking arm displaced; other hand protection conditional"", ""phase"": ""extension"", ""arm"": ""lead/variant extended"", ""rotation"": ""punch-specific rotation; magnitude variable"", ""balance"": ""stable only after placement; transient step risk"", ""free_hand"": ""both"", ""foot"": ""neutral"", ""bearing"": ""reoriented toward opponent; conditional completion""}, ""belief"": {""A"": ""unknown"", ""B"": ""unknown""}, ""target"": ""head / combination variable"", ""phase_window"": ""A 훅 회수 중 짧은 반격""}",직선 복귀·측면 노출 활용,"짧은 사거리, 반대 손 카운터","[""N27_S13""]",방어로 생긴 측면 표적을 짧게 공격,A 훅 회수 중 짧은 반격,"[""S03"", ""S16""]",biomechanical inference
N27_S13,A: Block · 블록,BLOCK,DEFENSE,A,N27,"{""distance"": ""mid"", ""stance"": ""OO"", ""foot_position"": ""angle candidate"", ""angle"": ""off-line candidate; opponent may reorient"", ""ring_position"": ""near ropes"", ""space"": {""A"": ""in front of B, inside ring"", ""B"": ""near ropes"", ""retreat_available"": ""limited B""}, ""A"": {""head"": ""center line"", ""weight"": ""neutral / variant dependent"", ""guard"": ""attacking arm displaced; other hand protection conditional"", ""phase"": ""recovery"", ""arm"": ""lead/variant extended"", ""rotation"": ""punch-specific rotation; magnitude variable"", ""balance"": ""stable only after placement; transient step risk"", ""free_hand"": ""both"", ""foot"": ""neutral"", ""bearing"": ""facing opponent""}, ""B"": {""head"": ""low → lateral path"", ""weight"": ""exit leg dependent"", ""guard"": ""attacking arm displaced; other hand protection conditional"", ""phase"": ""extension"", ""arm"": ""lead/variant extended"", ""rotation"": ""punch-specific rotation; magnitude variable"", ""balance"": ""stable only after placement; transient step risk"", ""free_hand"": ""both"", ""foot"": ""neutral"", ""bearing"": ""reoriented toward opponent; conditional completion""}, ""belief"": {""A"": ""unknown"", ""B"": ""unknown""}, ""target"": ""head / combination variable"", ""phase_window"": ""A 훅 회수 중 짧은 반격""}","{""distance"": ""mid"", ""stance"": ""OO"", ""foot_position"": ""angle candidate"", ""angle"": ""off-line candidate; opponent may reorient"", ""ring_position"": ""near ropes"", ""space"": {""A"": ""in front of B, inside ring"", ""B"": ""near ropes"", ""retreat_available"": ""limited B""}, ""A"": {""head"": ""center line"", ""weight"": ""neutral / variant dependent"", ""guard"": ""target-specific block"", ""phase"": ""impact/cover"", ""arm"": ""home"", ""rotation"": ""punch-specific rotation; magnitude variable"", ""balance"": ""stable only after placement; transient step risk"", ""free_hand"": ""both"", ""foot"": ""neutral"", ""bearing"": ""facing opponent""}, ""B"": {""head"": ""low → lateral path"", ""weight"": ""exit leg dependent"", ""guard"": ""attacking arm displaced; other hand protection conditional"", ""phase"": ""recovery"", ""arm"": ""lead/variant extended"", ""rotation"": ""punch-specific rotation; magnitude variable"", ""balance"": ""stable only after placement; transient step risk"", ""free_hand"": ""both"", ""foot"": ""neutral"", ""bearing"": ""reoriented toward opponent; conditional completion""}, ""belief"": {""A"": ""unknown"", ""B"": ""unknown""}, ""target"": ""head / combination variable"", ""phase_window"": ""측면 가드 회수""}",머리·보디 맞교환을 제한,충격·다른 표적 열림·고정 방어 읽힘,"[""N27_S14""]",팔·글러브로 예상 공격 통로를 닫음,측면 가드 회수,"[""S01"", ""S02""]",biomechanical inference
N27_S14,B: Exit angle · 각도 탈출,EXIT,POSITION,B,N27,"{""distance"": ""mid"", ""stance"": ""OO"", ""foot_position"": ""angle candidate"", ""angle"": ""off-line candidate; opponent may reorient"", ""ring_position"": ""near ropes"", ""space"": {""A"": ""in front of B, inside ring"", ""B"": ""near ropes"", ""retreat_available"": ""limited B""}, ""A"": {""head"": ""center line"", ""weight"": ""neutral / variant dependent"", ""guard"": ""target-specific block"", ""phase"": ""impact/cover"", ""arm"": ""home"", ""rotation"": ""punch-specific rotation; magnitude variable"", ""balance"": ""stable only after placement; transient step risk"", ""free_hand"": ""both"", ""foot"": ""neutral"", ""bearing"": ""facing opponent""}, ""B"": {""head"": ""low → lateral path"", ""weight"": ""exit leg dependent"", ""guard"": ""attacking arm displaced; other hand protection conditional"", ""phase"": ""recovery"", ""arm"": ""lead/variant extended"", ""rotation"": ""punch-specific rotation; magnitude variable"", ""balance"": ""stable only after placement; transient step risk"", ""free_hand"": ""both"", ""foot"": ""neutral"", ""bearing"": ""reoriented toward opponent; conditional completion""}, ""belief"": {""A"": ""unknown"", ""B"": ""unknown""}, ""target"": ""head / combination variable"", ""phase_window"": ""측면 가드 회수""}","{""distance"": ""mid"", ""stance"": ""OO"", ""foot_position"": ""angle candidate"", ""angle"": ""off-line candidate; opponent may reorient"", ""ring_position"": ""center"", ""space"": {""A"": ""center"", ""B"": ""center"", ""retreat_available"": ""both""}, ""A"": {""head"": ""center line"", ""weight"": ""neutral / variant dependent"", ""guard"": ""target-specific block"", ""phase"": ""impact/cover"", ""arm"": ""home"", ""rotation"": ""punch-specific rotation; magnitude variable"", ""balance"": ""stable only after placement; transient step risk"", ""free_hand"": ""both"", ""foot"": ""neutral"", ""bearing"": ""facing opponent""}, ""B"": {""head"": ""low → lateral path"", ""weight"": ""exit leg dependent"", ""guard"": ""attacking arm displaced; other hand protection conditional"", ""phase"": ""footwork"", ""arm"": ""home"", ""rotation"": ""punch-specific rotation; magnitude variable"", ""balance"": ""stable only after placement; transient step risk"", ""free_hand"": ""both"", ""foot"": ""neutral"", ""bearing"": ""reoriented toward opponent; conditional completion""}, ""belief"": {""A"": ""unknown"", ""B"": ""unknown""}, ""target"": ""head / combination variable"", ""phase_window"": ""남은 빈 출구로 중앙 복귀""}",콤비네이션 직선 추격에서 벗어남,상대 훅·링 커팅·뒤돌기 금지,"[""N27_S15""]",방어·짧은 타격 뒤 옆 이동과 재지향,남은 빈 출구로 중앙 복귀,"[""S06""]",biomechanical inference
N27_S15,A: Reset · 재정렬,RESET,POSITION,A,N27,"{""distance"": ""mid"", ""stance"": ""OO"", ""foot_position"": ""angle candidate"", ""angle"": ""off-line candidate; opponent may reorient"", ""ring_position"": ""center"", ""space"": {""A"": ""center"", ""B"": ""center"", ""retreat_available"": ""both""}, ""A"": {""head"": ""center line"", ""weight"": ""neutral / variant dependent"", ""guard"": ""target-specific block"", ""phase"": ""impact/cover"", ""arm"": ""home"", ""rotation"": ""punch-specific rotation; magnitude variable"", ""balance"": ""stable only after placement; transient step risk"", ""free_hand"": ""both"", ""foot"": ""neutral"", ""bearing"": ""facing opponent""}, ""B"": {""head"": ""low → lateral path"", ""weight"": ""exit leg dependent"", ""guard"": ""attacking arm displaced; other hand protection conditional"", ""phase"": ""footwork"", ""arm"": ""home"", ""rotation"": ""punch-specific rotation; magnitude variable"", ""balance"": ""stable only after placement; transient step risk"", ""free_hand"": ""both"", ""foot"": ""neutral"", ""bearing"": ""reoriented toward opponent; conditional completion""}, ""belief"": {""A"": ""unknown"", ""B"": ""unknown""}, ""target"": ""head / combination variable"", ""phase_window"": ""남은 빈 출구로 중앙 복귀""}","{""distance"": ""mid"", ""stance"": ""OO"", ""foot_position"": ""neutral"", ""angle"": ""centerline aligned"", ""ring_position"": ""center"", ""space"": {""A"": ""center"", ""B"": ""center"", ""retreat_available"": ""both""}, ""A"": {""head"": ""center line / guarded"", ""weight"": ""neutral / ready"", ""guard"": ""normal"", ""phase"": ""neutral"", ""arm"": ""home"", ""rotation"": ""none"", ""balance"": ""stable"", ""free_hand"": ""both"", ""foot"": ""neutral"", ""bearing"": ""facing opponent""}, ""B"": {""head"": ""center line / guarded"", ""weight"": ""neutral / ready"", ""guard"": ""normal"", ""phase"": ""neutral"", ""arm"": ""home"", ""rotation"": ""none"", ""balance"": ""stable"", ""free_hand"": ""both"", ""foot"": ""neutral"", ""bearing"": ""facing opponent""}, ""belief"": {""A"": ""unknown"", ""B"": ""unknown""}, ""target"": ""none"", ""phase_window"": ""상대와 재정렬""}",새 교환 준비,시간 비용; 상대가 계속 치면 완료 불가,"[""N27_S0""]",손·발·시선·상대 bearing을 다시 맞춤,상대와 재정렬,"[""S06""]",biomechanical inference
